A,C,D,E,F,G,H,I,K,L,M,N,P,Q,R,S,T,V,W,Y,Seq_Length
0.02727272727272727,0.06363636363636363,0.02727272727272727,0.1,0.07272727272727272,0.03636363636363636,0.05454545454545454,0.00909090909090909,0.03636363636363636,0.045454545454545456,0.03636363636363636,0.06363636363636363,0.08181818181818182,0.02727272727272727,0.07272727272727272,0.02727272727272727,0.03636363636363636,0.10909090909090909,0.03636363636363636,0.03636363636363636,110
0.046153846153846156,0.046153846153846156,0.038461538461538464,0.06153846153846154,0.046153846153846156,0.06153846153846154,0.038461538461538464,0.07692307692307693,0.015384615384615385,0.06923076923076923,0.046153846153846156,0.038461538461538464,0.06153846153846154,0.05384615384615385,0.038461538461538464,0.06153846153846154,0.05384615384615385,0.03076923076923077,0.06923076923076923,0.046153846153846156,130
0.034013605442176874,0.07482993197278912,0.05442176870748299,0.02040816326530612,0.02040816326530612,0.034013605442176874,0.07482993197278912,0.04081632653061224,0.047619047619047616,0.05442176870748299,0.07482993197278912,0.04081632653061224,0.061224489795918366,0.047619047619047616,0.034013605442176874,0.027210884353741496,0.061224489795918366,0.047619047619047616,0.07482993197278912,0.07482993197278912,147
0.02027027027027027,0.02702702702702703,0.04054054054054054,0.06756756756756757,0.0472972972972973,0.07432432432432433,0.0472972972972973,0.05405405405405406,0.013513513513513514,0.02702702702702703,0.06756756756756757,0.060810810810810814,0.07432432432432433,0.08108108108108109,0.0945945945945946,0.013513513513513514,0.04054054054054054,0.06756756756756757,0.02702702702702703,0.05405405405405406,148
0.034782608695652174,0.008695652173913044,0.017391304347826087,0.06086956521739131,0.0782608695652174,0.06956521739130435,0.06086956521739131,0.043478260869565216,0.043478260869565216,0.043478260869565216,0.034782608695652174,0.05217391304347826,0.02608695652173913,0.06086956521739131,0.043478260869565216,0.06956521739130435,0.06086956521739131,0.06086956521739131,0.06956521739130435,0.06086956521739131,115
0.040268456375838924,0.053691275167785234,0.06711409395973154,0.0738255033557047,0.04697986577181208,0.053691275167785234,0.03355704697986577,0.03355704697986577,0.040268456375838924,0.03355704697986577,0.040268456375838924,0.053691275167785234,0.06711409395973154,0.04697986577181208,0.06711409395973154,0.06040268456375839,0.040268456375838924,0.04697986577181208,0.0738255033557047,0.026845637583892617,149
0.05517241379310345,0.034482758620689655,0.06206896551724138,0.07586206896551724,0.04827586206896552,0.041379310344827586,0.041379310344827586,0.027586206896551724,0.034482758620689655,0.04827586206896552,0.041379310344827586,0.034482758620689655,0.04827586206896552,0.041379310344827586,0.027586206896551724,0.07586206896551724,0.07586206896551724,0.06896551724137931,0.041379310344827586,0.07586206896551724,145
0.056818181818181816,0.06818181818181818,0.022727272727272728,0.056818181818181816,0.03409090909090909,0.045454545454545456,0.045454545454545456,0.06818181818181818,0.09090909090909091,0.022727272727272728,0.045454545454545456,0.03409090909090909,0.09090909090909091,0.056818181818181816,0.011363636363636364,0.056818181818181816,0.056818181818181816,0.10227272727272728,0.011363636363636364,0.022727272727272728,88
0.031914893617021274,0.0425531914893617,0.0425531914893617,0.0425531914893617,0.0425531914893617,0.07446808510638298,0.06382978723404255,0.031914893617021274,0.031914893617021274,0.07446808510638298,0.06382978723404255,0.0425531914893617,0.06382978723404255,0.05319148936170213,0.06382978723404255,0.0425531914893617,0.0425531914893617,0.0425531914893617,0.05319148936170213,0.05319148936170213,94
0.06569343065693431,0.06569343065693431,0.051094890510948905,0.021897810218978103,0.043795620437956206,0.021897810218978103,0.043795620437956206,0.029197080291970802,0.06569343065693431,0.043795620437956206,0.0364963503649635,0.051094890510948905,0.043795620437956206,0.058394160583941604,0.058394160583941604,0.0364963503649635,0.051094890510948905,0.051094890510948905,0.072992700729927,0.08759124087591241,137
0.025423728813559324,0.059322033898305086,0.025423728813559324,0.05084745762711865,0.03389830508474576,0.0423728813559322,0.025423728813559324,0.0423728813559322,0.059322033898305086,0.0847457627118644,0.05084745762711865,0.0423728813559322,0.06779661016949153,0.05084745762711865,0.03389830508474576,0.05084745762711865,0.059322033898305086,0.0423728813559322,0.07627118644067797,0.07627118644067797,118
0.04838709677419355,0.04838709677419355,0.04032258064516129,0.04032258064516129,0.03225806451612903,0.04032258064516129,0.07258064516129033,0.04838709677419355,0.06451612903225806,0.06451612903225806,0.04032258064516129,0.04032258064516129,0.08064516129032258,0.04838709677419355,0.04032258064516129,0.03225806451612903,0.024193548387096774,0.056451612903225805,0.10483870967741936,0.03225806451612903,124
0.047619047619047616,0.009523809523809525,0.047619047619047616,0.02857142857142857,0.0761904761904762,0.047619047619047616,0.02857142857142857,0.05714285714285714,0.05714285714285714,0.08571428571428572,0.047619047619047616,0.0380952380952381,0.0761904761904762,0.06666666666666667,0.047619047619047616,0.02857142857142857,0.05714285714285714,0.06666666666666667,0.02857142857142857,0.05714285714285714,105
0.021739130434782608,0.021739130434782608,0.07608695652173914,0.043478260869565216,0.043478260869565216,0.05434782608695652,0.043478260869565216,0.043478260869565216,0.043478260869565216,0.05434782608695652,0.03260869565217391,0.06521739130434782,0.06521739130434782,0.08695652173913043,0.021739130434782608,0.11956521739130435,0.010869565217391304,0.08695652173913043,0.03260869565217391,0.03260869565217391,92
0.06060606060606061,0.050505050505050504,0.04040404040404041,0.050505050505050504,0.06060606060606061,0.050505050505050504,0.04040404040404041,0.050505050505050504,0.010101010101010102,0.10101010101010101,0.0707070707070707,0.050505050505050504,0.0707070707070707,0.030303030303030304,0.020202020202020204,0.04040404040404041,0.050505050505050504,0.04040404040404041,0.04040404040404041,0.0707070707070707,99
0.044642857142857144,0.044642857142857144,0.05357142857142857,0.0625,0.05357142857142857,0.10714285714285714,0.026785714285714284,0.0625,0.03571428571428571,0.03571428571428571,0.026785714285714284,0.08035714285714286,0.03571428571428571,0.05357142857142857,0.0625,0.05357142857142857,0.03571428571428571,0.044642857142857144,0.03571428571428571,0.044642857142857144,112
0.07476635514018691,0.056074766355140186,0.056074766355140186,0.037383177570093455,0.056074766355140186,0.102803738317757,0.04672897196261682,0.056074766355140186,0.056074766355140186,0.037383177570093455,0.056074766355140186,0.056074766355140186,0.037383177570093455,0.028037383177570093,0.037383177570093455,0.028037383177570093,0.028037383177570093,0.056074766355140186,0.04672897196261682,0.04672897196261682,107
0.054945054945054944,0.04395604395604396,0.02197802197802198,0.04395604395604396,0.02197802197802198,0.054945054945054944,0.03296703296703297,0.02197802197802198,0.04395604395604396,0.06593406593406594,0.07692307692307693,0.06593406593406594,0.04395604395604396,0.07692307692307693,0.07692307692307693,0.054945054945054944,0.02197802197802198,0.03296703296703297,0.08791208791208792,0.054945054945054944,91
0.05154639175257732,0.041237113402061855,0.09278350515463918,0.041237113402061855,0.061855670103092786,0.061855670103092786,0.08247422680412371,0.05154639175257732,0.041237113402061855,0.09278350515463918,0.030927835051546393,0.030927835051546393,0.05154639175257732,0.05154639175257732,0.020618556701030927,0.020618556701030927,0.041237113402061855,0.05154639175257732,0.030927835051546393,0.05154639175257732,97
0.01652892561983471,0.049586776859504134,0.05785123966942149,0.04132231404958678,0.05785123966942149,0.06611570247933884,0.05785123966942149,0.04132231404958678,0.024793388429752067,0.03305785123966942,0.049586776859504134,0.04132231404958678,0.04132231404958678,0.06611570247933884,0.03305785123966942,0.03305785123966942,0.049586776859504134,0.09090909090909091,0.0743801652892562,0.0743801652892562,121
0.04504504504504504,0.036036036036036036,0.036036036036036036,0.09009009009009009,0.08108108108108109,0.036036036036036036,0.018018018018018018,0.02702702702702703,0.02702702702702703,0.04504504504504504,0.06306306306306306,0.09009009009009009,0.04504504504504504,0.04504504504504504,0.09009009009009009,0.04504504504504504,0.04504504504504504,0.05405405405405406,0.04504504504504504,0.036036036036036036,111
0.008403361344537815,0.01680672268907563,0.06722689075630252,0.01680672268907563,0.07563025210084033,0.03361344537815126,0.06722689075630252,0.03361344537815126,0.13445378151260504,0.058823529411764705,0.05042016806722689,0.05042016806722689,0.03361344537815126,0.025210084033613446,0.06722689075630252,0.08403361344537816,0.03361344537815126,0.058823529411764705,0.04201680672268908,0.04201680672268908,119
0.05217391304347826,0.034782608695652174,0.043478260869565216,0.06956521739130435,0.05217391304347826,0.017391304347826087,0.008695652173913044,0.034782608695652174,0.06956521739130435,0.02608695652173913,0.06956521739130435,0.05217391304347826,0.05217391304347826,0.08695652173913043,0.06086956521739131,0.09565217391304348,0.05217391304347826,0.05217391304347826,0.034782608695652174,0.034782608695652174,115
0.007462686567164179,0.029850746268656716,0.029850746268656716,0.03731343283582089,0.11940298507462686,0.007462686567164179,0.04477611940298507,0.06716417910447761,0.03731343283582089,0.05970149253731343,0.022388059701492536,0.03731343283582089,0.03731343283582089,0.09701492537313433,0.04477611940298507,0.04477611940298507,0.05970149253731343,0.06716417910447761,0.07462686567164178,0.07462686567164178,134
0.06338028169014084,0.056338028169014086,0.04225352112676056,0.056338028169014086,0.056338028169014086,0.04929577464788732,0.035211267605633804,0.04225352112676056,0.04929577464788732,0.04929577464788732,0.07042253521126761,0.04929577464788732,0.04225352112676056,0.056338028169014086,0.02112676056338028,0.04929577464788732,0.04929577464788732,0.04225352112676056,0.04929577464788732,0.07042253521126761,142
0.03571428571428571,0.03571428571428571,0.05357142857142857,0.05357142857142857,0.044642857142857144,0.044642857142857144,0.05357142857142857,0.0625,0.0625,0.05357142857142857,0.03571428571428571,0.0625,0.05357142857142857,0.008928571428571428,0.05357142857142857,0.08035714285714286,0.09821428571428571,0.026785714285714284,0.03571428571428571,0.044642857142857144,112
0.0703125,0.0390625,0.046875,0.0390625,0.0546875,0.0546875,0.0546875,0.0390625,0.046875,0.0234375,0.0234375,0.0625,0.0859375,0.0625,0.046875,0.0546875,0.0390625,0.0390625,0.0546875,0.0625,128
0.04716981132075472,0.08490566037735849,0.05660377358490566,0.04716981132075472,0.02830188679245283,0.04716981132075472,0.03773584905660377,0.05660377358490566,0.03773584905660377,0.04716981132075472,0.03773584905660377,0.04716981132075472,0.04716981132075472,0.02830188679245283,0.0660377358490566,0.07547169811320754,0.04716981132075472,0.03773584905660377,0.03773584905660377,0.08490566037735849,106
0.0449438202247191,0.056179775280898875,0.056179775280898875,0.033707865168539325,0.0449438202247191,0.0449438202247191,0.0449438202247191,0.0449438202247191,0.10112359550561797,0.033707865168539325,0.033707865168539325,0.07865168539325842,0.02247191011235955,0.0898876404494382,0.02247191011235955,0.07865168539325842,0.011235955056179775,0.011235955056179775,0.056179775280898875,0.0898876404494382,89
0.021897810218978103,0.051094890510948905,0.029197080291970802,0.043795620437956206,0.0364963503649635,0.051094890510948905,0.072992700729927,0.0364963503649635,0.051094890510948905,0.072992700729927,0.058394160583941604,0.08029197080291971,0.058394160583941604,0.043795620437956206,0.051094890510948905,0.021897810218978103,0.0364963503649635,0.08759124087591241,0.043795620437956206,0.051094890510948905,137
0.02040816326530612,0.030612244897959183,0.04081632653061224,0.030612244897959183,0.09183673469387756,0.030612244897959183,0.07142857142857142,0.01020408163265306,0.061224489795918366,0.05102040816326531,0.05102040816326531,0.04081632653061224,0.061224489795918366,0.09183673469387756,0.04081632653061224,0.061224489795918366,0.07142857142857142,0.01020408163265306,0.11224489795918367,0.02040816326530612,98
0.04,0.04,0.024,0.056,0.048,0.064,0.056,0.08,0.064,0.048,0.056,0.016,0.056,0.04,0.08,0.04,0.056,0.064,0.024,0.048,125
0.03418803418803419,0.02564102564102564,0.08547008547008547,0.05982905982905983,0.0,0.02564102564102564,0.06837606837606838,0.05128205128205128,0.03418803418803419,0.06837606837606838,0.05128205128205128,0.042735042735042736,0.05982905982905983,0.03418803418803419,0.07692307692307693,0.08547008547008547,0.05128205128205128,0.05128205128205128,0.042735042735042736,0.05128205128205128,117
0.04716981132075472,0.04716981132075472,0.03773584905660377,0.08490566037735849,0.05660377358490566,0.0660377358490566,0.04716981132075472,0.04716981132075472,0.02830188679245283,0.02830188679245283,0.03773584905660377,0.0660377358490566,0.04716981132075472,0.0660377358490566,0.07547169811320754,0.02830188679245283,0.04716981132075472,0.04716981132075472,0.05660377358490566,0.03773584905660377,106
0.044444444444444446,0.05185185185185185,0.05925925925925926,0.05185185185185185,0.044444444444444446,0.06666666666666667,0.05925925925925926,0.044444444444444446,0.044444444444444446,0.07407407407407407,0.044444444444444446,0.05925925925925926,0.05185185185185185,0.022222222222222223,0.05925925925925926,0.05925925925925926,0.037037037037037035,0.037037037037037035,0.05185185185185185,0.037037037037037035,135
0.04310344827586207,0.034482758620689655,0.017241379310344827,0.04310344827586207,0.06896551724137931,0.05172413793103448,0.05172413793103448,0.04310344827586207,0.06896551724137931,0.04310344827586207,0.0603448275862069,0.02586206896551724,0.04310344827586207,0.034482758620689655,0.034482758620689655,0.07758620689655173,0.08620689655172414,0.06896551724137931,0.04310344827586207,0.0603448275862069,116
0.041379310344827586,0.06206896551724138,0.041379310344827586,0.027586206896551724,0.04827586206896552,0.06206896551724138,0.05517241379310345,0.020689655172413793,0.06896551724137931,0.09655172413793103,0.06206896551724138,0.013793103448275862,0.034482758620689655,0.05517241379310345,0.041379310344827586,0.05517241379310345,0.041379310344827586,0.07586206896551724,0.04827586206896552,0.04827586206896552,145
0.022900763358778626,0.07633587786259542,0.030534351145038167,0.03816793893129771,0.05343511450381679,0.06870229007633588,0.04580152671755725,0.07633587786259542,0.05343511450381679,0.05343511450381679,0.06870229007633588,0.08396946564885496,0.061068702290076333,0.03816793893129771,0.061068702290076333,0.05343511450381679,0.04580152671755725,0.030534351145038167,0.015267175572519083,0.022900763358778626,131
0.045112781954887216,0.03759398496240601,0.03759398496240601,0.03007518796992481,0.06766917293233082,0.03759398496240601,0.05263157894736842,0.06015037593984962,0.08270676691729323,0.022556390977443608,0.06766917293233082,0.03759398496240601,0.05263157894736842,0.06766917293233082,0.06015037593984962,0.07518796992481203,0.03759398496240601,0.022556390977443608,0.05263157894736842,0.05263157894736842,133
0.06923076923076923,0.06153846153846154,0.05384615384615385,0.05384615384615385,0.03076923076923077,0.038461538461538464,0.06923076923076923,0.06153846153846154,0.03076923076923077,0.015384615384615385,0.06923076923076923,0.046153846153846156,0.07692307692307693,0.09230769230769231,0.03076923076923077,0.06923076923076923,0.038461538461538464,0.038461538461538464,0.023076923076923078,0.03076923076923077,130
0.029411764705882353,0.049019607843137254,0.058823529411764705,0.049019607843137254,0.029411764705882353,0.0392156862745098,0.0784313725490196,0.0392156862745098,0.0392156862745098,0.0784313725490196,0.06862745098039216,0.0392156862745098,0.08823529411764706,0.0784313725490196,0.049019607843137254,0.029411764705882353,0.029411764705882353,0.029411764705882353,0.0392156862745098,0.058823529411764705,102
0.03787878787878788,0.045454545454545456,0.030303030303030304,0.06818181818181818,0.045454545454545456,0.030303030303030304,0.09090909090909091,0.045454545454545456,0.015151515151515152,0.03787878787878788,0.022727272727272728,0.045454545454545456,0.06060606060606061,0.06060606060606061,0.05303030303030303,0.09090909090909091,0.06060606060606061,0.08333333333333333,0.03787878787878788,0.03787878787878788,132
0.07751937984496124,0.06976744186046512,0.06201550387596899,0.03875968992248062,0.06976744186046512,0.03875968992248062,0.07751937984496124,0.031007751937984496,0.046511627906976744,0.06976744186046512,0.06201550387596899,0.03875968992248062,0.06201550387596899,0.046511627906976744,0.031007751937984496,0.046511627906976744,0.03875968992248062,0.007751937984496124,0.05426356589147287,0.031007751937984496,129
0.025,0.03333333333333333,0.06666666666666667,0.025,0.09166666666666666,0.041666666666666664,0.05,0.05,0.016666666666666666,0.075,0.025,0.041666666666666664,0.025,0.075,0.06666666666666667,0.06666666666666667,0.058333333333333334,0.05,0.06666666666666667,0.05,120
0.03278688524590164,0.08196721311475409,0.05737704918032787,0.040983606557377046,0.08196721311475409,0.040983606557377046,0.00819672131147541,0.040983606557377046,0.040983606557377046,0.04918032786885246,0.040983606557377046,0.10655737704918032,0.040983606557377046,0.00819672131147541,0.04918032786885246,0.04918032786885246,0.02459016393442623,0.07377049180327869,0.08196721311475409,0.04918032786885246,122
0.06923076923076923,0.05384615384615385,0.09230769230769231,0.06923076923076923,0.023076923076923078,0.046153846153846156,0.046153846153846156,0.05384615384615385,0.046153846153846156,0.06923076923076923,0.03076923076923077,0.06153846153846154,0.046153846153846156,0.06923076923076923,0.038461538461538464,0.023076923076923078,0.05384615384615385,0.03076923076923077,0.023076923076923078,0.05384615384615385,130
0.07462686567164178,0.05223880597014925,0.029850746268656716,0.04477611940298507,0.07462686567164178,0.029850746268656716,0.05970149253731343,0.029850746268656716,0.029850746268656716,0.03731343283582089,0.05223880597014925,0.07462686567164178,0.03731343283582089,0.04477611940298507,0.022388059701492536,0.05223880597014925,0.03731343283582089,0.08208955223880597,0.09701492537313433,0.03731343283582089,134
0.04032258064516129,0.04032258064516129,0.04838709677419355,0.07258064516129033,0.04838709677419355,0.04838709677419355,0.10483870967741936,0.06451612903225806,0.056451612903225805,0.056451612903225805,0.04838709677419355,0.03225806451612903,0.03225806451612903,0.06451612903225806,0.03225806451612903,0.008064516129032258,0.04838709677419355,0.056451612903225805,0.04838709677419355,0.04838709677419355,124
0.0847457627118644,0.00847457627118644,0.0423728813559322,0.05084745762711865,0.05084745762711865,0.05084745762711865,0.01694915254237288,0.05084745762711865,0.0423728813559322,0.0423728813559322,0.09322033898305085,0.01694915254237288,0.05084745762711865,0.06779661016949153,0.05084745762711865,0.06779661016949153,0.07627118644067797,0.059322033898305086,0.025423728813559324,0.05084745762711865,118
0.06504065040650407,0.04878048780487805,0.032520325203252036,0.06504065040650407,0.056910569105691054,0.016260162601626018,0.06504065040650407,0.056910569105691054,0.032520325203252036,0.04878048780487805,0.07317073170731707,0.04065040650406504,0.032520325203252036,0.04878048780487805,0.08943089430894309,0.04878048780487805,0.056910569105691054,0.06504065040650407,0.032520325203252036,0.024390243902439025,123
0.05504587155963303,0.045871559633027525,0.06422018348623854,0.05504587155963303,0.0,0.045871559633027525,0.06422018348623854,0.027522935779816515,0.08256880733944955,0.03669724770642202,0.045871559633027525,0.07339449541284404,0.10091743119266056,0.05504587155963303,0.045871559633027525,0.045871559633027525,0.05504587155963303,0.045871559633027525,0.009174311926605505,0.045871559633027525,109
0.06363636363636363,0.09090909090909091,0.06363636363636363,0.03636363636363636,0.06363636363636363,0.045454545454545456,0.045454545454545456,0.06363636363636363,0.045454545454545456,0.03636363636363636,0.03636363636363636,0.02727272727272727,0.00909090909090909,0.03636363636363636,0.045454545454545456,0.045454545454545456,0.1,0.06363636363636363,0.02727272727272727,0.05454545454545454,110
0.057692307692307696,0.04807692307692308,0.019230769230769232,0.009615384615384616,0.0673076923076923,0.09615384615384616,0.028846153846153848,0.04807692307692308,0.04807692307692308,0.019230769230769232,0.019230769230769232,0.038461538461538464,0.07692307692307693,0.028846153846153848,0.04807692307692308,0.08653846153846154,0.07692307692307693,0.09615384615384616,0.038461538461538464,0.04807692307692308,104
0.047619047619047616,0.06349206349206349,0.03968253968253968,0.03968253968253968,0.031746031746031744,0.07142857142857142,0.047619047619047616,0.07936507936507936,0.07142857142857142,0.023809523809523808,0.06349206349206349,0.03968253968253968,0.07142857142857142,0.023809523809523808,0.05555555555555555,0.031746031746031744,0.031746031746031744,0.07142857142857142,0.047619047619047616,0.047619047619047616,126
0.045112781954887216,0.06015037593984962,0.03759398496240601,0.07518796992481203,0.06015037593984962,0.03007518796992481,0.07518796992481203,0.06015037593984962,0.06766917293233082,0.03759398496240601,0.03007518796992481,0.03759398496240601,0.06015037593984962,0.045112781954887216,0.03759398496240601,0.06015037593984962,0.045112781954887216,0.007518796992481203,0.03007518796992481,0.09774436090225563,133
0.050505050505050504,0.06060606060606061,0.08080808080808081,0.050505050505050504,0.010101010101010102,0.030303030303030304,0.08080808080808081,0.0707070707070707,0.04040404040404041,0.06060606060606061,0.06060606060606061,0.06060606060606061,0.050505050505050504,0.020202020202020204,0.04040404040404041,0.08080808080808081,0.030303030303030304,0.050505050505050504,0.050505050505050504,0.020202020202020204,99
0.0594059405940594,0.04950495049504951,0.06930693069306931,0.07920792079207921,0.04950495049504951,0.06930693069306931,0.04950495049504951,0.0594059405940594,0.009900990099009901,0.0297029702970297,0.0594059405940594,0.009900990099009901,0.039603960396039604,0.04950495049504951,0.0594059405940594,0.04950495049504951,0.019801980198019802,0.0594059405940594,0.04950495049504951,0.07920792079207921,101
0.026785714285714284,0.03571428571428571,0.026785714285714284,0.05357142857142857,0.044642857142857144,0.0625,0.03571428571428571,0.05357142857142857,0.07142857142857142,0.08928571428571429,0.07142857142857142,0.044642857142857144,0.0625,0.017857142857142856,0.03571428571428571,0.03571428571428571,0.044642857142857144,0.044642857142857144,0.09821428571428571,0.044642857142857144,112
0.05,0.03333333333333333,0.03333333333333333,0.03333333333333333,0.06666666666666667,0.05,0.05,0.041666666666666664,0.058333333333333334,0.06666666666666667,0.075,0.06666666666666667,0.025,0.058333333333333334,0.041666666666666664,0.05,0.05,0.06666666666666667,0.05,0.03333333333333333,120
0.021052631578947368,0.021052631578947368,0.031578947368421054,0.031578947368421054,0.031578947368421054,0.06315789473684211,0.042105263157894736,0.05263157894736842,0.042105263157894736,0.07368421052631578,0.05263157894736842,0.06315789473684211,0.05263157894736842,0.08421052631578947,0.05263157894736842,0.042105263157894736,0.07368421052631578,0.042105263157894736,0.042105263157894736,0.08421052631578947,95
0.07339449541284404,0.07339449541284404,0.027522935779816515,0.06422018348623854,0.05504587155963303,0.06422018348623854,0.08256880733944955,0.03669724770642202,0.05504587155963303,0.06422018348623854,0.027522935779816515,0.045871559633027525,0.06422018348623854,0.027522935779816515,0.027522935779816515,0.027522935779816515,0.03669724770642202,0.05504587155963303,0.05504587155963303,0.03669724770642202,109
0.04716981132075472,0.0660377358490566,0.02830188679245283,0.018867924528301886,0.07547169811320754,0.03773584905660377,0.02830188679245283,0.11320754716981132,0.05660377358490566,0.03773584905660377,0.07547169811320754,0.04716981132075472,0.04716981132075472,0.05660377358490566,0.03773584905660377,0.04716981132075472,0.02830188679245283,0.05660377358490566,0.03773584905660377,0.05660377358490566,106
0.05303030303030303,0.08333333333333333,0.09090909090909091,0.045454545454545456,0.030303030303030304,0.06818181818181818,0.05303030303030303,0.06060606060606061,0.045454545454545456,0.045454545454545456,0.045454545454545456,0.03787878787878788,0.07575757575757576,0.03787878787878788,0.06818181818181818,0.007575757575757576,0.030303030303030304,0.015151515151515152,0.06818181818181818,0.03787878787878788,132
0.06818181818181818,0.030303030303030304,0.06060606060606061,0.03787878787878788,0.030303030303030304,0.06818181818181818,0.03787878787878788,0.05303030303030303,0.045454545454545456,0.06060606060606061,0.07575757575757576,0.05303030303030303,0.022727272727272728,0.03787878787878788,0.022727272727272728,0.05303030303030303,0.045454545454545456,0.06060606060606061,0.06818181818181818,0.06818181818181818,132
0.05,0.07,0.06,0.04,0.05,0.08,0.06,0.04,0.07,0.03,0.05,0.03,0.05,0.04,0.03,0.01,0.07,0.06,0.08,0.03,100
0.04666666666666667,0.03333333333333333,0.05333333333333334,0.04666666666666667,0.06,0.04666666666666667,0.05333333333333334,0.04,0.08,0.006666666666666667,0.05333333333333334,0.04,0.02666666666666667,0.04,0.04,0.03333333333333333,0.08666666666666667,0.1,0.05333333333333334,0.06,150
0.04,0.04,0.07,0.04,0.04,0.04,0.06,0.04,0.02,0.06,0.05,0.05,0.03,0.06,0.06,0.05,0.05,0.08,0.09,0.03,100
0.03875968992248062,0.046511627906976744,0.031007751937984496,0.03875968992248062,0.05426356589147287,0.05426356589147287,0.031007751937984496,0.05426356589147287,0.031007751937984496,0.023255813953488372,0.03875968992248062,0.10852713178294573,0.015503875968992248,0.031007751937984496,0.08527131782945736,0.046511627906976744,0.03875968992248062,0.07751937984496124,0.08527131782945736,0.06976744186046512,129
0.07692307692307693,0.04807692307692308,0.019230769230769232,0.019230769230769232,0.10576923076923077,0.038461538461538464,0.038461538461538464,0.038461538461538464,0.019230769230769232,0.038461538461538464,0.057692307692307696,0.07692307692307693,0.038461538461538464,0.057692307692307696,0.038461538461538464,0.07692307692307693,0.07692307692307693,0.0673076923076923,0.028846153846153848,0.038461538461538464,104
0.07317073170731707,0.056910569105691054,0.056910569105691054,0.04065040650406504,0.024390243902439025,0.032520325203252036,0.07317073170731707,0.04065040650406504,0.024390243902439025,0.08130081300813008,0.024390243902439025,0.056910569105691054,0.056910569105691054,0.04065040650406504,0.04065040650406504,0.07317073170731707,0.056910569105691054,0.032520325203252036,0.04065040650406504,0.07317073170731707,123
0.04964539007092199,0.05673758865248227,0.0425531914893617,0.06382978723404255,0.06382978723404255,0.04964539007092199,0.04964539007092199,0.028368794326241134,0.03546099290780142,0.028368794326241134,0.06382978723404255,0.05673758865248227,0.07801418439716312,0.014184397163120567,0.028368794326241134,0.07092198581560284,0.0425531914893617,0.07801418439716312,0.04964539007092199,0.04964539007092199,141
0.05263157894736842,0.022556390977443608,0.05263157894736842,0.022556390977443608,0.05263157894736842,0.05263157894736842,0.06766917293233082,0.03759398496240601,0.07518796992481203,0.09774436090225563,0.03007518796992481,0.06015037593984962,0.03007518796992481,0.03759398496240601,0.045112781954887216,0.03007518796992481,0.05263157894736842,0.045112781954887216,0.06015037593984962,0.07518796992481203,133
0.07246376811594203,0.06521739130434782,0.050724637681159424,0.06521739130434782,0.043478260869565216,0.10869565217391304,0.050724637681159424,0.036231884057971016,0.036231884057971016,0.057971014492753624,0.043478260869565216,0.021739130434782608,0.07246376811594203,0.021739130434782608,0.028985507246376812,0.057971014492753624,0.050724637681159424,0.028985507246376812,0.014492753623188406,0.07246376811594203,138
0.0625,0.052083333333333336,0.020833333333333332,0.03125,0.07291666666666667,0.052083333333333336,0.07291666666666667,0.03125,0.0625,0.020833333333333332,0.0625,0.052083333333333336,0.020833333333333332,0.09375,0.041666666666666664,0.07291666666666667,0.03125,0.041666666666666664,0.0625,0.041666666666666664,96
0.053763440860215055,0.03225806451612903,0.053763440860215055,0.021505376344086023,0.06451612903225806,0.053763440860215055,0.021505376344086023,0.03225806451612903,0.07526881720430108,0.06451612903225806,0.021505376344086023,0.053763440860215055,0.08602150537634409,0.06451612903225806,0.0967741935483871,0.053763440860215055,0.03225806451612903,0.03225806451612903,0.043010752688172046,0.043010752688172046,93
0.06711409395973154,0.053691275167785234,0.020134228187919462,0.04697986577181208,0.040268456375838924,0.06711409395973154,0.0738255033557047,0.04697986577181208,0.03355704697986577,0.06711409395973154,0.053691275167785234,0.040268456375838924,0.06040268456375839,0.03355704697986577,0.040268456375838924,0.040268456375838924,0.03355704697986577,0.026845637583892617,0.06711409395973154,0.087248322147651,149
0.051094890510948905,0.06569343065693431,0.10948905109489052,0.058394160583941604,0.029197080291970802,0.029197080291970802,0.06569343065693431,0.0364963503649635,0.0948905109489051,0.043795620437956206,0.058394160583941604,0.0364963503649635,0.058394160583941604,0.051094890510948905,0.0364963503649635,0.058394160583941604,0.0364963503649635,0.021897810218978103,0.043795620437956206,0.014598540145985401,137
0.06896551724137931,0.08045977011494253,0.011494252873563218,0.022988505747126436,0.08045977011494253,0.05747126436781609,0.06896551724137931,0.011494252873563218,0.034482758620689655,0.05747126436781609,0.04597701149425287,0.06896551724137931,0.04597701149425287,0.04597701149425287,0.05747126436781609,0.08045977011494253,0.05747126436781609,0.034482758620689655,0.011494252873563218,0.05747126436781609,87
0.09929078014184398,0.0425531914893617,0.06382978723404255,0.04964539007092199,0.04964539007092199,0.03546099290780142,0.05673758865248227,0.0851063829787234,0.014184397163120567,0.06382978723404255,0.06382978723404255,0.028368794326241134,0.0425531914893617,0.05673758865248227,0.0425531914893617,0.028368794326241134,0.0425531914893617,0.0425531914893617,0.06382978723404255,0.028368794326241134,141
0.0423728813559322,0.05084745762711865,0.03389830508474576,0.03389830508474576,0.0847457627118644,0.06779661016949153,0.03389830508474576,0.05084745762711865,0.025423728813559324,0.05084745762711865,0.0423728813559322,0.05084745762711865,0.059322033898305086,0.0847457627118644,0.05084745762711865,0.06779661016949153,0.025423728813559324,0.059322033898305086,0.025423728813559324,0.059322033898305086,118
0.02702702702702703,0.07207207207207207,0.02702702702702703,0.04504504504504504,0.036036036036036036,0.0990990990990991,0.05405405405405406,0.036036036036036036,0.05405405405405406,0.018018018018018018,0.08108108108108109,0.06306306306306306,0.04504504504504504,0.0990990990990991,0.04504504504504504,0.07207207207207207,0.05405405405405406,0.02702702702702703,0.02702702702702703,0.018018018018018018,111
0.036036036036036036,0.09009009009009009,0.05405405405405406,0.036036036036036036,0.018018018018018018,0.02702702702702703,0.018018018018018018,0.05405405405405406,0.06306306306306306,0.036036036036036036,0.036036036036036036,0.06306306306306306,0.08108108108108109,0.12612612612612611,0.02702702702702703,0.06306306306306306,0.018018018018018018,0.036036036036036036,0.09009009009009009,0.02702702702702703,111
0.06422018348623854,0.07339449541284404,0.045871559633027525,0.07339449541284404,0.05504587155963303,0.05504587155963303,0.027522935779816515,0.009174311926605505,0.045871559633027525,0.07339449541284404,0.05504587155963303,0.05504587155963303,0.03669724770642202,0.009174311926605505,0.03669724770642202,0.045871559633027525,0.06422018348623854,0.06422018348623854,0.06422018348623854,0.045871559633027525,109
0.03875968992248062,0.07751937984496124,0.031007751937984496,0.046511627906976744,0.05426356589147287,0.03875968992248062,0.046511627906976744,0.06201550387596899,0.05426356589147287,0.06201550387596899,0.06976744186046512,0.07751937984496124,0.06201550387596899,0.046511627906976744,0.05426356589147287,0.03875968992248062,0.023255813953488372,0.023255813953488372,0.015503875968992248,0.07751937984496124,129
0.03875968992248062,0.07751937984496124,0.05426356589147287,0.046511627906976744,0.015503875968992248,0.05426356589147287,0.015503875968992248,0.03875968992248062,0.05426356589147287,0.06201550387596899,0.03875968992248062,0.06976744186046512,0.031007751937984496,0.06201550387596899,0.06201550387596899,0.05426356589147287,0.05426356589147287,0.05426356589147287,0.05426356589147287,0.06201550387596899,129
0.07228915662650602,0.07228915662650602,0.04819277108433735,0.04819277108433735,0.060240963855421686,0.04819277108433735,0.024096385542168676,0.04819277108433735,0.04819277108433735,0.0963855421686747,0.03614457831325301,0.024096385542168676,0.0,0.04819277108433735,0.0963855421686747,0.07228915662650602,0.060240963855421686,0.024096385542168676,0.07228915662650602,0.0,83
0.052083333333333336,0.041666666666666664,0.0625,0.052083333333333336,0.052083333333333336,0.041666666666666664,0.08333333333333333,0.020833333333333332,0.041666666666666664,0.0625,0.020833333333333332,0.041666666666666664,0.0625,0.07291666666666667,0.03125,0.052083333333333336,0.07291666666666667,0.052083333333333336,0.052083333333333336,0.03125,96
0.058823529411764705,0.058823529411764705,0.03529411764705882,0.058823529411764705,0.058823529411764705,0.07058823529411765,0.047058823529411764,0.011764705882352941,0.047058823529411764,0.03529411764705882,0.058823529411764705,0.03529411764705882,0.058823529411764705,0.011764705882352941,0.047058823529411764,0.03529411764705882,0.08235294117647059,0.07058823529411765,0.047058823529411764,0.07058823529411765,85
0.06315789473684211,0.031578947368421054,0.05263157894736842,0.08421052631578947,0.0,0.08421052631578947,0.031578947368421054,0.05263157894736842,0.031578947368421054,0.042105263157894736,0.042105263157894736,0.05263157894736842,0.021052631578947368,0.06315789473684211,0.07368421052631578,0.06315789473684211,0.06315789473684211,0.06315789473684211,0.031578947368421054,0.05263157894736842,95
0.04081632653061224,0.030612244897959183,0.02040816326530612,0.08163265306122448,0.04081632653061224,0.07142857142857142,0.04081632653061224,0.05102040816326531,0.05102040816326531,0.10204081632653061,0.01020408163265306,0.04081632653061224,0.061224489795918366,0.05102040816326531,0.04081632653061224,0.07142857142857142,0.061224489795918366,0.04081632653061224,0.061224489795918366,0.030612244897959183,98
0.06716417910447761,0.014925373134328358,0.04477611940298507,0.05970149253731343,0.03731343283582089,0.029850746268656716,0.029850746268656716,0.05970149253731343,0.029850746268656716,0.07462686567164178,0.05970149253731343,0.07462686567164178,0.05970149253731343,0.09701492537313433,0.05223880597014925,0.08955223880597014,0.05970149253731343,0.022388059701492536,0.029850746268656716,0.007462686567164179,134
0.07432432432432433,0.08783783783783784,0.0472972972972973,0.033783783783783786,0.04054054054054054,0.02702702702702703,0.05405405405405406,0.05405405405405406,0.0472972972972973,0.060810810810810814,0.06756756756756757,0.060810810810810814,0.0945945945945946,0.033783783783783786,0.02702702702702703,0.02702702702702703,0.02027027027027027,0.0472972972972973,0.05405405405405406,0.04054054054054054,148
0.06504065040650407,0.04065040650406504,0.032520325203252036,0.056910569105691054,0.06504065040650407,0.056910569105691054,0.032520325203252036,0.06504065040650407,0.08130081300813008,0.04878048780487805,0.056910569105691054,0.04878048780487805,0.032520325203252036,0.07317073170731707,0.032520325203252036,0.016260162601626018,0.056910569105691054,0.024390243902439025,0.04065040650406504,0.07317073170731707,123
0.04716981132075472,0.03773584905660377,0.018867924528301886,0.02830188679245283,0.09433962264150944,0.05660377358490566,0.04716981132075472,0.09433962264150944,0.04716981132075472,0.02830188679245283,0.08490566037735849,0.03773584905660377,0.02830188679245283,0.04716981132075472,0.04716981132075472,0.03773584905660377,0.02830188679245283,0.05660377358490566,0.0660377358490566,0.0660377358490566,106
0.04819277108433735,0.08433734939759036,0.060240963855421686,0.012048192771084338,0.060240963855421686,0.024096385542168676,0.07228915662650602,0.012048192771084338,0.060240963855421686,0.08433734939759036,0.03614457831325301,0.03614457831325301,0.03614457831325301,0.03614457831325301,0.07228915662650602,0.04819277108433735,0.03614457831325301,0.060240963855421686,0.024096385542168676,0.0963855421686747,83
0.03759398496240601,0.06015037593984962,0.03007518796992481,0.06015037593984962,0.09022556390977443,0.05263157894736842,0.03007518796992481,0.03759398496240601,0.05263157894736842,0.05263157894736842,0.03759398496240601,0.045112781954887216,0.022556390977443608,0.06015037593984962,0.07518796992481203,0.03759398496240601,0.05263157894736842,0.06015037593984962,0.06015037593984962,0.045112781954887216,133
0.07407407407407407,0.024691358024691357,0.024691358024691357,0.06172839506172839,0.04938271604938271,0.024691358024691357,0.04938271604938271,0.037037037037037035,0.06172839506172839,0.07407407407407407,0.04938271604938271,0.037037037037037035,0.012345679012345678,0.07407407407407407,0.04938271604938271,0.1111111111111111,0.07407407407407407,0.024691358024691357,0.04938271604938271,0.037037037037037035,81
0.06086956521739131,0.05217391304347826,0.034782608695652174,0.043478260869565216,0.05217391304347826,0.02608695652173913,0.05217391304347826,0.06956521739130435,0.02608695652173913,0.0782608695652174,0.02608695652173913,0.043478260869565216,0.0782608695652174,0.02608695652173913,0.06086956521739131,0.06086956521739131,0.05217391304347826,0.034782608695652174,0.05217391304347826,0.06956521739130435,115
0.06422018348623854,0.07339449541284404,0.06422018348623854,0.01834862385321101,0.03669724770642202,0.045871559633027525,0.045871559633027525,0.03669724770642202,0.03669724770642202,0.05504587155963303,0.06422018348623854,0.05504587155963303,0.05504587155963303,0.045871559633027525,0.027522935779816515,0.03669724770642202,0.06422018348623854,0.05504587155963303,0.05504587155963303,0.06422018348623854,109
0.029850746268656716,0.08208955223880597,0.06716417910447761,0.05970149253731343,0.03731343283582089,0.04477611940298507,0.03731343283582089,0.05970149253731343,0.05223880597014925,0.04477611940298507,0.03731343283582089,0.08208955223880597,0.04477611940298507,0.03731343283582089,0.029850746268656716,0.06716417910447761,0.029850746268656716,0.03731343283582089,0.05223880597014925,0.06716417910447761,134
0.03418803418803419,0.042735042735042736,0.042735042735042736,0.05982905982905983,0.042735042735042736,0.05128205128205128,0.02564102564102564,0.042735042735042736,0.05128205128205128,0.08547008547008547,0.06837606837606838,0.05982905982905983,0.06837606837606838,0.03418803418803419,0.07692307692307693,0.05128205128205128,0.042735042735042736,0.017094017094017096,0.05982905982905983,0.042735042735042736,117
0.05319148936170213,0.02127659574468085,0.07446808510638298,0.07446808510638298,0.05319148936170213,0.0851063829787234,0.05319148936170213,0.0425531914893617,0.09574468085106383,0.031914893617021274,0.031914893617021274,0.05319148936170213,0.05319148936170213,0.031914893617021274,0.06382978723404255,0.0,0.031914893617021274,0.02127659574468085,0.07446808510638298,0.05319148936170213,94
0.04310344827586207,0.04310344827586207,0.0603448275862069,0.0603448275862069,0.07758620689655173,0.0603448275862069,0.05172413793103448,0.04310344827586207,0.04310344827586207,0.06896551724137931,0.02586206896551724,0.05172413793103448,0.034482758620689655,0.05172413793103448,0.05172413793103448,0.05172413793103448,0.034482758620689655,0.04310344827586207,0.04310344827586207,0.0603448275862069,116
0.06,0.03333333333333333,0.04,0.06,0.04666666666666667,0.07333333333333333,0.04,0.04666666666666667,0.08666666666666667,0.03333333333333333,0.04666666666666667,0.06,0.02666666666666667,0.02666666666666667,0.08666666666666667,0.02666666666666667,0.04666666666666667,0.08,0.05333333333333334,0.02666666666666667,150
0.05737704918032787,0.06557377049180328,0.03278688524590164,0.05737704918032787,0.04918032786885246,0.040983606557377046,0.040983606557377046,0.03278688524590164,0.040983606557377046,0.04918032786885246,0.05737704918032787,0.03278688524590164,0.04918032786885246,0.07377049180327869,0.07377049180327869,0.07377049180327869,0.040983606557377046,0.05737704918032787,0.04918032786885246,0.02459016393442623,122
0.06722689075630252,0.09243697478991597,0.08403361344537816,0.05042016806722689,0.04201680672268908,0.06722689075630252,0.058823529411764705,0.04201680672268908,0.03361344537815126,0.058823529411764705,0.06722689075630252,0.008403361344537815,0.05042016806722689,0.04201680672268908,0.03361344537815126,0.04201680672268908,0.025210084033613446,0.03361344537815126,0.07563025210084033,0.025210084033613446,119
0.03296703296703297,0.06593406593406594,0.04395604395604396,0.06593406593406594,0.07692307692307693,0.03296703296703297,0.054945054945054944,0.04395604395604396,0.054945054945054944,0.07692307692307693,0.08791208791208792,0.04395604395604396,0.054945054945054944,0.054945054945054944,0.02197802197802198,0.054945054945054944,0.02197802197802198,0.01098901098901099,0.054945054945054944,0.04395604395604396,91
0.05434782608695652,0.06521739130434782,0.05434782608695652,0.07608695652173914,0.021739130434782608,0.043478260869565216,0.05434782608695652,0.010869565217391304,0.06521739130434782,0.05434782608695652,0.043478260869565216,0.05434782608695652,0.07608695652173914,0.06521739130434782,0.05434782608695652,0.021739130434782608,0.05434782608695652,0.06521739130434782,0.043478260869565216,0.021739130434782608,92
0.020618556701030927,0.020618556701030927,0.07216494845360824,0.020618556701030927,0.05154639175257732,0.030927835051546393,0.07216494845360824,0.030927835051546393,0.041237113402061855,0.10309278350515463,0.07216494845360824,0.05154639175257732,0.030927835051546393,0.030927835051546393,0.05154639175257732,0.041237113402061855,0.07216494845360824,0.08247422680412371,0.07216494845360824,0.030927835051546393,97
0.0625,0.07142857142857142,0.044642857142857144,0.044642857142857144,0.07142857142857142,0.05357142857142857,0.044642857142857144,0.0625,0.05357142857142857,0.07142857142857142,0.03571428571428571,0.03571428571428571,0.0625,0.07142857142857142,0.044642857142857144,0.008928571428571428,0.044642857142857144,0.03571428571428571,0.044642857142857144,0.03571428571428571,112
0.08695652173913043,0.057971014492753624,0.050724637681159424,0.036231884057971016,0.043478260869565216,0.07246376811594203,0.050724637681159424,0.036231884057971016,0.057971014492753624,0.021739130434782608,0.036231884057971016,0.043478260869565216,0.036231884057971016,0.036231884057971016,0.050724637681159424,0.06521739130434782,0.043478260869565216,0.07971014492753623,0.050724637681159424,0.043478260869565216,138
0.05555555555555555,0.10185185185185185,0.037037037037037035,0.009259259259259259,0.08333333333333333,0.037037037037037035,0.018518518518518517,0.05555555555555555,0.06481481481481481,0.037037037037037035,0.06481481481481481,0.037037037037037035,0.0,0.037037037037037035,0.07407407407407407,0.046296296296296294,0.046296296296296294,0.046296296296296294,0.06481481481481481,0.08333333333333333,108
0.06711409395973154,0.06040268456375839,0.040268456375838924,0.06711409395973154,0.0738255033557047,0.026845637583892617,0.06711409395973154,0.06711409395973154,0.053691275167785234,0.04697986577181208,0.0738255033557047,0.040268456375838924,0.03355704697986577,0.06040268456375839,0.06711409395973154,0.04697986577181208,0.053691275167785234,0.013422818791946308,0.026845637583892617,0.013422818791946308,149
0.03636363636363636,0.02727272727272727,0.07272727272727272,0.06363636363636363,0.06363636363636363,0.045454545454545456,0.05454545454545454,0.05454545454545454,0.045454545454545456,0.07272727272727272,0.05454545454545454,0.03636363636363636,0.045454545454545456,0.02727272727272727,0.045454545454545456,0.045454545454545456,0.06363636363636363,0.03636363636363636,0.05454545454545454,0.05454545454545454,110
0.037383177570093455,0.06542056074766354,0.028037383177570093,0.037383177570093455,0.037383177570093455,0.04672897196261682,0.09345794392523364,0.028037383177570093,0.009345794392523364,0.037383177570093455,0.06542056074766354,0.028037383177570093,0.037383177570093455,0.06542056074766354,0.08411214953271028,0.056074766355140186,0.056074766355140186,0.028037383177570093,0.09345794392523364,0.06542056074766354,107
0.08235294117647059,0.07058823529411765,0.07058823529411765,0.03529411764705882,0.058823529411764705,0.07058823529411765,0.058823529411764705,0.011764705882352941,0.011764705882352941,0.09411764705882353,0.011764705882352941,0.08235294117647059,0.047058823529411764,0.023529411764705882,0.058823529411764705,0.058823529411764705,0.023529411764705882,0.047058823529411764,0.047058823529411764,0.03529411764705882,85
0.043478260869565216,0.03260869565217391,0.043478260869565216,0.07608695652173914,0.043478260869565216,0.021739130434782608,0.06521739130434782,0.03260869565217391,0.10869565217391304,0.043478260869565216,0.043478260869565216,0.043478260869565216,0.05434782608695652,0.05434782608695652,0.021739130434782608,0.05434782608695652,0.06521739130434782,0.06521739130434782,0.05434782608695652,0.03260869565217391,92
0.043478260869565216,0.021739130434782608,0.043478260869565216,0.09782608695652174,0.07608695652173914,0.043478260869565216,0.043478260869565216,0.043478260869565216,0.043478260869565216,0.03260869565217391,0.043478260869565216,0.043478260869565216,0.03260869565217391,0.05434782608695652,0.043478260869565216,0.05434782608695652,0.03260869565217391,0.05434782608695652,0.08695652173913043,0.06521739130434782,92
0.07692307692307693,0.07692307692307693,0.023076923076923078,0.03076923076923077,0.046153846153846156,0.06923076923076923,0.07692307692307693,0.06153846153846154,0.023076923076923078,0.05384615384615385,0.038461538461538464,0.05384615384615385,0.046153846153846156,0.06153846153846154,0.046153846153846156,0.06923076923076923,0.015384615384615385,0.046153846153846156,0.046153846153846156,0.038461538461538464,130
0.028846153846153848,0.019230769230769232,0.08653846153846154,0.07692307692307693,0.057692307692307696,0.028846153846153848,0.057692307692307696,0.08653846153846154,0.057692307692307696,0.009615384615384616,0.019230769230769232,0.028846153846153848,0.09615384615384616,0.04807692307692308,0.04807692307692308,0.057692307692307696,0.04807692307692308,0.038461538461538464,0.0673076923076923,0.038461538461538464,104
0.023255813953488372,0.06976744186046512,0.09302325581395349,0.05813953488372093,0.023255813953488372,0.03488372093023256,0.03488372093023256,0.023255813953488372,0.05813953488372093,0.08139534883720931,0.046511627906976744,0.011627906976744186,0.05813953488372093,0.09302325581395349,0.023255813953488372,0.06976744186046512,0.05813953488372093,0.023255813953488372,0.046511627906976744,0.06976744186046512,86
0.07377049180327869,0.05737704918032787,0.03278688524590164,0.040983606557377046,0.040983606557377046,0.03278688524590164,0.05737704918032787,0.04918032786885246,0.04918032786885246,0.05737704918032787,0.07377049180327869,0.03278688524590164,0.04918032786885246,0.040983606557377046,0.06557377049180328,0.03278688524590164,0.02459016393442623,0.07377049180327869,0.040983606557377046,0.07377049180327869,122
0.0234375,0.046875,0.046875,0.03125,0.03125,0.0625,0.0390625,0.0546875,0.0546875,0.0546875,0.0546875,0.078125,0.078125,0.0703125,0.0546875,0.046875,0.078125,0.0234375,0.0390625,0.03125,128
0.08421052631578947,0.05263157894736842,0.021052631578947368,0.06315789473684211,0.05263157894736842,0.042105263157894736,0.05263157894736842,0.06315789473684211,0.042105263157894736,0.031578947368421054,0.010526315789473684,0.042105263157894736,0.07368421052631578,0.06315789473684211,0.06315789473684211,0.042105263157894736,0.042105263157894736,0.08421052631578947,0.042105263157894736,0.031578947368421054,95
0.04040404040404041,0.010101010101010102,0.030303030303030304,0.1111111111111111,0.04040404040404041,0.04040404040404041,0.08080808080808081,0.09090909090909091,0.04040404040404041,0.06060606060606061,0.030303030303030304,0.0707070707070707,0.020202020202020204,0.030303030303030304,0.06060606060606061,0.06060606060606061,0.050505050505050504,0.0707070707070707,0.04040404040404041,0.020202020202020204,99
0.04794520547945205,0.03424657534246575,0.04794520547945205,0.0410958904109589,0.06164383561643835,0.0410958904109589,0.0136986301369863,0.10273972602739725,0.02054794520547945,0.0821917808219178,0.0136986301369863,0.07534246575342465,0.0410958904109589,0.0410958904109589,0.0410958904109589,0.0684931506849315,0.0684931506849315,0.0547945205479452,0.04794520547945205,0.0547945205479452,146
0.06666666666666667,0.044444444444444446,0.037037037037037035,0.037037037037037035,0.08888888888888889,0.05185185185185185,0.05185185185185185,0.05185185185185185,0.05925925925925926,0.02962962962962963,0.037037037037037035,0.044444444444444446,0.037037037037037035,0.05185185185185185,0.02962962962962963,0.06666666666666667,0.05185185185185185,0.06666666666666667,0.05185185185185185,0.044444444444444446,135
0.032,0.04,0.024,0.064,0.016,0.088,0.048,0.04,0.048,0.048,0.064,0.064,0.064,0.04,0.032,0.072,0.04,0.056,0.072,0.048,125
0.07913669064748201,0.050359712230215826,0.050359712230215826,0.04316546762589928,0.03597122302158273,0.050359712230215826,0.014388489208633094,0.05755395683453238,0.050359712230215826,0.05755395683453238,0.04316546762589928,0.07913669064748201,0.06474820143884892,0.02158273381294964,0.03597122302158273,0.04316546762589928,0.07194244604316546,0.09352517985611511,0.03597122302158273,0.02158273381294964,139
0.047619047619047616,0.03968253968253968,0.023809523809523808,0.047619047619047616,0.05555555555555555,0.031746031746031744,0.06349206349206349,0.05555555555555555,0.03968253968253968,0.047619047619047616,0.06349206349206349,0.05555555555555555,0.03968253968253968,0.06349206349206349,0.05555555555555555,0.07936507936507936,0.023809523809523808,0.047619047619047616,0.07142857142857142,0.047619047619047616,126
0.055944055944055944,0.04895104895104895,0.04195804195804196,0.04195804195804196,0.06293706293706294,0.06293706293706294,0.027972027972027972,0.04895104895104895,0.055944055944055944,0.04195804195804196,0.06293706293706294,0.03496503496503497,0.06293706293706294,0.04195804195804196,0.006993006993006993,0.11188811188811189,0.06293706293706294,0.027972027972027972,0.055944055944055944,0.04195804195804196,143
0.017543859649122806,0.05263157894736842,0.05263157894736842,0.07894736842105263,0.043859649122807015,0.09649122807017543,0.043859649122807015,0.07017543859649122,0.02631578947368421,0.08771929824561403,0.05263157894736842,0.02631578947368421,0.017543859649122806,0.05263157894736842,0.03508771929824561,0.07017543859649122,0.02631578947368421,0.03508771929824561,0.043859649122807015,0.07017543859649122,114
0.05660377358490566,0.04716981132075472,0.03773584905660377,0.05660377358490566,0.02830188679245283,0.07547169811320754,0.02830188679245283,0.08490566037735849,0.04716981132075472,0.03773584905660377,0.04716981132075472,0.03773584905660377,0.0660377358490566,0.03773584905660377,0.02830188679245283,0.0660377358490566,0.04716981132075472,0.05660377358490566,0.05660377358490566,0.05660377358490566,106
0.0364963503649635,0.051094890510948905,0.0364963503649635,0.0364963503649635,0.058394160583941604,0.06569343065693431,0.072992700729927,0.072992700729927,0.0364963503649635,0.043795620437956206,0.0364963503649635,0.029197080291970802,0.058394160583941604,0.08029197080291971,0.0364963503649635,0.051094890510948905,0.058394160583941604,0.06569343065693431,0.029197080291970802,0.043795620437956206,137
0.0603448275862069,0.04310344827586207,0.008620689655172414,0.07758620689655173,0.017241379310344827,0.06896551724137931,0.09482758620689655,0.07758620689655173,0.07758620689655173,0.06896551724137931,0.02586206896551724,0.02586206896551724,0.05172413793103448,0.02586206896551724,0.06896551724137931,0.05172413793103448,0.09482758620689655,0.02586206896551724,0.017241379310344827,0.017241379310344827,116
0.058823529411764705,0.03361344537815126,0.04201680672268908,0.04201680672268908,0.05042016806722689,0.07563025210084033,0.05042016806722689,0.058823529411764705,0.04201680672268908,0.07563025210084033,0.04201680672268908,0.05042016806722689,0.058823529411764705,0.025210084033613446,0.05042016806722689,0.08403361344537816,0.05042016806722689,0.03361344537815126,0.05042016806722689,0.025210084033613446,119
0.05,0.08333333333333333,0.058333333333333334,0.041666666666666664,0.05,0.025,0.03333333333333333,0.06666666666666667,0.041666666666666664,0.05,0.06666666666666667,0.041666666666666664,0.075,0.05,0.03333333333333333,0.025,0.06666666666666667,0.041666666666666664,0.06666666666666667,0.03333333333333333,120
0.02247191011235955,0.011235955056179775,0.0449438202247191,0.033707865168539325,0.06741573033707865,0.06741573033707865,0.02247191011235955,0.033707865168539325,0.10112359550561797,0.033707865168539325,0.056179775280898875,0.06741573033707865,0.033707865168539325,0.02247191011235955,0.0898876404494382,0.0449438202247191,0.0449438202247191,0.0449438202247191,0.033707865168539325,0.12359550561797752,89
0.060240963855421686,0.07228915662650602,0.03614457831325301,0.08433734939759036,0.04819277108433735,0.04819277108433735,0.012048192771084338,0.060240963855421686,0.08433734939759036,0.024096385542168676,0.03614457831325301,0.03614457831325301,0.060240963855421686,0.03614457831325301,0.04819277108433735,0.024096385542168676,0.060240963855421686,0.03614457831325301,0.07228915662650602,0.060240963855421686,83
0.05555555555555555,0.041666666666666664,0.04861111111111111,0.0625,0.041666666666666664,0.04861111111111111,0.04861111111111111,0.0763888888888889,0.08333333333333333,0.034722222222222224,0.0625,0.04861111111111111,0.0625,0.05555555555555555,0.034722222222222224,0.04861111111111111,0.04861111111111111,0.027777777777777776,0.05555555555555555,0.013888888888888888,144
0.010638297872340425,0.05319148936170213,0.0425531914893617,0.031914893617021274,0.0425531914893617,0.031914893617021274,0.06382978723404255,0.06382978723404255,0.05319148936170213,0.031914893617021274,0.05319148936170213,0.05319148936170213,0.0425531914893617,0.05319148936170213,0.0425531914893617,0.0425531914893617,0.05319148936170213,0.07446808510638298,0.07446808510638298,0.0851063829787234,94
0.046511627906976744,0.05426356589147287,0.031007751937984496,0.06976744186046512,0.046511627906976744,0.03875968992248062,0.06201550387596899,0.06201550387596899,0.06201550387596899,0.05426356589147287,0.046511627906976744,0.046511627906976744,0.007751937984496124,0.05426356589147287,0.007751937984496124,0.046511627906976744,0.07751937984496124,0.05426356589147287,0.07751937984496124,0.05426356589147287,129
0.05357142857142857,0.03571428571428571,0.044642857142857144,0.044642857142857144,0.017857142857142856,0.08035714285714286,0.05357142857142857,0.08928571428571429,0.05357142857142857,0.017857142857142856,0.044642857142857144,0.05357142857142857,0.03571428571428571,0.044642857142857144,0.07142857142857142,0.044642857142857144,0.0625,0.044642857142857144,0.044642857142857144,0.0625,112
0.034482758620689655,0.034482758620689655,0.034482758620689655,0.05172413793103448,0.0603448275862069,0.034482758620689655,0.04310344827586207,0.07758620689655173,0.04310344827586207,0.02586206896551724,0.008620689655172414,0.08620689655172414,0.0603448275862069,0.05172413793103448,0.017241379310344827,0.04310344827586207,0.0603448275862069,0.0603448275862069,0.09482758620689655,0.07758620689655173,116
0.036585365853658534,0.07317073170731707,0.036585365853658534,0.07317073170731707,0.024390243902439025,0.07317073170731707,0.06097560975609756,0.012195121951219513,0.06097560975609756,0.024390243902439025,0.07317073170731707,0.04878048780487805,0.012195121951219513,0.0975609756097561,0.036585365853658534,0.024390243902439025,0.08536585365853659,0.04878048780487805,0.04878048780487805,0.04878048780487805,82
0.05925925925925926,0.07407407407407407,0.044444444444444446,0.05925925925925926,0.05185185185185185,0.06666666666666667,0.022222222222222223,0.044444444444444446,0.037037037037037035,0.044444444444444446,0.05185185185185185,0.05185185185185185,0.05185185185185185,0.037037037037037035,0.05185185185185185,0.044444444444444446,0.06666666666666667,0.022222222222222223,0.05925925925925926,0.05925925925925926,135
0.075,0.025,0.10833333333333334,0.10833333333333334,0.025,0.03333333333333333,0.05,0.03333333333333333,0.025,0.041666666666666664,0.05,0.058333333333333334,0.05,0.0,0.03333333333333333,0.03333333333333333,0.08333333333333333,0.08333333333333333,0.05,0.03333333333333333,120
0.057692307692307696,0.028846153846153848,0.057692307692307696,0.057692307692307696,0.04807692307692308,0.08653846153846154,0.038461538461538464,0.04807692307692308,0.057692307692307696,0.04807692307692308,0.0673076923076923,0.04807692307692308,0.028846153846153848,0.04807692307692308,0.0,0.0673076923076923,0.04807692307692308,0.0673076923076923,0.057692307692307696,0.038461538461538464,104
0.047619047619047616,0.05442176870748299,0.06802721088435375,0.061224489795918366,0.047619047619047616,0.047619047619047616,0.047619047619047616,0.034013605442176874,0.08163265306122448,0.047619047619047616,0.034013605442176874,0.061224489795918366,0.061224489795918366,0.05442176870748299,0.047619047619047616,0.08163265306122448,0.061224489795918366,0.006802721088435374,0.02040816326530612,0.034013605442176874,147
0.04878048780487805,0.024390243902439025,0.036585365853658534,0.04878048780487805,0.036585365853658534,0.07317073170731707,0.10975609756097561,0.06097560975609756,0.036585365853658534,0.06097560975609756,0.04878048780487805,0.036585365853658534,0.06097560975609756,0.06097560975609756,0.036585365853658534,0.036585365853658534,0.036585365853658534,0.07317073170731707,0.024390243902439025,0.04878048780487805,82
0.043010752688172046,0.053763440860215055,0.043010752688172046,0.03225806451612903,0.10752688172043011,0.07526881720430108,0.043010752688172046,0.043010752688172046,0.053763440860215055,0.03225806451612903,0.043010752688172046,0.043010752688172046,0.08602150537634409,0.053763440860215055,0.03225806451612903,0.010752688172043012,0.03225806451612903,0.053763440860215055,0.053763440860215055,0.06451612903225806,93
0.04195804195804196,0.04895104895104895,0.04195804195804196,0.04195804195804196,0.027972027972027972,0.03496503496503497,0.03496503496503497,0.055944055944055944,0.07692307692307693,0.07692307692307693,0.07692307692307693,0.03496503496503497,0.02097902097902098,0.03496503496503497,0.04895104895104895,0.03496503496503497,0.07692307692307693,0.06293706293706294,0.04895104895104895,0.07692307692307693,143
0.072992700729927,0.043795620437956206,0.014598540145985401,0.029197080291970802,0.06569343065693431,0.06569343065693431,0.0364963503649635,0.043795620437956206,0.029197080291970802,0.072992700729927,0.072992700729927,0.08029197080291971,0.0364963503649635,0.058394160583941604,0.072992700729927,0.029197080291970802,0.021897810218978103,0.058394160583941604,0.06569343065693431,0.029197080291970802,137
0.05454545454545454,0.07272727272727272,0.045454545454545456,0.05454545454545454,0.02727272727272727,0.05454545454545454,0.02727272727272727,0.05454545454545454,0.045454545454545456,0.045454545454545456,0.02727272727272727,0.11818181818181818,0.08181818181818182,0.05454545454545454,0.01818181818181818,0.03636363636363636,0.05454545454545454,0.02727272727272727,0.05454545454545454,0.045454545454545456,110
0.04929577464788732,0.04929577464788732,0.04929577464788732,0.04929577464788732,0.04929577464788732,0.056338028169014086,0.028169014084507043,0.04929577464788732,0.06338028169014084,0.09154929577464789,0.035211267605633804,0.06338028169014084,0.035211267605633804,0.04225352112676056,0.07042253521126761,0.028169014084507043,0.07042253521126761,0.035211267605633804,0.04225352112676056,0.04225352112676056,142
0.020689655172413793,0.04827586206896552,0.06206896551724138,0.04827586206896552,0.041379310344827586,0.041379310344827586,0.034482758620689655,0.034482758620689655,0.09655172413793103,0.013793103448275862,0.07586206896551724,0.04827586206896552,0.041379310344827586,0.06896551724137931,0.05517241379310345,0.05517241379310345,0.06206896551724138,0.07586206896551724,0.04827586206896552,0.027586206896551724,145
0.046511627906976744,0.046511627906976744,0.046511627906976744,0.03875968992248062,0.03875968992248062,0.05426356589147287,0.03875968992248062,0.07751937984496124,0.08527131782945736,0.046511627906976744,0.06201550387596899,0.03875968992248062,0.03875968992248062,0.031007751937984496,0.03875968992248062,0.06976744186046512,0.046511627906976744,0.06201550387596899,0.05426356589147287,0.03875968992248062,129
0.08620689655172414,0.0603448275862069,0.04310344827586207,0.08620689655172414,0.02586206896551724,0.05172413793103448,0.02586206896551724,0.034482758620689655,0.05172413793103448,0.05172413793103448,0.05172413793103448,0.04310344827586207,0.05172413793103448,0.05172413793103448,0.04310344827586207,0.04310344827586207,0.06896551724137931,0.034482758620689655,0.04310344827586207,0.05172413793103448,116
0.047619047619047616,0.047619047619047616,0.047619047619047616,0.03571428571428571,0.05952380952380952,0.03571428571428571,0.047619047619047616,0.05952380952380952,0.05952380952380952,0.07142857142857142,0.07142857142857142,0.07142857142857142,0.011904761904761904,0.023809523809523808,0.05952380952380952,0.05952380952380952,0.047619047619047616,0.047619047619047616,0.047619047619047616,0.047619047619047616,84
0.07865168539325842,0.033707865168539325,0.033707865168539325,0.07865168539325842,0.0,0.0449438202247191,0.033707865168539325,0.056179775280898875,0.0449438202247191,0.07865168539325842,0.0449438202247191,0.0449438202247191,0.06741573033707865,0.0449438202247191,0.06741573033707865,0.056179775280898875,0.033707865168539325,0.07865168539325842,0.033707865168539325,0.0449438202247191,89
0.058333333333333334,0.058333333333333334,0.025,0.03333333333333333,0.075,0.058333333333333334,0.075,0.025,0.10833333333333334,0.041666666666666664,0.016666666666666666,0.06666666666666667,0.041666666666666664,0.06666666666666667,0.03333333333333333,0.05,0.025,0.058333333333333334,0.025,0.058333333333333334,120
0.06451612903225806,0.07526881720430108,0.07526881720430108,0.043010752688172046,0.043010752688172046,0.08602150537634409,0.03225806451612903,0.043010752688172046,0.021505376344086023,0.03225806451612903,0.06451612903225806,0.06451612903225806,0.06451612903225806,0.03225806451612903,0.06451612903225806,0.053763440860215055,0.010752688172043012,0.06451612903225806,0.03225806451612903,0.03225806451612903,93
0.1,0.06,0.08,0.05333333333333334,0.06,0.06666666666666667,0.04666666666666667,0.08,0.02,0.05333333333333334,0.03333333333333333,0.02666666666666667,0.02,0.03333333333333333,0.02666666666666667,0.04,0.02,0.08666666666666667,0.06666666666666667,0.02666666666666667,150
0.05384615384615385,0.03076923076923077,0.06153846153846154,0.03076923076923077,0.03076923076923077,0.08461538461538462,0.06153846153846154,0.038461538461538464,0.05384615384615385,0.07692307692307693,0.09230769230769231,0.046153846153846156,0.038461538461538464,0.06153846153846154,0.046153846153846156,0.03076923076923077,0.03076923076923077,0.046153846153846156,0.03076923076923077,0.05384615384615385,130
0.10465116279069768,0.08139534883720931,0.046511627906976744,0.09302325581395349,0.046511627906976744,0.046511627906976744,0.03488372093023256,0.046511627906976744,0.023255813953488372,0.023255813953488372,0.09302325581395349,0.023255813953488372,0.03488372093023256,0.05813953488372093,0.03488372093023256,0.023255813953488372,0.046511627906976744,0.046511627906976744,0.046511627906976744,0.046511627906976744,86
0.04918032786885246,0.05737704918032787,0.05737704918032787,0.03278688524590164,0.03278688524590164,0.04918032786885246,0.09016393442622951,0.03278688524590164,0.05737704918032787,0.06557377049180328,0.01639344262295082,0.02459016393442623,0.040983606557377046,0.06557377049180328,0.03278688524590164,0.06557377049180328,0.05737704918032787,0.040983606557377046,0.07377049180327869,0.05737704918032787,122
0.038461538461538464,0.057692307692307696,0.04807692307692308,0.0673076923076923,0.0673076923076923,0.04807692307692308,0.009615384615384616,0.019230769230769232,0.028846153846153848,0.07692307692307693,0.057692307692307696,0.09615384615384616,0.08653846153846154,0.038461538461538464,0.0673076923076923,0.038461538461538464,0.038461538461538464,0.028846153846153848,0.038461538461538464,0.04807692307692308,104
0.07758620689655173,0.034482758620689655,0.05172413793103448,0.07758620689655173,0.06896551724137931,0.034482758620689655,0.09482758620689655,0.0603448275862069,0.017241379310344827,0.034482758620689655,0.034482758620689655,0.0603448275862069,0.02586206896551724,0.0603448275862069,0.05172413793103448,0.05172413793103448,0.07758620689655173,0.017241379310344827,0.034482758620689655,0.034482758620689655,116
0.1016949152542373,0.0423728813559322,0.01694915254237288,0.05084745762711865,0.1016949152542373,0.025423728813559324,0.025423728813559324,0.03389830508474576,0.0847457627118644,0.025423728813559324,0.059322033898305086,0.025423728813559324,0.07627118644067797,0.0423728813559322,0.05084745762711865,0.03389830508474576,0.059322033898305086,0.025423728813559324,0.0423728813559322,0.07627118644067797,118
0.04195804195804196,0.04195804195804196,0.027972027972027972,0.04895104895104895,0.04895104895104895,0.08391608391608392,0.027972027972027972,0.04895104895104895,0.09090909090909091,0.09090909090909091,0.06293706293706294,0.03496503496503497,0.06293706293706294,0.07692307692307693,0.04195804195804196,0.03496503496503497,0.03496503496503497,0.04195804195804196,0.006993006993006993,0.04895104895104895,143
0.056818181818181816,0.03409090909090909,0.03409090909090909,0.06818181818181818,0.022727272727272728,0.045454545454545456,0.045454545454545456,0.022727272727272728,0.03409090909090909,0.125,0.022727272727272728,0.045454545454545456,0.06818181818181818,0.06818181818181818,0.045454545454545456,0.03409090909090909,0.045454545454545456,0.022727272727272728,0.07954545454545454,0.07954545454545454,88
0.04065040650406504,0.032520325203252036,0.07317073170731707,0.032520325203252036,0.056910569105691054,0.06504065040650407,0.04878048780487805,0.04065040650406504,0.008130081300813009,0.056910569105691054,0.024390243902439025,0.056910569105691054,0.07317073170731707,0.08130081300813008,0.056910569105691054,0.056910569105691054,0.04878048780487805,0.04878048780487805,0.04878048780487805,0.04878048780487805,123
0.04938271604938271,0.06172839506172839,0.08641975308641975,0.04938271604938271,0.04938271604938271,0.04938271604938271,0.09876543209876543,0.012345679012345678,0.037037037037037035,0.04938271604938271,0.06172839506172839,0.04938271604938271,0.04938271604938271,0.024691358024691357,0.04938271604938271,0.037037037037037035,0.07407407407407407,0.024691358024691357,0.06172839506172839,0.024691358024691357,81
0.061855670103092786,0.08247422680412371,0.030927835051546393,0.041237113402061855,0.041237113402061855,0.041237113402061855,0.020618556701030927,0.041237113402061855,0.030927835051546393,0.07216494845360824,0.05154639175257732,0.07216494845360824,0.030927835051546393,0.05154639175257732,0.08247422680412371,0.05154639175257732,0.041237113402061855,0.05154639175257732,0.041237113402061855,0.061855670103092786,97
0.058823529411764705,0.0392156862745098,0.029411764705882353,0.06862745098039216,0.049019607843137254,0.049019607843137254,0.029411764705882353,0.0392156862745098,0.029411764705882353,0.0392156862745098,0.0392156862745098,0.08823529411764706,0.12745098039215685,0.029411764705882353,0.058823529411764705,0.049019607843137254,0.049019607843137254,0.0196078431372549,0.029411764705882353,0.0784313725490196,102
0.06086956521739131,0.034782608695652174,0.02608695652173913,0.02608695652173913,0.0782608695652174,0.02608695652173913,0.05217391304347826,0.034782608695652174,0.05217391304347826,0.08695652173913043,0.043478260869565216,0.05217391304347826,0.034782608695652174,0.0782608695652174,0.0782608695652174,0.0782608695652174,0.02608695652173913,0.06956521739130435,0.02608695652173913,0.034782608695652174,115
0.03,0.05,0.07,0.03,0.05,0.05,0.04,0.03,0.04,0.06,0.02,0.05,0.02,0.08,0.05,0.05,0.06,0.09,0.07,0.06,100
0.05333333333333334,0.07333333333333333,0.07333333333333333,0.06666666666666667,0.06,0.04,0.06666666666666667,0.05333333333333334,0.06666666666666667,0.02,0.04666666666666667,0.04666666666666667,0.03333333333333333,0.02666666666666667,0.02,0.02,0.06666666666666667,0.07333333333333333,0.04,0.05333333333333334,150
0.045112781954887216,0.06766917293233082,0.05263157894736842,0.06015037593984962,0.03007518796992481,0.06015037593984962,0.045112781954887216,0.06015037593984962,0.045112781954887216,0.05263157894736842,0.045112781954887216,0.06766917293233082,0.03007518796992481,0.03007518796992481,0.045112781954887216,0.06015037593984962,0.03759398496240601,0.06015037593984962,0.03007518796992481,0.07518796992481203,133
0.0380952380952381,0.01904761904761905,0.047619047619047616,0.05714285714285714,0.06666666666666667,0.05714285714285714,0.0380952380952381,0.05714285714285714,0.0380952380952381,0.009523809523809525,0.08571428571428572,0.08571428571428572,0.06666666666666667,0.05714285714285714,0.01904761904761905,0.047619047619047616,0.05714285714285714,0.0380952380952381,0.0380952380952381,0.0761904761904762,105
0.03409090909090909,0.06818181818181818,0.03409090909090909,0.022727272727272728,0.03409090909090909,0.056818181818181816,0.045454545454545456,0.045454545454545456,0.06818181818181818,0.0,0.011363636363636364,0.06818181818181818,0.03409090909090909,0.10227272727272728,0.045454545454545456,0.07954545454545454,0.056818181818181816,0.011363636363636364,0.09090909090909091,0.09090909090909091,88
0.009345794392523364,0.06542056074766354,0.06542056074766354,0.06542056074766354,0.06542056074766354,0.04672897196261682,0.028037383177570093,0.018691588785046728,0.04672897196261682,0.028037383177570093,0.056074766355140186,0.08411214953271028,0.037383177570093455,0.04672897196261682,0.09345794392523364,0.056074766355140186,0.056074766355140186,0.018691588785046728,0.04672897196261682,0.06542056074766354,107
0.06481481481481481,0.06481481481481481,0.009259259259259259,0.009259259259259259,0.046296296296296294,0.05555555555555555,0.06481481481481481,0.027777777777777776,0.06481481481481481,0.027777777777777776,0.037037037037037035,0.07407407407407407,0.018518518518518517,0.06481481481481481,0.046296296296296294,0.08333333333333333,0.027777777777777776,0.05555555555555555,0.10185185185185185,0.05555555555555555,108
0.038834951456310676,0.02912621359223301,0.10679611650485436,0.04854368932038835,0.05825242718446602,0.038834951456310676,0.02912621359223301,0.02912621359223301,0.04854368932038835,0.038834951456310676,0.038834951456310676,0.06796116504854369,0.05825242718446602,0.009708737864077669,0.07766990291262135,0.04854368932038835,0.02912621359223301,0.05825242718446602,0.07766990291262135,0.06796116504854369,103
0.08108108108108109,0.08108108108108109,0.04504504504504504,0.036036036036036036,0.09009009009009009,0.04504504504504504,0.018018018018018018,0.07207207207207207,0.036036036036036036,0.036036036036036036,0.05405405405405406,0.036036036036036036,0.04504504504504504,0.06306306306306306,0.02702702702702703,0.036036036036036036,0.036036036036036036,0.05405405405405406,0.04504504504504504,0.06306306306306306,111
0.02962962962962963,0.05925925925925926,0.02962962962962963,0.037037037037037035,0.022222222222222223,0.037037037037037035,0.044444444444444446,0.05185185185185185,0.037037037037037035,0.05925925925925926,0.044444444444444446,0.06666666666666667,0.037037037037037035,0.06666666666666667,0.06666666666666667,0.1037037037037037,0.07407407407407407,0.02962962962962963,0.044444444444444446,0.05925925925925926,135
0.045112781954887216,0.06015037593984962,0.03759398496240601,0.06015037593984962,0.07518796992481203,0.05263157894736842,0.045112781954887216,0.03007518796992481,0.03759398496240601,0.06766917293233082,0.03759398496240601,0.05263157894736842,0.03759398496240601,0.045112781954887216,0.06015037593984962,0.06015037593984962,0.03759398496240601,0.045112781954887216,0.06766917293233082,0.045112781954887216,133
0.03875968992248062,0.03875968992248062,0.023255813953488372,0.06201550387596899,0.023255813953488372,0.07751937984496124,0.046511627906976744,0.06201550387596899,0.05426356589147287,0.05426356589147287,0.023255813953488372,0.06976744186046512,0.05426356589147287,0.07751937984496124,0.06201550387596899,0.05426356589147287,0.06976744186046512,0.023255813953488372,0.023255813953488372,0.06201550387596899,129
0.08045977011494253,0.0,0.022988505747126436,0.022988505747126436,0.04597701149425287,0.05747126436781609,0.05747126436781609,0.05747126436781609,0.09195402298850575,0.022988505747126436,0.034482758620689655,0.04597701149425287,0.05747126436781609,0.05747126436781609,0.04597701149425287,0.08045977011494253,0.05747126436781609,0.034482758620689655,0.08045977011494253,0.04597701149425287,87
0.0684931506849315,0.0410958904109589,0.03424657534246575,0.0273972602739726,0.0410958904109589,0.04794520547945205,0.06164383561643835,0.0684931506849315,0.04794520547945205,0.0273972602739726,0.06164383561643835,0.0136986301369863,0.04794520547945205,0.0821917808219178,0.0547945205479452,0.0547945205479452,0.10273972602739725,0.03424657534246575,0.0273972602739726,0.0547945205479452,146
0.04081632653061224,0.061224489795918366,0.02040816326530612,0.02040816326530612,0.030612244897959183,0.04081632653061224,0.07142857142857142,0.09183673469387756,0.030612244897959183,0.061224489795918366,0.05102040816326531,0.05102040816326531,0.05102040816326531,0.030612244897959183,0.08163265306122448,0.08163265306122448,0.05102040816326531,0.030612244897959183,0.04081632653061224,0.061224489795918366,98
0.05343511450381679,0.03816793893129771,0.05343511450381679,0.04580152671755725,0.0916030534351145,0.04580152671755725,0.030534351145038167,0.03816793893129771,0.08396946564885496,0.030534351145038167,0.022900763358778626,0.03816793893129771,0.03816793893129771,0.07633587786259542,0.04580152671755725,0.04580152671755725,0.03816793893129771,0.06870229007633588,0.07633587786259542,0.03816793893129771,131
0.0375,0.0375,0.0625,0.025,0.075,0.0625,0.0375,0.075,0.0375,0.0375,0.0125,0.05,0.05,0.05,0.025,0.0625,0.075,0.0625,0.0375,0.0875,80
0.060240963855421686,0.07228915662650602,0.060240963855421686,0.012048192771084338,0.024096385542168676,0.03614457831325301,0.03614457831325301,0.08433734939759036,0.060240963855421686,0.060240963855421686,0.07228915662650602,0.024096385542168676,0.03614457831325301,0.04819277108433735,0.060240963855421686,0.060240963855421686,0.03614457831325301,0.060240963855421686,0.03614457831325301,0.060240963855421686,83
0.04666666666666667,0.04666666666666667,0.04,0.06,0.02666666666666667,0.04,0.05333333333333334,0.05333333333333334,0.06,0.06,0.013333333333333334,0.06,0.06666666666666667,0.06,0.06,0.07333333333333333,0.06666666666666667,0.04666666666666667,0.02666666666666667,0.04,150
0.0625,0.034722222222222224,0.041666666666666664,0.04861111111111111,0.041666666666666664,0.06944444444444445,0.034722222222222224,0.06944444444444445,0.08333333333333333,0.027777777777777776,0.0763888888888889,0.04861111111111111,0.0625,0.0625,0.04861111111111111,0.041666666666666664,0.041666666666666664,0.034722222222222224,0.041666666666666664,0.027777777777777776,144
0.04,0.02,0.03,0.03,0.07,0.05,0.04,0.04,0.08,0.05,0.05,0.06,0.05,0.04,0.05,0.09,0.04,0.07,0.06,0.04,100
0.06,0.04,0.04,0.03333333333333333,0.08,0.04,0.05333333333333334,0.04,0.09333333333333334,0.03333333333333333,0.05333333333333334,0.02,0.03333333333333333,0.06,0.06666666666666667,0.05333333333333334,0.03333333333333333,0.05333333333333334,0.07333333333333333,0.04,150
0.05555555555555555,0.044444444444444446,0.08888888888888889,0.044444444444444446,0.044444444444444446,0.044444444444444446,0.06666666666666667,0.011111111111111112,0.05555555555555555,0.1,0.03333333333333333,0.06666666666666667,0.07777777777777778,0.05555555555555555,0.022222222222222223,0.044444444444444446,0.022222222222222223,0.06666666666666667,0.03333333333333333,0.022222222222222223,90
0.06164383561643835,0.03424657534246575,0.0684931506849315,0.0410958904109589,0.0273972602739726,0.0821917808219178,0.0410958904109589,0.0684931506849315,0.0410958904109589,0.0547945205479452,0.03424657534246575,0.0547945205479452,0.04794520547945205,0.03424657534246575,0.0410958904109589,0.06164383561643835,0.02054794520547945,0.0547945205479452,0.0684931506849315,0.06164383561643835,146
0.0594059405940594,0.09900990099009901,0.0594059405940594,0.0594059405940594,0.06930693069306931,0.039603960396039604,0.019801980198019802,0.0297029702970297,0.04950495049504951,0.06930693069306931,0.04950495049504951,0.039603960396039604,0.039603960396039604,0.09900990099009901,0.019801980198019802,0.0297029702970297,0.039603960396039604,0.04950495049504951,0.039603960396039604,0.039603960396039604,101
0.06451612903225806,0.07526881720430108,0.07526881720430108,0.053763440860215055,0.043010752688172046,0.03225806451612903,0.03225806451612903,0.06451612903225806,0.053763440860215055,0.08602150537634409,0.043010752688172046,0.03225806451612903,0.03225806451612903,0.043010752688172046,0.053763440860215055,0.03225806451612903,0.043010752688172046,0.053763440860215055,0.03225806451612903,0.053763440860215055,93
0.037037037037037035,0.06172839506172839,0.07407407407407407,0.06172839506172839,0.06172839506172839,0.037037037037037035,0.07407407407407407,0.04938271604938271,0.012345679012345678,0.037037037037037035,0.037037037037037035,0.012345679012345678,0.06172839506172839,0.06172839506172839,0.1111111111111111,0.04938271604938271,0.04938271604938271,0.0,0.06172839506172839,0.04938271604938271,81
0.07142857142857142,0.06349206349206349,0.07936507936507936,0.07936507936507936,0.06349206349206349,0.047619047619047616,0.023809523809523808,0.05555555555555555,0.05555555555555555,0.03968253968253968,0.03968253968253968,0.023809523809523808,0.05555555555555555,0.05555555555555555,0.07936507936507936,0.015873015873015872,0.015873015873015872,0.06349206349206349,0.047619047619047616,0.023809523809523808,126
0.05517241379310345,0.05517241379310345,0.034482758620689655,0.05517241379310345,0.041379310344827586,0.05517241379310345,0.027586206896551724,0.05517241379310345,0.08275862068965517,0.034482758620689655,0.06206896551724138,0.006896551724137931,0.06206896551724138,0.013793103448275862,0.034482758620689655,0.06206896551724138,0.0896551724137931,0.041379310344827586,0.0896551724137931,0.041379310344827586,145
0.09433962264150944,0.03773584905660377,0.0660377358490566,0.04716981132075472,0.05660377358490566,0.018867924528301886,0.07547169811320754,0.04716981132075472,0.05660377358490566,0.03773584905660377,0.05660377358490566,0.07547169811320754,0.04716981132075472,0.03773584905660377,0.0660377358490566,0.0660377358490566,0.04716981132075472,0.018867924528301886,0.018867924528301886,0.02830188679245283,106
0.029850746268656716,0.03731343283582089,0.04477611940298507,0.07462686567164178,0.029850746268656716,0.06716417910447761,0.05223880597014925,0.07462686567164178,0.04477611940298507,0.08208955223880597,0.03731343283582089,0.05223880597014925,0.04477611940298507,0.03731343283582089,0.022388059701492536,0.09701492537313433,0.03731343283582089,0.04477611940298507,0.022388059701492536,0.06716417910447761,134
0.04132231404958678,0.04132231404958678,0.049586776859504134,0.05785123966942149,0.03305785123966942,0.08264462809917356,0.05785123966942149,0.04132231404958678,0.05785123966942149,0.0743801652892562,0.06611570247933884,0.049586776859504134,0.05785123966942149,0.024793388429752067,0.05785123966942149,0.049586776859504134,0.03305785123966942,0.03305785123966942,0.05785123966942149,0.03305785123966942,121
0.03937007874015748,0.031496062992125984,0.07874015748031496,0.047244094488188976,0.023622047244094488,0.07874015748031496,0.05511811023622047,0.05511811023622047,0.023622047244094488,0.05511811023622047,0.07086614173228346,0.06299212598425197,0.023622047244094488,0.03937007874015748,0.031496062992125984,0.05511811023622047,0.03937007874015748,0.06299212598425197,0.06299212598425197,0.06299212598425197,127
0.044444444444444446,0.05925925925925926,0.02962962962962963,0.037037037037037035,0.037037037037037035,0.05925925925925926,0.014814814814814815,0.05925925925925926,0.044444444444444446,0.08888888888888889,0.02962962962962963,0.05185185185185185,0.0962962962962963,0.02962962962962963,0.02962962962962963,0.07407407407407407,0.05925925925925926,0.08148148148148149,0.044444444444444446,0.02962962962962963,135
0.04032258064516129,0.056451612903225805,0.03225806451612903,0.04032258064516129,0.04032258064516129,0.056451612903225805,0.04032258064516129,0.04032258064516129,0.08064516129032258,0.024193548387096774,0.07258064516129033,0.06451612903225806,0.04032258064516129,0.04838709677419355,0.04838709677419355,0.04032258064516129,0.0967741935483871,0.03225806451612903,0.056451612903225805,0.04838709677419355,124
0.041237113402061855,0.08247422680412371,0.061855670103092786,0.07216494845360824,0.061855670103092786,0.05154639175257732,0.05154639175257732,0.041237113402061855,0.030927835051546393,0.07216494845360824,0.07216494845360824,0.07216494845360824,0.020618556701030927,0.020618556701030927,0.041237113402061855,0.05154639175257732,0.010309278350515464,0.061855670103092786,0.05154639175257732,0.030927835051546393,97
0.07920792079207921,0.04950495049504951,0.039603960396039604,0.039603960396039604,0.04950495049504951,0.07920792079207921,0.0297029702970297,0.0297029702970297,0.0594059405940594,0.019801980198019802,0.09900990099009901,0.07920792079207921,0.019801980198019802,0.039603960396039604,0.04950495049504951,0.04950495049504951,0.039603960396039604,0.039603960396039604,0.039603960396039604,0.06930693069306931,101
0.06040268456375839,0.04697986577181208,0.0738255033557047,0.03355704697986577,0.013422818791946308,0.053691275167785234,0.03355704697986577,0.040268456375838924,0.04697986577181208,0.06040268456375839,0.04697986577181208,0.053691275167785234,0.06040268456375839,0.026845637583892617,0.053691275167785234,0.040268456375838924,0.04697986577181208,0.0738255033557047,0.06711409395973154,0.06711409395973154,149
0.04285714285714286,0.06428571428571428,0.05,0.05,0.03571428571428571,0.02142857142857143,0.06428571428571428,0.02142857142857143,0.05714285714285714,0.05,0.06428571428571428,0.05714285714285714,0.08571428571428572,0.03571428571428571,0.07857142857142857,0.06428571428571428,0.007142857142857143,0.03571428571428571,0.05,0.06428571428571428,140
0.026845637583892617,0.10067114093959731,0.026845637583892617,0.040268456375838924,0.040268456375838924,0.04697986577181208,0.03355704697986577,0.0738255033557047,0.040268456375838924,0.053691275167785234,0.053691275167785234,0.040268456375838924,0.04697986577181208,0.06040268456375839,0.053691275167785234,0.04697986577181208,0.040268456375838924,0.053691275167785234,0.03355704697986577,0.087248322147651,149
0.09195402298850575,0.034482758620689655,0.05747126436781609,0.04597701149425287,0.011494252873563218,0.10344827586206896,0.05747126436781609,0.011494252873563218,0.011494252873563218,0.04597701149425287,0.04597701149425287,0.022988505747126436,0.08045977011494253,0.09195402298850575,0.034482758620689655,0.04597701149425287,0.08045977011494253,0.04597701149425287,0.022988505747126436,0.05747126436781609,87
0.0738255033557047,0.06711409395973154,0.040268456375838924,0.053691275167785234,0.06711409395973154,0.040268456375838924,0.03355704697986577,0.053691275167785234,0.03355704697986577,0.053691275167785234,0.06040268456375839,0.026845637583892617,0.053691275167785234,0.040268456375838924,0.040268456375838924,0.06040268456375839,0.053691275167785234,0.053691275167785234,0.053691275167785234,0.040268456375838924,149
0.05343511450381679,0.06870229007633588,0.06870229007633588,0.06870229007633588,0.06870229007633588,0.06870229007633588,0.022900763358778626,0.030534351145038167,0.04580152671755725,0.022900763358778626,0.061068702290076333,0.06870229007633588,0.030534351145038167,0.03816793893129771,0.05343511450381679,0.06870229007633588,0.05343511450381679,0.04580152671755725,0.03816793893129771,0.022900763358778626,131
0.0784313725490196,0.0392156862745098,0.0392156862745098,0.06862745098039216,0.049019607843137254,0.058823529411764705,0.06862745098039216,0.06862745098039216,0.0392156862745098,0.0196078431372549,0.0392156862745098,0.08823529411764706,0.0392156862745098,0.06862745098039216,0.0196078431372549,0.0196078431372549,0.058823529411764705,0.08823529411764706,0.0196078431372549,0.029411764705882353,102
0.024096385542168676,0.024096385542168676,0.07228915662650602,0.07228915662650602,0.060240963855421686,0.060240963855421686,0.012048192771084338,0.0963855421686747,0.07228915662650602,0.07228915662650602,0.060240963855421686,0.024096385542168676,0.060240963855421686,0.04819277108433735,0.04819277108433735,0.04819277108433735,0.03614457831325301,0.024096385542168676,0.060240963855421686,0.024096385542168676,83
0.011764705882352941,0.07058823529411765,0.058823529411764705,0.023529411764705882,0.03529411764705882,0.058823529411764705,0.047058823529411764,0.047058823529411764,0.023529411764705882,0.10588235294117647,0.047058823529411764,0.058823529411764705,0.058823529411764705,0.058823529411764705,0.08235294117647059,0.09411764705882353,0.07058823529411765,0.0,0.023529411764705882,0.023529411764705882,85
0.03508771929824561,0.03508771929824561,0.05263157894736842,0.03508771929824561,0.043859649122807015,0.10526315789473684,0.03508771929824561,0.07894736842105263,0.05263157894736842,0.03508771929824561,0.02631578947368421,0.017543859649122806,0.09649122807017543,0.05263157894736842,0.03508771929824561,0.05263157894736842,0.03508771929824561,0.07894736842105263,0.043859649122807015,0.05263157894736842,114
0.047619047619047616,0.03571428571428571,0.047619047619047616,0.05952380952380952,0.03571428571428571,0.10714285714285714,0.07142857142857142,0.023809523809523808,0.08333333333333333,0.03571428571428571,0.05952380952380952,0.09523809523809523,0.03571428571428571,0.03571428571428571,0.023809523809523808,0.023809523809523808,0.03571428571428571,0.047619047619047616,0.05952380952380952,0.03571428571428571,84
0.03496503496503497,0.03496503496503497,0.06993006993006994,0.027972027972027972,0.04895104895104895,0.06293706293706294,0.11188811188811189,0.06293706293706294,0.055944055944055944,0.04195804195804196,0.04895104895104895,0.04195804195804196,0.055944055944055944,0.027972027972027972,0.04195804195804196,0.027972027972027972,0.07692307692307693,0.027972027972027972,0.04195804195804196,0.055944055944055944,143
0.06993006993006994,0.0979020979020979,0.027972027972027972,0.04195804195804196,0.055944055944055944,0.055944055944055944,0.02097902097902098,0.06293706293706294,0.04195804195804196,0.04195804195804196,0.04195804195804196,0.03496503496503497,0.04195804195804196,0.06293706293706294,0.03496503496503497,0.06993006993006994,0.03496503496503497,0.06293706293706294,0.06293706293706294,0.03496503496503497,143
0.04054054054054054,0.06756756756756757,0.060810810810810814,0.0472972972972973,0.06756756756756757,0.0472972972972973,0.06756756756756757,0.033783783783783786,0.04054054054054054,0.05405405405405406,0.04054054054054054,0.08108108108108109,0.060810810810810814,0.060810810810810814,0.02702702702702703,0.02027027027027027,0.08108108108108109,0.02702702702702703,0.05405405405405406,0.02027027027027027,148
0.017543859649122806,0.02631578947368421,0.02631578947368421,0.02631578947368421,0.05263157894736842,0.05263157894736842,0.02631578947368421,0.06140350877192982,0.017543859649122806,0.03508771929824561,0.06140350877192982,0.06140350877192982,0.08771929824561403,0.10526315789473684,0.05263157894736842,0.13157894736842105,0.03508771929824561,0.07017543859649122,0.043859649122807015,0.008771929824561403,114
0.047058823529411764,0.03529411764705882,0.058823529411764705,0.058823529411764705,0.047058823529411764,0.07058823529411765,0.08235294117647059,0.08235294117647059,0.03529411764705882,0.047058823529411764,0.047058823529411764,0.03529411764705882,0.047058823529411764,0.03529411764705882,0.03529411764705882,0.09411764705882353,0.03529411764705882,0.058823529411764705,0.023529411764705882,0.023529411764705882,85
0.07407407407407407,0.06666666666666667,0.08888888888888889,0.07407407407407407,0.037037037037037035,0.044444444444444446,0.022222222222222223,0.05925925925925926,0.02962962962962963,0.044444444444444446,0.037037037037037035,0.022222222222222223,0.02962962962962963,0.02962962962962963,0.07407407407407407,0.037037037037037035,0.06666666666666667,0.05925925925925926,0.014814814814814815,0.08888888888888889,135
0.04672897196261682,0.037383177570093455,0.04672897196261682,0.028037383177570093,0.07476635514018691,0.06542056074766354,0.04672897196261682,0.028037383177570093,0.07476635514018691,0.06542056074766354,0.06542056074766354,0.09345794392523364,0.056074766355140186,0.056074766355140186,0.04672897196261682,0.056074766355140186,0.037383177570093455,0.009345794392523364,0.056074766355140186,0.009345794392523364,107
0.05442176870748299,0.04081632653061224,0.027210884353741496,0.06802721088435375,0.047619047619047616,0.05442176870748299,0.09523809523809523,0.047619047619047616,0.047619047619047616,0.027210884353741496,0.06802721088435375,0.02040816326530612,0.05442176870748299,0.02040816326530612,0.10204081632653061,0.047619047619047616,0.047619047619047616,0.047619047619047616,0.02040816326530612,0.061224489795918366,147
0.047619047619047616,0.047619047619047616,0.03571428571428571,0.07142857142857142,0.07142857142857142,0.10714285714285714,0.047619047619047616,0.03571428571428571,0.10714285714285714,0.023809523809523808,0.047619047619047616,0.011904761904761904,0.07142857142857142,0.03571428571428571,0.023809523809523808,0.047619047619047616,0.047619047619047616,0.011904761904761904,0.047619047619047616,0.05952380952380952,84
0.036585365853658534,0.08536585365853659,0.024390243902439025,0.036585365853658534,0.06097560975609756,0.07317073170731707,0.036585365853658534,0.06097560975609756,0.04878048780487805,0.06097560975609756,0.024390243902439025,0.08536585365853659,0.036585365853658534,0.024390243902439025,0.024390243902439025,0.04878048780487805,0.024390243902439025,0.036585365853658534,0.06097560975609756,0.10975609756097561,82
0.09523809523809523,0.04081632653061224,0.047619047619047616,0.04081632653061224,0.04081632653061224,0.04081632653061224,0.05442176870748299,0.061224489795918366,0.05442176870748299,0.05442176870748299,0.04081632653061224,0.05442176870748299,0.027210884353741496,0.05442176870748299,0.06802721088435375,0.034013605442176874,0.061224489795918366,0.04081632653061224,0.047619047619047616,0.04081632653061224,147
0.06521739130434782,0.07971014492753623,0.021739130434782608,0.043478260869565216,0.043478260869565216,0.036231884057971016,0.07246376811594203,0.043478260869565216,0.057971014492753624,0.021739130434782608,0.06521739130434782,0.050724637681159424,0.036231884057971016,0.050724637681159424,0.057971014492753624,0.08695652173913043,0.021739130434782608,0.028985507246376812,0.050724637681159424,0.06521739130434782,138
0.0,0.016260162601626018,0.032520325203252036,0.056910569105691054,0.056910569105691054,0.06504065040650407,0.08130081300813008,0.04065040650406504,0.04878048780487805,0.024390243902439025,0.032520325203252036,0.06504065040650407,0.07317073170731707,0.07317073170731707,0.07317073170731707,0.06504065040650407,0.04878048780487805,0.04065040650406504,0.04065040650406504,0.06504065040650407,123
0.03333333333333333,0.06666666666666667,0.022222222222222223,0.03333333333333333,0.03333333333333333,0.05555555555555555,0.07777777777777778,0.022222222222222223,0.08888888888888889,0.044444444444444446,0.03333333333333333,0.044444444444444446,0.044444444444444446,0.1111111111111111,0.044444444444444446,0.07777777777777778,0.03333333333333333,0.05555555555555555,0.03333333333333333,0.044444444444444446,90
0.03296703296703297,0.06593406593406594,0.04395604395604396,0.054945054945054944,0.02197802197802198,0.04395604395604396,0.01098901098901099,0.04395604395604396,0.03296703296703297,0.03296703296703297,0.04395604395604396,0.10989010989010989,0.06593406593406594,0.03296703296703297,0.06593406593406594,0.054945054945054944,0.08791208791208792,0.04395604395604396,0.06593406593406594,0.04395604395604396,91
0.056818181818181816,0.011363636363636364,0.03409090909090909,0.045454545454545456,0.06818181818181818,0.03409090909090909,0.056818181818181816,0.06818181818181818,0.022727272727272728,0.045454545454545456,0.06818181818181818,0.06818181818181818,0.011363636363636364,0.045454545454545456,0.056818181818181816,0.03409090909090909,0.022727272727272728,0.09090909090909091,0.09090909090909091,0.06818181818181818,88
0.061224489795918366,0.05442176870748299,0.05442176870748299,0.013605442176870748,0.07482993197278912,0.034013605442176874,0.061224489795918366,0.04081632653061224,0.027210884353741496,0.027210884353741496,0.061224489795918366,0.06802721088435375,0.02040816326530612,0.04081632653061224,0.05442176870748299,0.061224489795918366,0.07482993197278912,0.061224489795918366,0.034013605442176874,0.07482993197278912,147
0.045871559633027525,0.05504587155963303,0.009174311926605505,0.05504587155963303,0.07339449541284404,0.05504587155963303,0.01834862385321101,0.03669724770642202,0.09174311926605505,0.03669724770642202,0.05504587155963303,0.03669724770642202,0.05504587155963303,0.05504587155963303,0.07339449541284404,0.03669724770642202,0.045871559633027525,0.06422018348623854,0.05504587155963303,0.045871559633027525,109
0.023255813953488372,0.05813953488372093,0.046511627906976744,0.03488372093023256,0.08139534883720931,0.06976744186046512,0.06976744186046512,0.08139534883720931,0.05813953488372093,0.05813953488372093,0.046511627906976744,0.023255813953488372,0.023255813953488372,0.05813953488372093,0.05813953488372093,0.023255813953488372,0.046511627906976744,0.023255813953488372,0.06976744186046512,0.046511627906976744,86
0.036585365853658534,0.07317073170731707,0.06097560975609756,0.06097560975609756,0.04878048780487805,0.036585365853658534,0.024390243902439025,0.04878048780487805,0.04878048780487805,0.08536585365853659,0.04878048780487805,0.06097560975609756,0.08536585365853659,0.04878048780487805,0.04878048780487805,0.06097560975609756,0.036585365853658534,0.024390243902439025,0.036585365853658534,0.024390243902439025,82
0.04310344827586207,0.05172413793103448,0.05172413793103448,0.04310344827586207,0.08620689655172414,0.06896551724137931,0.0603448275862069,0.0603448275862069,0.07758620689655173,0.04310344827586207,0.05172413793103448,0.02586206896551724,0.05172413793103448,0.0603448275862069,0.04310344827586207,0.034482758620689655,0.07758620689655173,0.02586206896551724,0.02586206896551724,0.017241379310344827,116
0.04411764705882353,0.04411764705882353,0.03676470588235294,0.051470588235294115,0.029411764705882353,0.04411764705882353,0.058823529411764705,0.03676470588235294,0.04411764705882353,0.022058823529411766,0.04411764705882353,0.058823529411764705,0.058823529411764705,0.07352941176470588,0.07352941176470588,0.07352941176470588,0.03676470588235294,0.051470588235294115,0.051470588235294115,0.0661764705882353,136
0.06086956521739131,0.05217391304347826,0.06956521739130435,0.043478260869565216,0.043478260869565216,0.05217391304347826,0.017391304347826087,0.06086956521739131,0.05217391304347826,0.034782608695652174,0.017391304347826087,0.09565217391304348,0.06956521739130435,0.043478260869565216,0.05217391304347826,0.017391304347826087,0.034782608695652174,0.06086956521739131,0.09565217391304348,0.02608695652173913,115
0.050724637681159424,0.050724637681159424,0.043478260869565216,0.06521739130434782,0.043478260869565216,0.043478260869565216,0.07246376811594203,0.050724637681159424,0.036231884057971016,0.06521739130434782,0.050724637681159424,0.043478260869565216,0.050724637681159424,0.06521739130434782,0.021739130434782608,0.07246376811594203,0.043478260869565216,0.036231884057971016,0.043478260869565216,0.050724637681159424,138
0.04580152671755725,0.06870229007633588,0.05343511450381679,0.03816793893129771,0.022900763358778626,0.04580152671755725,0.07633587786259542,0.08396946564885496,0.03816793893129771,0.04580152671755725,0.05343511450381679,0.03816793893129771,0.05343511450381679,0.061068702290076333,0.04580152671755725,0.015267175572519083,0.061068702290076333,0.07633587786259542,0.030534351145038167,0.04580152671755725,131
0.05263157894736842,0.06015037593984962,0.045112781954887216,0.045112781954887216,0.03759398496240601,0.08270676691729323,0.05263157894736842,0.08270676691729323,0.05263157894736842,0.06015037593984962,0.045112781954887216,0.06015037593984962,0.03759398496240601,0.015037593984962405,0.045112781954887216,0.045112781954887216,0.022556390977443608,0.03007518796992481,0.06766917293233082,0.06015037593984962,133
0.041666666666666664,0.0625,0.041666666666666664,0.041666666666666664,0.06944444444444445,0.041666666666666664,0.0625,0.027777777777777776,0.05555555555555555,0.06944444444444445,0.020833333333333332,0.0625,0.05555555555555555,0.027777777777777776,0.027777777777777776,0.06944444444444445,0.05555555555555555,0.05555555555555555,0.05555555555555555,0.05555555555555555,144
0.08490566037735849,0.0,0.0660377358490566,0.03773584905660377,0.03773584905660377,0.03773584905660377,0.08490566037735849,0.11320754716981132,0.08490566037735849,0.0660377358490566,0.03773584905660377,0.02830188679245283,0.018867924528301886,0.0660377358490566,0.05660377358490566,0.03773584905660377,0.02830188679245283,0.03773584905660377,0.02830188679245283,0.04716981132075472,106
0.0603448275862069,0.07758620689655173,0.017241379310344827,0.05172413793103448,0.0603448275862069,0.04310344827586207,0.02586206896551724,0.0603448275862069,0.0603448275862069,0.034482758620689655,0.08620689655172414,0.05172413793103448,0.017241379310344827,0.017241379310344827,0.05172413793103448,0.07758620689655173,0.05172413793103448,0.017241379310344827,0.06896551724137931,0.06896551724137931,116
0.03773584905660377,0.018867924528301886,0.0660377358490566,0.03773584905660377,0.03773584905660377,0.07547169811320754,0.05660377358490566,0.0660377358490566,0.11320754716981132,0.05660377358490566,0.05660377358490566,0.0660377358490566,0.03773584905660377,0.03773584905660377,0.03773584905660377,0.009433962264150943,0.03773584905660377,0.03773584905660377,0.05660377358490566,0.05660377358490566,106
0.055944055944055944,0.055944055944055944,0.06993006993006994,0.04195804195804196,0.02097902097902098,0.06993006993006994,0.04895104895104895,0.055944055944055944,0.027972027972027972,0.027972027972027972,0.02097902097902098,0.03496503496503497,0.04195804195804196,0.07692307692307693,0.07692307692307693,0.02097902097902098,0.06993006993006994,0.04895104895104895,0.07692307692307693,0.055944055944055944,143
0.09574468085106383,0.0425531914893617,0.06382978723404255,0.05319148936170213,0.10638297872340426,0.05319148936170213,0.05319148936170213,0.05319148936170213,0.031914893617021274,0.05319148936170213,0.010638297872340425,0.031914893617021274,0.05319148936170213,0.02127659574468085,0.0425531914893617,0.05319148936170213,0.06382978723404255,0.010638297872340425,0.05319148936170213,0.05319148936170213,94
0.04819277108433735,0.03614457831325301,0.03614457831325301,0.04819277108433735,0.07228915662650602,0.08433734939759036,0.07228915662650602,0.024096385542168676,0.07228915662650602,0.07228915662650602,0.060240963855421686,0.060240963855421686,0.060240963855421686,0.012048192771084338,0.04819277108433735,0.0,0.03614457831325301,0.04819277108433735,0.03614457831325301,0.07228915662650602,83
0.064,0.04,0.064,0.056,0.056,0.048,0.064,0.04,0.072,0.04,0.04,0.032,0.056,0.04,0.032,0.048,0.048,0.056,0.04,0.064,125
0.047619047619047616,0.06349206349206349,0.023809523809523808,0.047619047619047616,0.031746031746031744,0.007936507936507936,0.047619047619047616,0.047619047619047616,0.0873015873015873,0.031746031746031744,0.1111111111111111,0.03968253968253968,0.031746031746031744,0.047619047619047616,0.047619047619047616,0.05555555555555555,0.05555555555555555,0.047619047619047616,0.07936507936507936,0.047619047619047616,126
0.028037383177570093,0.028037383177570093,0.04672897196261682,0.06542056074766354,0.08411214953271028,0.028037383177570093,0.037383177570093455,0.037383177570093455,0.037383177570093455,0.04672897196261682,0.037383177570093455,0.04672897196261682,0.09345794392523364,0.009345794392523364,0.04672897196261682,0.102803738317757,0.037383177570093455,0.04672897196261682,0.056074766355140186,0.08411214953271028,107
0.05084745762711865,0.0423728813559322,0.06779661016949153,0.05084745762711865,0.01694915254237288,0.05084745762711865,0.05084745762711865,0.0423728813559322,0.03389830508474576,0.07627118644067797,0.0847457627118644,0.05084745762711865,0.059322033898305086,0.05084745762711865,0.0423728813559322,0.03389830508474576,0.01694915254237288,0.09322033898305085,0.059322033898305086,0.025423728813559324,118
0.07758620689655173,0.034482758620689655,0.0603448275862069,0.02586206896551724,0.034482758620689655,0.05172413793103448,0.04310344827586207,0.0603448275862069,0.08620689655172414,0.04310344827586207,0.06896551724137931,0.0603448275862069,0.0603448275862069,0.06896551724137931,0.017241379310344827,0.017241379310344827,0.034482758620689655,0.034482758620689655,0.04310344827586207,0.07758620689655173,116
0.037383177570093455,0.018691588785046728,0.056074766355140186,0.09345794392523364,0.09345794392523364,0.102803738317757,0.009345794392523364,0.08411214953271028,0.04672897196261682,0.04672897196261682,0.028037383177570093,0.07476635514018691,0.028037383177570093,0.028037383177570093,0.08411214953271028,0.018691588785046728,0.037383177570093455,0.056074766355140186,0.009345794392523364,0.04672897196261682,107
0.05714285714285714,0.05,0.02857142857142857,0.05714285714285714,0.04285714285714286,0.05,0.05,0.04285714285714286,0.007142857142857143,0.07142857142857142,0.06428571428571428,0.05,0.07857142857142857,0.07857142857142857,0.02857142857142857,0.03571428571428571,0.03571428571428571,0.02857142857142857,0.06428571428571428,0.07857142857142857,140
0.04854368932038835,0.05825242718446602,0.04854368932038835,0.05825242718446602,0.0970873786407767,0.04854368932038835,0.038834951456310676,0.038834951456310676,0.019417475728155338,0.02912621359223301,0.02912621359223301,0.04854368932038835,0.05825242718446602,0.05825242718446602,0.038834951456310676,0.04854368932038835,0.04854368932038835,0.038834951456310676,0.0970873786407767,0.04854368932038835,103
0.03529411764705882,0.07058823529411765,0.047058823529411764,0.058823529411764705,0.058823529411764705,0.03529411764705882,0.058823529411764705,0.047058823529411764,0.023529411764705882,0.011764705882352941,0.023529411764705882,0.08235294117647059,0.07058823529411765,0.08235294117647059,0.03529411764705882,0.047058823529411764,0.011764705882352941,0.07058823529411765,0.07058823529411765,0.058823529411764705,85
0.0625,0.08035714285714286,0.05357142857142857,0.017857142857142856,0.017857142857142856,0.05357142857142857,0.026785714285714284,0.07142857142857142,0.017857142857142856,0.026785714285714284,0.0625,0.05357142857142857,0.05357142857142857,0.10714285714285714,0.0625,0.07142857142857142,0.044642857142857144,0.0625,0.044642857142857144,0.008928571428571428,112
0.058823529411764705,0.05042016806722689,0.08403361344537816,0.04201680672268908,0.10084033613445378,0.04201680672268908,0.058823529411764705,0.025210084033613446,0.04201680672268908,0.05042016806722689,0.058823529411764705,0.01680672268907563,0.03361344537815126,0.01680672268907563,0.03361344537815126,0.04201680672268908,0.04201680672268908,0.07563025210084033,0.07563025210084033,0.05042016806722689,119
0.03636363636363636,0.06363636363636363,0.045454545454545456,0.02727272727272727,0.05454545454545454,0.05454545454545454,0.07272727272727272,0.05454545454545454,0.03636363636363636,0.00909090909090909,0.045454545454545456,0.06363636363636363,0.06363636363636363,0.05454545454545454,0.05454545454545454,0.08181818181818182,0.07272727272727272,0.05454545454545454,0.02727272727272727,0.02727272727272727,110
0.010101010101010102,0.030303030303030304,0.08080808080808081,0.0707070707070707,0.030303030303030304,0.030303030303030304,0.06060606060606061,0.04040404040404041,0.04040404040404041,0.06060606060606061,0.04040404040404041,0.04040404040404041,0.0707070707070707,0.050505050505050504,0.04040404040404041,0.020202020202020204,0.08080808080808081,0.10101010101010101,0.04040404040404041,0.06060606060606061,99
0.024691358024691357,0.07407407407407407,0.037037037037037035,0.06172839506172839,0.06172839506172839,0.06172839506172839,0.012345679012345678,0.07407407407407407,0.012345679012345678,0.04938271604938271,0.024691358024691357,0.08641975308641975,0.037037037037037035,0.06172839506172839,0.024691358024691357,0.037037037037037035,0.04938271604938271,0.07407407407407407,0.06172839506172839,0.07407407407407407,81
0.06896551724137931,0.05172413793103448,0.07758620689655173,0.05172413793103448,0.04310344827586207,0.0603448275862069,0.034482758620689655,0.05172413793103448,0.06896551724137931,0.02586206896551724,0.017241379310344827,0.04310344827586207,0.02586206896551724,0.02586206896551724,0.0603448275862069,0.017241379310344827,0.08620689655172414,0.11206896551724138,0.05172413793103448,0.02586206896551724,116
0.07758620689655173,0.08620689655172414,0.034482758620689655,0.06896551724137931,0.02586206896551724,0.034482758620689655,0.08620689655172414,0.02586206896551724,0.0603448275862069,0.04310344827586207,0.017241379310344827,0.017241379310344827,0.05172413793103448,0.0603448275862069,0.06896551724137931,0.05172413793103448,0.008620689655172414,0.05172413793103448,0.08620689655172414,0.04310344827586207,116
0.0136986301369863,0.0547945205479452,0.0547945205479452,0.0684931506849315,0.03424657534246575,0.04794520547945205,0.0684931506849315,0.0273972602739726,0.0410958904109589,0.07534246575342465,0.04794520547945205,0.07534246575342465,0.0821917808219178,0.07534246575342465,0.0273972602739726,0.0547945205479452,0.06164383561643835,0.03424657534246575,0.0410958904109589,0.0136986301369863,146
0.03759398496240601,0.06766917293233082,0.022556390977443608,0.03759398496240601,0.022556390977443608,0.06015037593984962,0.06766917293233082,0.06015037593984962,0.05263157894736842,0.09022556390977443,0.05263157894736842,0.045112781954887216,0.03759398496240601,0.045112781954887216,0.05263157894736842,0.06766917293233082,0.03007518796992481,0.045112781954887216,0.045112781954887216,0.06015037593984962,133
0.03546099290780142,0.028368794326241134,0.03546099290780142,0.05673758865248227,0.06382978723404255,0.09219858156028368,0.028368794326241134,0.0425531914893617,0.03546099290780142,0.03546099290780142,0.0851063829787234,0.04964539007092199,0.04964539007092199,0.07801418439716312,0.0425531914893617,0.06382978723404255,0.05673758865248227,0.028368794326241134,0.06382978723404255,0.028368794326241134,141
0.04895104895104895,0.055944055944055944,0.055944055944055944,0.027972027972027972,0.055944055944055944,0.03496503496503497,0.027972027972027972,0.06293706293706294,0.04195804195804196,0.06993006993006994,0.03496503496503497,0.03496503496503497,0.04195804195804196,0.02097902097902098,0.08391608391608392,0.08391608391608392,0.07692307692307693,0.055944055944055944,0.04195804195804196,0.04195804195804196,143
0.034482758620689655,0.09195402298850575,0.06896551724137931,0.05747126436781609,0.04597701149425287,0.011494252873563218,0.06896551724137931,0.05747126436781609,0.08045977011494253,0.05747126436781609,0.08045977011494253,0.011494252873563218,0.05747126436781609,0.034482758620689655,0.034482758620689655,0.022988505747126436,0.04597701149425287,0.05747126436781609,0.04597701149425287,0.034482758620689655,87
0.058823529411764705,0.04411764705882353,0.04411764705882353,0.029411764705882353,0.058823529411764705,0.051470588235294115,0.051470588235294115,0.04411764705882353,0.029411764705882353,0.051470588235294115,0.07352941176470588,0.058823529411764705,0.058823529411764705,0.07352941176470588,0.04411764705882353,0.058823529411764705,0.029411764705882353,0.051470588235294115,0.051470588235294115,0.03676470588235294,136
0.010638297872340425,0.05319148936170213,0.0,0.0425531914893617,0.02127659574468085,0.05319148936170213,0.0425531914893617,0.0851063829787234,0.0425531914893617,0.031914893617021274,0.09574468085106383,0.10638297872340426,0.0425531914893617,0.0425531914893617,0.031914893617021274,0.031914893617021274,0.07446808510638298,0.06382978723404255,0.07446808510638298,0.05319148936170213,94
0.0547945205479452,0.0684931506849315,0.0821917808219178,0.0273972602739726,0.0684931506849315,0.03424657534246575,0.04794520547945205,0.0273972602739726,0.04794520547945205,0.04794520547945205,0.0547945205479452,0.0547945205479452,0.0136986301369863,0.0410958904109589,0.07534246575342465,0.06164383561643835,0.0684931506849315,0.0410958904109589,0.0136986301369863,0.0684931506849315,146
0.03759398496240601,0.03759398496240601,0.03007518796992481,0.03007518796992481,0.06766917293233082,0.022556390977443608,0.07518796992481203,0.06766917293233082,0.03759398496240601,0.06015037593984962,0.03759398496240601,0.03007518796992481,0.03007518796992481,0.09774436090225563,0.022556390977443608,0.05263157894736842,0.03007518796992481,0.06766917293233082,0.09022556390977443,0.07518796992481203,133
0.05217391304347826,0.13043478260869565,0.02608695652173913,0.0782608695652174,0.06086956521739131,0.034782608695652174,0.034782608695652174,0.05217391304347826,0.043478260869565216,0.02608695652173913,0.0782608695652174,0.034782608695652174,0.06956521739130435,0.0782608695652174,0.02608695652173913,0.06956521739130435,0.017391304347826087,0.034782608695652174,0.034782608695652174,0.017391304347826087,115
0.01694915254237288,0.1016949152542373,0.06779661016949153,0.059322033898305086,0.05084745762711865,0.0423728813559322,0.05084745762711865,0.03389830508474576,0.059322033898305086,0.11016949152542373,0.03389830508474576,0.0423728813559322,0.0423728813559322,0.025423728813559324,0.05084745762711865,0.05084745762711865,0.03389830508474576,0.05084745762711865,0.0423728813559322,0.03389830508474576,118
0.047244094488188976,0.05511811023622047,0.07874015748031496,0.031496062992125984,0.03937007874015748,0.06299212598425197,0.06299212598425197,0.015748031496062992,0.047244094488188976,0.047244094488188976,0.047244094488188976,0.03937007874015748,0.06299212598425197,0.06299212598425197,0.05511811023622047,0.05511811023622047,0.07086614173228346,0.031496062992125984,0.031496062992125984,0.05511811023622047,127
0.03937007874015748,0.03937007874015748,0.03937007874015748,0.03937007874015748,0.03937007874015748,0.047244094488188976,0.047244094488188976,0.05511811023622047,0.031496062992125984,0.047244094488188976,0.07874015748031496,0.031496062992125984,0.07874015748031496,0.031496062992125984,0.05511811023622047,0.06299212598425197,0.047244094488188976,0.031496062992125984,0.09448818897637795,0.06299212598425197,127
0.06779661016949153,0.03389830508474576,0.03389830508474576,0.1016949152542373,0.03389830508474576,0.0847457627118644,0.07627118644067797,0.03389830508474576,0.025423728813559324,0.03389830508474576,0.05084745762711865,0.0423728813559322,0.0423728813559322,0.07627118644067797,0.07627118644067797,0.03389830508474576,0.07627118644067797,0.0423728813559322,0.01694915254237288,0.01694915254237288,118
0.028169014084507043,0.06338028169014084,0.04929577464788732,0.02112676056338028,0.07746478873239436,0.056338028169014086,0.04225352112676056,0.09859154929577464,0.04929577464788732,0.056338028169014086,0.04929577464788732,0.028169014084507043,0.04929577464788732,0.04929577464788732,0.06338028169014084,0.035211267605633804,0.04929577464788732,0.04225352112676056,0.04225352112676056,0.04929577464788732,142
0.0603448275862069,0.008620689655172414,0.04310344827586207,0.0603448275862069,0.04310344827586207,0.04310344827586207,0.034482758620689655,0.0603448275862069,0.0603448275862069,0.04310344827586207,0.08620689655172414,0.04310344827586207,0.0603448275862069,0.11206896551724138,0.034482758620689655,0.0603448275862069,0.034482758620689655,0.02586206896551724,0.02586206896551724,0.0603448275862069,116
0.05343511450381679,0.061068702290076333,0.08396946564885496,0.06870229007633588,0.015267175572519083,0.04580152671755725,0.015267175572519083,0.022900763358778626,0.11450381679389313,0.07633587786259542,0.05343511450381679,0.061068702290076333,0.07633587786259542,0.015267175572519083,0.015267175572519083,0.03816793893129771,0.030534351145038167,0.05343511450381679,0.06870229007633588,0.030534351145038167,131
0.0,0.02247191011235955,0.056179775280898875,0.0898876404494382,0.07865168539325842,0.0449438202247191,0.056179775280898875,0.033707865168539325,0.056179775280898875,0.033707865168539325,0.033707865168539325,0.033707865168539325,0.0449438202247191,0.06741573033707865,0.056179775280898875,0.056179775280898875,0.07865168539325842,0.02247191011235955,0.0449438202247191,0.0898876404494382,89
0.044444444444444446,0.05185185185185185,0.044444444444444446,0.05185185185185185,0.06666666666666667,0.037037037037037035,0.02962962962962963,0.044444444444444446,0.02962962962962963,0.08148148148148149,0.05925925925925926,0.05185185185185185,0.06666666666666667,0.05925925925925926,0.08148148148148149,0.014814814814814815,0.07407407407407407,0.037037037037037035,0.037037037037037035,0.037037037037037035,135
0.06293706293706294,0.06293706293706294,0.055944055944055944,0.027972027972027972,0.06993006993006994,0.027972027972027972,0.06293706293706294,0.055944055944055944,0.04895104895104895,0.03496503496503497,0.06293706293706294,0.055944055944055944,0.04195804195804196,0.055944055944055944,0.07692307692307693,0.06993006993006994,0.04195804195804196,0.03496503496503497,0.013986013986013986,0.03496503496503497,143
0.03571428571428571,0.023809523809523808,0.03571428571428571,0.05952380952380952,0.03571428571428571,0.03571428571428571,0.07142857142857142,0.05952380952380952,0.08333333333333333,0.047619047619047616,0.07142857142857142,0.03571428571428571,0.011904761904761904,0.07142857142857142,0.023809523809523808,0.047619047619047616,0.047619047619047616,0.047619047619047616,0.05952380952380952,0.09523809523809523,84
0.04132231404958678,0.0743801652892562,0.008264462809917356,0.03305785123966942,0.01652892561983471,0.06611570247933884,0.09917355371900827,0.049586776859504134,0.0743801652892562,0.01652892561983471,0.049586776859504134,0.049586776859504134,0.04132231404958678,0.0743801652892562,0.09917355371900827,0.01652892561983471,0.04132231404958678,0.06611570247933884,0.03305785123966942,0.049586776859504134,121
0.009523809523809525,0.05714285714285714,0.0761904761904762,0.02857142857142857,0.06666666666666667,0.06666666666666667,0.0380952380952381,0.0380952380952381,0.06666666666666667,0.047619047619047616,0.0380952380952381,0.05714285714285714,0.0380952380952381,0.047619047619047616,0.0761904761904762,0.02857142857142857,0.0380952380952381,0.047619047619047616,0.06666666666666667,0.06666666666666667,105
0.05217391304347826,0.05217391304347826,0.05217391304347826,0.02608695652173913,0.05217391304347826,0.02608695652173913,0.06086956521739131,0.043478260869565216,0.06086956521739131,0.05217391304347826,0.034782608695652174,0.034782608695652174,0.08695652173913043,0.06086956521739131,0.06086956521739131,0.043478260869565216,0.06956521739130435,0.06086956521739131,0.043478260869565216,0.02608695652173913,115
0.046296296296296294,0.037037037037037035,0.027777777777777776,0.08333333333333333,0.046296296296296294,0.10185185185185185,0.046296296296296294,0.05555555555555555,0.05555555555555555,0.07407407407407407,0.046296296296296294,0.05555555555555555,0.037037037037037035,0.027777777777777776,0.046296296296296294,0.037037037037037035,0.037037037037037035,0.046296296296296294,0.05555555555555555,0.037037037037037035,108
0.05309734513274336,0.08849557522123894,0.035398230088495575,0.02654867256637168,0.017699115044247787,0.02654867256637168,0.061946902654867256,0.07964601769911504,0.061946902654867256,0.04424778761061947,0.02654867256637168,0.05309734513274336,0.04424778761061947,0.035398230088495575,0.061946902654867256,0.05309734513274336,0.10619469026548672,0.04424778761061947,0.04424778761061947,0.035398230088495575,113
0.058823529411764705,0.058823529411764705,0.01680672268907563,0.058823529411764705,0.025210084033613446,0.05042016806722689,0.06722689075630252,0.05042016806722689,0.06722689075630252,0.058823529411764705,0.05042016806722689,0.06722689075630252,0.058823529411764705,0.025210084033613446,0.06722689075630252,0.05042016806722689,0.05042016806722689,0.03361344537815126,0.04201680672268908,0.04201680672268908,119
0.07,0.06,0.04,0.06,0.02,0.09,0.03,0.05,0.03,0.02,0.04,0.04,0.07,0.02,0.07,0.08,0.07,0.05,0.05,0.04,100
0.05555555555555555,0.06349206349206349,0.03968253968253968,0.047619047619047616,0.06349206349206349,0.03968253968253968,0.05555555555555555,0.031746031746031744,0.07142857142857142,0.06349206349206349,0.023809523809523808,0.03968253968253968,0.03968253968253968,0.047619047619047616,0.07142857142857142,0.07142857142857142,0.05555555555555555,0.06349206349206349,0.023809523809523808,0.031746031746031744,126
0.02,0.06,0.03,0.05,0.07,0.06,0.04,0.03,0.13,0.01,0.04,0.03,0.02,0.04,0.03,0.04,0.09,0.08,0.09,0.04,100
0.03636363636363636,0.05454545454545454,0.02727272727272727,0.045454545454545456,0.01818181818181818,0.06363636363636363,0.09090909090909091,0.09090909090909091,0.06363636363636363,0.05454545454545454,0.02727272727272727,0.03636363636363636,0.02727272727272727,0.05454545454545454,0.045454545454545456,0.02727272727272727,0.02727272727272727,0.07272727272727272,0.06363636363636363,0.07272727272727272,110
0.06382978723404255,0.031914893617021274,0.0425531914893617,0.010638297872340425,0.02127659574468085,0.07446808510638298,0.031914893617021274,0.0425531914893617,0.05319148936170213,0.07446808510638298,0.0425531914893617,0.0425531914893617,0.06382978723404255,0.09574468085106383,0.02127659574468085,0.06382978723404255,0.06382978723404255,0.0425531914893617,0.031914893617021274,0.0851063829787234,94
0.05426356589147287,0.07751937984496124,0.05426356589147287,0.015503875968992248,0.046511627906976744,0.06201550387596899,0.0,0.031007751937984496,0.03875968992248062,0.031007751937984496,0.06976744186046512,0.07751937984496124,0.046511627906976744,0.10077519379844961,0.046511627906976744,0.06976744186046512,0.046511627906976744,0.023255813953488372,0.05426356589147287,0.05426356589147287,129
0.09154929577464789,0.056338028169014086,0.06338028169014084,0.04225352112676056,0.04225352112676056,0.02112676056338028,0.056338028169014086,0.07042253521126761,0.02112676056338028,0.06338028169014084,0.02112676056338028,0.056338028169014086,0.06338028169014084,0.04225352112676056,0.08450704225352113,0.056338028169014086,0.04225352112676056,0.035211267605633804,0.035211267605633804,0.035211267605633804,142
0.06474820143884892,0.050359712230215826,0.05755395683453238,0.03597122302158273,0.04316546762589928,0.050359712230215826,0.07194244604316546,0.09352517985611511,0.03597122302158273,0.02158273381294964,0.03597122302158273,0.02877697841726619,0.09352517985611511,0.07194244604316546,0.04316546762589928,0.03597122302158273,0.02877697841726619,0.04316546762589928,0.04316546762589928,0.050359712230215826,139
0.03225806451612903,0.03225806451612903,0.06451612903225806,0.056451612903225805,0.04838709677419355,0.06451612903225806,0.056451612903225805,0.06451612903225806,0.04032258064516129,0.04838709677419355,0.056451612903225805,0.04032258064516129,0.04032258064516129,0.04032258064516129,0.04032258064516129,0.056451612903225805,0.024193548387096774,0.056451612903225805,0.07258064516129033,0.06451612903225806,124
0.023622047244094488,0.05511811023622047,0.05511811023622047,0.023622047244094488,0.07874015748031496,0.047244094488188976,0.07086614173228346,0.07874015748031496,0.023622047244094488,0.05511811023622047,0.08661417322834646,0.07874015748031496,0.05511811023622047,0.023622047244094488,0.047244094488188976,0.06299212598425197,0.03937007874015748,0.023622047244094488,0.05511811023622047,0.015748031496062992,127
0.023255813953488372,0.03488372093023256,0.03488372093023256,0.06976744186046512,0.03488372093023256,0.0,0.05813953488372093,0.046511627906976744,0.06976744186046512,0.05813953488372093,0.08139534883720931,0.046511627906976744,0.06976744186046512,0.0,0.05813953488372093,0.023255813953488372,0.06976744186046512,0.06976744186046512,0.046511627906976744,0.10465116279069768,86
0.09243697478991597,0.025210084033613446,0.1092436974789916,0.04201680672268908,0.01680672268907563,0.058823529411764705,0.06722689075630252,0.04201680672268908,0.025210084033613446,0.025210084033613446,0.04201680672268908,0.05042016806722689,0.058823529411764705,0.05042016806722689,0.08403361344537816,0.03361344537815126,0.04201680672268908,0.04201680672268908,0.03361344537815126,0.058823529411764705,119
0.06201550387596899,0.023255813953488372,0.05426356589147287,0.06976744186046512,0.05426356589147287,0.031007751937984496,0.06201550387596899,0.03875968992248062,0.05426356589147287,0.015503875968992248,0.015503875968992248,0.05426356589147287,0.046511627906976744,0.06201550387596899,0.05426356589147287,0.08527131782945736,0.046511627906976744,0.06976744186046512,0.06201550387596899,0.03875968992248062,129
0.022988505747126436,0.04597701149425287,0.08045977011494253,0.04597701149425287,0.05747126436781609,0.08045977011494253,0.05747126436781609,0.034482758620689655,0.034482758620689655,0.04597701149425287,0.06896551724137931,0.05747126436781609,0.04597701149425287,0.06896551724137931,0.05747126436781609,0.022988505747126436,0.05747126436781609,0.034482758620689655,0.034482758620689655,0.04597701149425287,87
0.0392156862745098,0.049019607843137254,0.049019607843137254,0.049019607843137254,0.08823529411764706,0.029411764705882353,0.058823529411764705,0.08823529411764706,0.0784313725490196,0.058823529411764705,0.029411764705882353,0.029411764705882353,0.0392156862745098,0.0392156862745098,0.049019607843137254,0.06862745098039216,0.058823529411764705,0.00980392156862745,0.049019607843137254,0.0392156862745098,102
0.02666666666666667,0.03333333333333333,0.04,0.06,0.04666666666666667,0.05333333333333334,0.08,0.03333333333333333,0.04666666666666667,0.04,0.06,0.05333333333333334,0.06,0.04,0.03333333333333333,0.08,0.05333333333333334,0.04666666666666667,0.06666666666666667,0.04666666666666667,150
0.05357142857142857,0.044642857142857144,0.0625,0.03571428571428571,0.03571428571428571,0.044642857142857144,0.08035714285714286,0.017857142857142856,0.0625,0.07142857142857142,0.026785714285714284,0.0625,0.05357142857142857,0.05357142857142857,0.044642857142857144,0.026785714285714284,0.08928571428571429,0.03571428571428571,0.03571428571428571,0.0625,112
0.029411764705882353,0.058823529411764705,0.0784313725490196,0.0392156862745098,0.029411764705882353,0.049019607843137254,0.0784313725490196,0.0196078431372549,0.00980392156862745,0.0196078431372549,0.058823529411764705,0.058823529411764705,0.0392156862745098,0.0784313725490196,0.029411764705882353,0.0392156862745098,0.06862745098039216,0.0784313725490196,0.0392156862745098,0.09803921568627451,102
0.06930693069306931,0.039603960396039604,0.0297029702970297,0.04950495049504951,0.039603960396039604,0.039603960396039604,0.04950495049504951,0.019801980198019802,0.07920792079207921,0.04950495049504951,0.04950495049504951,0.0594059405940594,0.04950495049504951,0.0594059405940594,0.06930693069306931,0.019801980198019802,0.0594059405940594,0.0297029702970297,0.06930693069306931,0.06930693069306931,101
0.037383177570093455,0.04672897196261682,0.06542056074766354,0.028037383177570093,0.018691588785046728,0.04672897196261682,0.06542056074766354,0.056074766355140186,0.056074766355140186,0.07476635514018691,0.056074766355140186,0.028037383177570093,0.06542056074766354,0.009345794392523364,0.08411214953271028,0.06542056074766354,0.06542056074766354,0.028037383177570093,0.04672897196261682,0.056074766355140186,107
0.06481481481481481,0.037037037037037035,0.05555555555555555,0.037037037037037035,0.046296296296296294,0.046296296296296294,0.027777777777777776,0.027777777777777776,0.046296296296296294,0.1111111111111111,0.05555555555555555,0.06481481481481481,0.037037037037037035,0.037037037037037035,0.046296296296296294,0.037037037037037035,0.046296296296296294,0.07407407407407407,0.06481481481481481,0.037037037037037035,108
0.06481481481481481,0.06481481481481481,0.046296296296296294,0.037037037037037035,0.037037037037037035,0.027777777777777776,0.046296296296296294,0.05555555555555555,0.018518518518518517,0.05555555555555555,0.027777777777777776,0.05555555555555555,0.05555555555555555,0.05555555555555555,0.046296296296296294,0.07407407407407407,0.06481481481481481,0.06481481481481481,0.05555555555555555,0.046296296296296294,108
0.05,0.1,0.05,0.04285714285714286,0.07857142857142857,0.05,0.07857142857142857,0.02857142857142857,0.07142857142857142,0.03571428571428571,0.05,0.03571428571428571,0.03571428571428571,0.05,0.03571428571428571,0.03571428571428571,0.05714285714285714,0.04285714285714286,0.02857142857142857,0.04285714285714286,140
0.02830188679245283,0.04716981132075472,0.09433962264150944,0.03773584905660377,0.05660377358490566,0.02830188679245283,0.03773584905660377,0.07547169811320754,0.0660377358490566,0.018867924528301886,0.018867924528301886,0.07547169811320754,0.04716981132075472,0.05660377358490566,0.018867924528301886,0.0660377358490566,0.04716981132075472,0.07547169811320754,0.0660377358490566,0.03773584905660377,106
0.07751937984496124,0.07751937984496124,0.031007751937984496,0.046511627906976744,0.06201550387596899,0.046511627906976744,0.046511627906976744,0.046511627906976744,0.06201550387596899,0.03875968992248062,0.06201550387596899,0.03875968992248062,0.06201550387596899,0.023255813953488372,0.03875968992248062,0.06201550387596899,0.03875968992248062,0.015503875968992248,0.03875968992248062,0.08527131782945736,129
0.0425531914893617,0.05319148936170213,0.02127659574468085,0.031914893617021274,0.06382978723404255,0.0425531914893617,0.05319148936170213,0.07446808510638298,0.09574468085106383,0.06382978723404255,0.031914893617021274,0.06382978723404255,0.031914893617021274,0.05319148936170213,0.031914893617021274,0.02127659574468085,0.05319148936170213,0.031914893617021274,0.07446808510638298,0.06382978723404255,94
0.048,0.04,0.072,0.072,0.032,0.056,0.032,0.032,0.024,0.064,0.016,0.04,0.04,0.096,0.064,0.048,0.072,0.032,0.072,0.048,125
0.036231884057971016,0.07246376811594203,0.043478260869565216,0.036231884057971016,0.057971014492753624,0.043478260869565216,0.036231884057971016,0.050724637681159424,0.050724637681159424,0.043478260869565216,0.036231884057971016,0.06521739130434782,0.050724637681159424,0.050724637681159424,0.036231884057971016,0.07971014492753623,0.050724637681159424,0.036231884057971016,0.043478260869565216,0.07971014492753623,138
0.024390243902439025,0.024390243902439025,0.07317073170731707,0.036585365853658534,0.04878048780487805,0.0975609756097561,0.10975609756097561,0.024390243902439025,0.08536585365853659,0.04878048780487805,0.06097560975609756,0.04878048780487805,0.036585365853658534,0.06097560975609756,0.04878048780487805,0.024390243902439025,0.04878048780487805,0.036585365853658534,0.036585365853658534,0.024390243902439025,82
0.05042016806722689,0.05042016806722689,0.05042016806722689,0.08403361344537816,0.03361344537815126,0.03361344537815126,0.03361344537815126,0.05042016806722689,0.04201680672268908,0.01680672268907563,0.06722689075630252,0.03361344537815126,0.06722689075630252,0.03361344537815126,0.05042016806722689,0.08403361344537816,0.058823529411764705,0.03361344537815126,0.06722689075630252,0.058823529411764705,119
0.024,0.064,0.088,0.048,0.024,0.056,0.072,0.064,0.032,0.04,0.04,0.048,0.064,0.024,0.08,0.04,0.072,0.032,0.048,0.04,125
0.024096385542168676,0.03614457831325301,0.04819277108433735,0.08433734939759036,0.024096385542168676,0.012048192771084338,0.060240963855421686,0.024096385542168676,0.03614457831325301,0.03614457831325301,0.07228915662650602,0.07228915662650602,0.07228915662650602,0.060240963855421686,0.03614457831325301,0.03614457831325301,0.04819277108433735,0.060240963855421686,0.08433734939759036,0.07228915662650602,83
0.007518796992481203,0.07518796992481203,0.07518796992481203,0.03759398496240601,0.06766917293233082,0.06766917293233082,0.06766917293233082,0.045112781954887216,0.015037593984962405,0.0,0.045112781954887216,0.045112781954887216,0.05263157894736842,0.09774436090225563,0.03007518796992481,0.045112781954887216,0.07518796992481203,0.015037593984962405,0.05263157894736842,0.08270676691729323,133
0.04195804195804196,0.055944055944055944,0.03496503496503497,0.09090909090909091,0.06993006993006994,0.055944055944055944,0.055944055944055944,0.013986013986013986,0.06293706293706294,0.08391608391608392,0.04195804195804196,0.04195804195804196,0.09090909090909091,0.03496503496503497,0.006993006993006993,0.04895104895104895,0.055944055944055944,0.03496503496503497,0.02097902097902098,0.055944055944055944,143
0.054945054945054944,0.06593406593406594,0.03296703296703297,0.054945054945054944,0.054945054945054944,0.04395604395604396,0.07692307692307693,0.03296703296703297,0.054945054945054944,0.04395604395604396,0.02197802197802198,0.06593406593406594,0.03296703296703297,0.04395604395604396,0.03296703296703297,0.0989010989010989,0.03296703296703297,0.03296703296703297,0.08791208791208792,0.03296703296703297,91
0.041379310344827586,0.06206896551724138,0.06206896551724138,0.04827586206896552,0.034482758620689655,0.034482758620689655,0.034482758620689655,0.06896551724137931,0.05517241379310345,0.06206896551724138,0.04827586206896552,0.034482758620689655,0.05517241379310345,0.04827586206896552,0.034482758620689655,0.027586206896551724,0.041379310344827586,0.08275862068965517,0.06896551724137931,0.05517241379310345,145
0.0546875,0.0390625,0.046875,0.046875,0.03125,0.0703125,0.046875,0.09375,0.0625,0.0625,0.0625,0.0546875,0.0546875,0.03125,0.0390625,0.03125,0.09375,0.0078125,0.015625,0.0546875,128
0.010526315789473684,0.031578947368421054,0.05263157894736842,0.031578947368421054,0.05263157894736842,0.06315789473684211,0.08421052631578947,0.07368421052631578,0.06315789473684211,0.05263157894736842,0.05263157894736842,0.042105263157894736,0.021052631578947368,0.06315789473684211,0.06315789473684211,0.042105263157894736,0.06315789473684211,0.05263157894736842,0.042105263157894736,0.042105263157894736,95
0.06040268456375839,0.040268456375838924,0.020134228187919462,0.020134228187919462,0.053691275167785234,0.04697986577181208,0.026845637583892617,0.053691275167785234,0.06040268456375839,0.040268456375838924,0.04697986577181208,0.026845637583892617,0.06711409395973154,0.087248322147651,0.06040268456375839,0.04697986577181208,0.08053691275167785,0.06711409395973154,0.053691275167785234,0.040268456375838924,149
0.041666666666666664,0.06944444444444445,0.034722222222222224,0.034722222222222224,0.027777777777777776,0.034722222222222224,0.020833333333333332,0.04861111111111111,0.041666666666666664,0.013888888888888888,0.06944444444444445,0.04861111111111111,0.041666666666666664,0.0763888888888889,0.09027777777777778,0.027777777777777776,0.09027777777777778,0.04861111111111111,0.09027777777777778,0.04861111111111111,144
0.041666666666666664,0.0625,0.03125,0.03125,0.041666666666666664,0.03125,0.03125,0.0625,0.08333333333333333,0.0625,0.041666666666666664,0.041666666666666664,0.041666666666666664,0.010416666666666666,0.041666666666666664,0.041666666666666664,0.09375,0.041666666666666664,0.07291666666666667,0.09375,96
0.08035714285714286,0.03571428571428571,0.05357142857142857,0.0625,0.05357142857142857,0.044642857142857144,0.07142857142857142,0.044642857142857144,0.03571428571428571,0.05357142857142857,0.026785714285714284,0.044642857142857144,0.07142857142857142,0.05357142857142857,0.03571428571428571,0.0625,0.0625,0.044642857142857144,0.017857142857142856,0.044642857142857144,112
0.07317073170731707,0.08536585365853659,0.036585365853658534,0.04878048780487805,0.07317073170731707,0.036585365853658534,0.012195121951219513,0.036585365853658534,0.08536585365853659,0.036585365853658534,0.012195121951219513,0.06097560975609756,0.06097560975609756,0.024390243902439025,0.07317073170731707,0.04878048780487805,0.06097560975609756,0.024390243902439025,0.04878048780487805,0.06097560975609756,82
0.046296296296296294,0.08333333333333333,0.027777777777777776,0.05555555555555555,0.05555555555555555,0.06481481481481481,0.05555555555555555,0.06481481481481481,0.05555555555555555,0.07407407407407407,0.018518518518518517,0.027777777777777776,0.018518518518518517,0.046296296296296294,0.027777777777777776,0.027777777777777776,0.06481481481481481,0.05555555555555555,0.05555555555555555,0.07407407407407407,108
0.07563025210084033,0.025210084033613446,0.08403361344537816,0.058823529411764705,0.05042016806722689,0.03361344537815126,0.058823529411764705,0.04201680672268908,0.06722689075630252,0.04201680672268908,0.06722689075630252,0.025210084033613446,0.07563025210084033,0.058823529411764705,0.06722689075630252,0.008403361344537815,0.04201680672268908,0.03361344537815126,0.058823529411764705,0.025210084033613446,119
0.05172413793103448,0.0603448275862069,0.04310344827586207,0.06896551724137931,0.06896551724137931,0.008620689655172414,0.05172413793103448,0.02586206896551724,0.04310344827586207,0.07758620689655173,0.0603448275862069,0.04310344827586207,0.04310344827586207,0.02586206896551724,0.05172413793103448,0.0603448275862069,0.034482758620689655,0.05172413793103448,0.07758620689655173,0.05172413793103448,116
0.037037037037037035,0.06172839506172839,0.024691358024691357,0.07407407407407407,0.07407407407407407,0.06172839506172839,0.04938271604938271,0.037037037037037035,0.037037037037037035,0.04938271604938271,0.024691358024691357,0.06172839506172839,0.06172839506172839,0.06172839506172839,0.04938271604938271,0.06172839506172839,0.07407407407407407,0.024691358024691357,0.037037037037037035,0.037037037037037035,81
0.044444444444444446,0.07407407407407407,0.044444444444444446,0.037037037037037035,0.06666666666666667,0.06666666666666667,0.037037037037037035,0.05185185185185185,0.037037037037037035,0.05185185185185185,0.05185185185185185,0.037037037037037035,0.037037037037037035,0.044444444444444446,0.02962962962962963,0.05925925925925926,0.014814814814814815,0.06666666666666667,0.08888888888888889,0.05925925925925926,135
0.03361344537815126,0.04201680672268908,0.058823529411764705,0.04201680672268908,0.04201680672268908,0.025210084033613446,0.09243697478991597,0.03361344537815126,0.058823529411764705,0.06722689075630252,0.05042016806722689,0.04201680672268908,0.07563025210084033,0.08403361344537816,0.0,0.058823529411764705,0.025210084033613446,0.058823529411764705,0.03361344537815126,0.07563025210084033,119
0.021897810218978103,0.021897810218978103,0.0364963503649635,0.06569343065693431,0.0364963503649635,0.051094890510948905,0.043795620437956206,0.058394160583941604,0.051094890510948905,0.058394160583941604,0.043795620437956206,0.08029197080291971,0.051094890510948905,0.06569343065693431,0.0364963503649635,0.051094890510948905,0.051094890510948905,0.06569343065693431,0.06569343065693431,0.043795620437956206,137
0.018018018018018018,0.009009009009009009,0.04504504504504504,0.07207207207207207,0.04504504504504504,0.06306306306306306,0.036036036036036036,0.04504504504504504,0.08108108108108109,0.018018018018018018,0.04504504504504504,0.04504504504504504,0.05405405405405406,0.06306306306306306,0.018018018018018018,0.07207207207207207,0.07207207207207207,0.04504504504504504,0.05405405405405406,0.0990990990990991,111
0.08791208791208792,0.01098901098901099,0.02197802197802198,0.054945054945054944,0.07692307692307693,0.04395604395604396,0.03296703296703297,0.054945054945054944,0.054945054945054944,0.0,0.04395604395604396,0.03296703296703297,0.06593406593406594,0.054945054945054944,0.054945054945054944,0.04395604395604396,0.08791208791208792,0.06593406593406594,0.07692307692307693,0.03296703296703297,91
0.03260869565217391,0.021739130434782608,0.043478260869565216,0.05434782608695652,0.08695652173913043,0.06521739130434782,0.10869565217391304,0.05434782608695652,0.03260869565217391,0.05434782608695652,0.06521739130434782,0.03260869565217391,0.043478260869565216,0.07608695652173914,0.05434782608695652,0.043478260869565216,0.043478260869565216,0.043478260869565216,0.010869565217391304,0.03260869565217391,92
0.050505050505050504,0.04040404040404041,0.06060606060606061,0.08080808080808081,0.020202020202020204,0.06060606060606061,0.010101010101010102,0.0707070707070707,0.050505050505050504,0.030303030303030304,0.04040404040404041,0.050505050505050504,0.08080808080808081,0.030303030303030304,0.050505050505050504,0.030303030303030304,0.09090909090909091,0.020202020202020204,0.04040404040404041,0.09090909090909091,99
0.06306306306306306,0.05405405405405406,0.04504504504504504,0.036036036036036036,0.036036036036036036,0.018018018018018018,0.02702702702702703,0.04504504504504504,0.04504504504504504,0.07207207207207207,0.04504504504504504,0.04504504504504504,0.06306306306306306,0.04504504504504504,0.07207207207207207,0.05405405405405406,0.018018018018018018,0.05405405405405406,0.05405405405405406,0.10810810810810811,111
0.012048192771084338,0.04819277108433735,0.060240963855421686,0.03614457831325301,0.08433734939759036,0.04819277108433735,0.03614457831325301,0.060240963855421686,0.024096385542168676,0.060240963855421686,0.03614457831325301,0.0,0.060240963855421686,0.07228915662650602,0.03614457831325301,0.10843373493975904,0.024096385542168676,0.060240963855421686,0.10843373493975904,0.024096385542168676,83
0.05084745762711865,0.01694915254237288,0.059322033898305086,0.09322033898305085,0.06779661016949153,0.059322033898305086,0.03389830508474576,0.0423728813559322,0.03389830508474576,0.0423728813559322,0.059322033898305086,0.05084745762711865,0.03389830508474576,0.06779661016949153,0.0847457627118644,0.03389830508474576,0.025423728813559324,0.0847457627118644,0.025423728813559324,0.03389830508474576,118
0.04929577464788732,0.035211267605633804,0.028169014084507043,0.04225352112676056,0.06338028169014084,0.07042253521126761,0.056338028169014086,0.04929577464788732,0.04929577464788732,0.04929577464788732,0.04225352112676056,0.028169014084507043,0.06338028169014084,0.06338028169014084,0.06338028169014084,0.04929577464788732,0.056338028169014086,0.09154929577464789,0.014084507042253521,0.035211267605633804,142
0.035398230088495575,0.061946902654867256,0.08849557522123894,0.08849557522123894,0.035398230088495575,0.07964601769911504,0.035398230088495575,0.035398230088495575,0.008849557522123894,0.04424778761061947,0.04424778761061947,0.05309734513274336,0.05309734513274336,0.035398230088495575,0.07964601769911504,0.04424778761061947,0.061946902654867256,0.04424778761061947,0.02654867256637168,0.04424778761061947,113
0.08888888888888889,0.011111111111111112,0.044444444444444446,0.05555555555555555,0.022222222222222223,0.03333333333333333,0.044444444444444446,0.044444444444444446,0.07777777777777778,0.06666666666666667,0.06666666666666667,0.1,0.044444444444444446,0.022222222222222223,0.06666666666666667,0.03333333333333333,0.044444444444444446,0.044444444444444446,0.044444444444444446,0.044444444444444446,90
0.03333333333333333,0.022222222222222223,0.05555555555555555,0.03333333333333333,0.06666666666666667,0.044444444444444446,0.022222222222222223,0.1,0.05555555555555555,0.06666666666666667,0.03333333333333333,0.1111111111111111,0.03333333333333333,0.07777777777777778,0.044444444444444446,0.022222222222222223,0.022222222222222223,0.044444444444444446,0.05555555555555555,0.05555555555555555,90
0.05128205128205128,0.06837606837606838,0.03418803418803419,0.042735042735042736,0.042735042735042736,0.042735042735042736,0.042735042735042736,0.05128205128205128,0.042735042735042736,0.05128205128205128,0.05128205128205128,0.05982905982905983,0.042735042735042736,0.07692307692307693,0.05128205128205128,0.03418803418803419,0.05128205128205128,0.05982905982905983,0.05982905982905983,0.042735042735042736,117
0.07142857142857142,0.09183673469387756,0.0,0.07142857142857142,0.061224489795918366,0.05102040816326531,0.04081632653061224,0.07142857142857142,0.01020408163265306,0.08163265306122448,0.061224489795918366,0.02040816326530612,0.04081632653061224,0.030612244897959183,0.05102040816326531,0.030612244897959183,0.061224489795918366,0.02040816326530612,0.061224489795918366,0.07142857142857142,98
0.04395604395604396,0.03296703296703297,0.02197802197802198,0.04395604395604396,0.04395604395604396,0.03296703296703297,0.07692307692307693,0.06593406593406594,0.04395604395604396,0.054945054945054944,0.06593406593406594,0.07692307692307693,0.07692307692307693,0.03296703296703297,0.054945054945054944,0.054945054945054944,0.03296703296703297,0.03296703296703297,0.054945054945054944,0.054945054945054944,91
0.04504504504504504,0.018018018018018018,0.02702702702702703,0.08108108108108109,0.04504504504504504,0.08108108108108109,0.04504504504504504,0.08108108108108109,0.018018018018018018,0.09009009009009009,0.06306306306306306,0.036036036036036036,0.036036036036036036,0.07207207207207207,0.06306306306306306,0.04504504504504504,0.036036036036036036,0.02702702702702703,0.05405405405405406,0.036036036036036036,111
0.020833333333333332,0.052083333333333336,0.041666666666666664,0.07291666666666667,0.010416666666666666,0.041666666666666664,0.020833333333333332,0.052083333333333336,0.0625,0.10416666666666667,0.03125,0.052083333333333336,0.03125,0.07291666666666667,0.052083333333333336,0.07291666666666667,0.0625,0.10416666666666667,0.010416666666666666,0.03125,96
0.05952380952380952,0.023809523809523808,0.07142857142857142,0.047619047619047616,0.03571428571428571,0.07142857142857142,0.047619047619047616,0.047619047619047616,0.05952380952380952,0.05952380952380952,0.05952380952380952,0.07142857142857142,0.07142857142857142,0.08333333333333333,0.03571428571428571,0.0,0.0,0.08333333333333333,0.047619047619047616,0.023809523809523808,84
0.046296296296296294,0.018518518518518517,0.05555555555555555,0.027777777777777776,0.06481481481481481,0.046296296296296294,0.07407407407407407,0.018518518518518517,0.037037037037037035,0.05555555555555555,0.037037037037037035,0.05555555555555555,0.027777777777777776,0.07407407407407407,0.037037037037037035,0.06481481481481481,0.08333333333333333,0.09259259259259259,0.0,0.08333333333333333,108
0.028169014084507043,0.07042253521126761,0.06338028169014084,0.07746478873239436,0.04929577464788732,0.028169014084507043,0.04225352112676056,0.06338028169014084,0.035211267605633804,0.007042253521126761,0.035211267605633804,0.04929577464788732,0.04225352112676056,0.035211267605633804,0.09154929577464789,0.07746478873239436,0.04225352112676056,0.056338028169014086,0.056338028169014086,0.04929577464788732,142
0.04201680672268908,0.058823529411764705,0.025210084033613446,0.025210084033613446,0.04201680672268908,0.09243697478991597,0.06722689075630252,0.06722689075630252,0.05042016806722689,0.1092436974789916,0.0,0.025210084033613446,0.025210084033613446,0.07563025210084033,0.03361344537815126,0.06722689075630252,0.025210084033613446,0.058823529411764705,0.05042016806722689,0.058823529411764705,119
0.057971014492753624,0.07971014492753623,0.043478260869565216,0.043478260869565216,0.043478260869565216,0.057971014492753624,0.028985507246376812,0.08695652173913043,0.043478260869565216,0.036231884057971016,0.036231884057971016,0.043478260869565216,0.050724637681159424,0.007246376811594203,0.07971014492753623,0.057971014492753624,0.050724637681159424,0.050724637681159424,0.036231884057971016,0.06521739130434782,138
0.04672897196261682,0.028037383177570093,0.07476635514018691,0.056074766355140186,0.04672897196261682,0.06542056074766354,0.037383177570093455,0.028037383177570093,0.04672897196261682,0.037383177570093455,0.056074766355140186,0.037383177570093455,0.056074766355140186,0.07476635514018691,0.037383177570093455,0.07476635514018691,0.018691588785046728,0.102803738317757,0.056074766355140186,0.018691588785046728,107
0.06481481481481481,0.06481481481481481,0.018518518518518517,0.009259259259259259,0.046296296296296294,0.027777777777777776,0.06481481481481481,0.037037037037037035,0.046296296296296294,0.1111111111111111,0.07407407407407407,0.07407407407407407,0.037037037037037035,0.037037037037037035,0.027777777777777776,0.05555555555555555,0.06481481481481481,0.046296296296296294,0.027777777777777776,0.06481481481481481,108
0.027586206896551724,0.06206896551724138,0.06206896551724138,0.034482758620689655,0.041379310344827586,0.04827586206896552,0.041379310344827586,0.041379310344827586,0.04827586206896552,0.06206896551724138,0.041379310344827586,0.04827586206896552,0.034482758620689655,0.0896551724137931,0.06206896551724138,0.05517241379310345,0.041379310344827586,0.05517241379310345,0.07586206896551724,0.027586206896551724,145
0.06976744186046512,0.046511627906976744,0.046511627906976744,0.023255813953488372,0.046511627906976744,0.03488372093023256,0.03488372093023256,0.06976744186046512,0.03488372093023256,0.046511627906976744,0.06976744186046512,0.05813953488372093,0.046511627906976744,0.06976744186046512,0.06976744186046512,0.03488372093023256,0.03488372093023256,0.03488372093023256,0.08139534883720931,0.046511627906976744,86
0.0472972972972973,0.05405405405405406,0.07432432432432433,0.033783783783783786,0.06756756756756757,0.08783783783783784,0.033783783783783786,0.05405405405405406,0.033783783783783786,0.060810810810810814,0.060810810810810814,0.02027027027027027,0.033783783783783786,0.05405405405405406,0.060810810810810814,0.02702702702702703,0.06756756756756757,0.0472972972972973,0.04054054054054054,0.04054054054054054,148
0.05785123966942149,0.0743801652892562,0.049586776859504134,0.03305785123966942,0.024793388429752067,0.024793388429752067,0.0743801652892562,0.03305785123966942,0.0743801652892562,0.049586776859504134,0.04132231404958678,0.01652892561983471,0.024793388429752067,0.04132231404958678,0.08264462809917356,0.08264462809917356,0.05785123966942149,0.05785123966942149,0.0743801652892562,0.024793388429752067,121
0.07954545454545454,0.045454545454545456,0.011363636363636364,0.07954545454545454,0.03409090909090909,0.07954545454545454,0.03409090909090909,0.045454545454545456,0.022727272727272728,0.06818181818181818,0.045454545454545456,0.09090909090909091,0.056818181818181816,0.09090909090909091,0.022727272727272728,0.056818181818181816,0.03409090909090909,0.022727272727272728,0.022727272727272728,0.056818181818181816,88
0.0975609756097561,0.08536585365853659,0.06097560975609756,0.024390243902439025,0.06097560975609756,0.06097560975609756,0.012195121951219513,0.036585365853658534,0.024390243902439025,0.06097560975609756,0.036585365853658534,0.0975609756097561,0.06097560975609756,0.012195121951219513,0.036585365853658534,0.036585365853658534,0.08536585365853659,0.012195121951219513,0.08536585365853659,0.012195121951219513,82
0.07526881720430108,0.043010752688172046,0.053763440860215055,0.053763440860215055,0.021505376344086023,0.043010752688172046,0.06451612903225806,0.021505376344086023,0.010752688172043012,0.053763440860215055,0.03225806451612903,0.021505376344086023,0.13978494623655913,0.021505376344086023,0.043010752688172046,0.08602150537634409,0.07526881720430108,0.06451612903225806,0.043010752688172046,0.03225806451612903,93
0.060810810810810814,0.0472972972972973,0.060810810810810814,0.033783783783783786,0.02027027027027027,0.060810810810810814,0.060810810810810814,0.04054054054054054,0.05405405405405406,0.0472972972972973,0.02702702702702703,0.05405405405405406,0.07432432432432433,0.06756756756756757,0.0472972972972973,0.04054054054054054,0.05405405405405406,0.0472972972972973,0.05405405405405406,0.0472972972972973,148
0.06363636363636363,0.045454545454545456,0.07272727272727272,0.08181818181818182,0.05454545454545454,0.045454545454545456,0.05454545454545454,0.02727272727272727,0.07272727272727272,0.06363636363636363,0.03636363636363636,0.03636363636363636,0.06363636363636363,0.06363636363636363,0.03636363636363636,0.045454545454545456,0.02727272727272727,0.02727272727272727,0.03636363636363636,0.045454545454545456,110
0.038834951456310676,0.05825242718446602,0.04854368932038835,0.07766990291262135,0.02912621359223301,0.02912621359223301,0.05825242718446602,0.009708737864077669,0.038834951456310676,0.07766990291262135,0.11650485436893204,0.04854368932038835,0.04854368932038835,0.04854368932038835,0.05825242718446602,0.009708737864077669,0.038834951456310676,0.05825242718446602,0.04854368932038835,0.05825242718446602,103
0.05223880597014925,0.029850746268656716,0.05970149253731343,0.05223880597014925,0.07462686567164178,0.07462686567164178,0.04477611940298507,0.07462686567164178,0.03731343283582089,0.029850746268656716,0.06716417910447761,0.022388059701492536,0.05970149253731343,0.03731343283582089,0.05970149253731343,0.05970149253731343,0.03731343283582089,0.029850746268656716,0.05970149253731343,0.03731343283582089,134
0.06611570247933884,0.049586776859504134,0.05785123966942149,0.03305785123966942,0.04132231404958678,0.049586776859504134,0.01652892561983471,0.05785123966942149,0.03305785123966942,0.06611570247933884,0.03305785123966942,0.03305785123966942,0.09917355371900827,0.0743801652892562,0.01652892561983471,0.04132231404958678,0.04132231404958678,0.10743801652892562,0.04132231404958678,0.04132231404958678,121
0.07058823529411765,0.047058823529411764,0.023529411764705882,0.023529411764705882,0.03529411764705882,0.07058823529411765,0.023529411764705882,0.047058823529411764,0.058823529411764705,0.023529411764705882,0.10588235294117647,0.058823529411764705,0.07058823529411765,0.08235294117647059,0.03529411764705882,0.03529411764705882,0.058823529411764705,0.08235294117647059,0.023529411764705882,0.023529411764705882,85
0.07608695652173914,0.06521739130434782,0.03260869565217391,0.043478260869565216,0.043478260869565216,0.021739130434782608,0.03260869565217391,0.043478260869565216,0.043478260869565216,0.08695652173913043,0.05434782608695652,0.08695652173913043,0.03260869565217391,0.021739130434782608,0.021739130434782608,0.07608695652173914,0.05434782608695652,0.07608695652173914,0.021739130434782608,0.06521739130434782,92
0.047619047619047616,0.027210884353741496,0.034013605442176874,0.027210884353741496,0.061224489795918366,0.05442176870748299,0.047619047619047616,0.061224489795918366,0.08163265306122448,0.05442176870748299,0.061224489795918366,0.047619047619047616,0.06802721088435375,0.04081632653061224,0.06802721088435375,0.04081632653061224,0.047619047619047616,0.04081632653061224,0.04081632653061224,0.047619047619047616,147
0.03636363636363636,0.03636363636363636,0.03636363636363636,0.06363636363636363,0.07272727272727272,0.03636363636363636,0.07272727272727272,0.05454545454545454,0.03636363636363636,0.03636363636363636,0.03636363636363636,0.07272727272727272,0.06363636363636363,0.045454545454545456,0.05454545454545454,0.08181818181818182,0.00909090909090909,0.05454545454545454,0.03636363636363636,0.06363636363636363,110
0.09803921568627451,0.0196078431372549,0.06862745098039216,0.029411764705882353,0.049019607843137254,0.049019607843137254,0.0392156862745098,0.06862745098039216,0.058823529411764705,0.049019607843137254,0.029411764705882353,0.058823529411764705,0.06862745098039216,0.049019607843137254,0.049019607843137254,0.049019607843137254,0.029411764705882353,0.06862745098039216,0.049019607843137254,0.0196078431372549,102
0.0546875,0.0390625,0.09375,0.109375,0.0546875,0.03125,0.0546875,0.0546875,0.03125,0.0234375,0.015625,0.078125,0.0546875,0.0546875,0.0390625,0.0546875,0.0703125,0.015625,0.0234375,0.046875,128
0.03759398496240601,0.045112781954887216,0.08270676691729323,0.06015037593984962,0.07518796992481203,0.06015037593984962,0.045112781954887216,0.06766917293233082,0.045112781954887216,0.06766917293233082,0.05263157894736842,0.045112781954887216,0.015037593984962405,0.045112781954887216,0.06766917293233082,0.03007518796992481,0.05263157894736842,0.015037593984962405,0.03007518796992481,0.06015037593984962,133
0.055944055944055944,0.04195804195804196,0.04895104895104895,0.04895104895104895,0.027972027972027972,0.04895104895104895,0.027972027972027972,0.04195804195804196,0.04895104895104895,0.06993006993006994,0.055944055944055944,0.055944055944055944,0.04195804195804196,0.055944055944055944,0.06993006993006994,0.055944055944055944,0.055944055944055944,0.055944055944055944,0.055944055944055944,0.03496503496503497,143
0.02654867256637168,0.008849557522123894,0.05309734513274336,0.02654867256637168,0.08849557522123894,0.02654867256637168,0.02654867256637168,0.07079646017699115,0.05309734513274336,0.061946902654867256,0.02654867256637168,0.07079646017699115,0.061946902654867256,0.04424778761061947,0.08849557522123894,0.061946902654867256,0.05309734513274336,0.05309734513274336,0.05309734513274336,0.04424778761061947,113
0.030534351145038167,0.015267175572519083,0.015267175572519083,0.06870229007633588,0.07633587786259542,0.061068702290076333,0.06870229007633588,0.030534351145038167,0.04580152671755725,0.12213740458015267,0.07633587786259542,0.03816793893129771,0.03816793893129771,0.0916030534351145,0.05343511450381679,0.022900763358778626,0.022900763358778626,0.030534351145038167,0.03816793893129771,0.05343511450381679,131
0.05673758865248227,0.06382978723404255,0.0851063829787234,0.03546099290780142,0.0425531914893617,0.05673758865248227,0.0425531914893617,0.04964539007092199,0.0,0.03546099290780142,0.04964539007092199,0.0425531914893617,0.07801418439716312,0.04964539007092199,0.0425531914893617,0.07092198581560284,0.07801418439716312,0.04964539007092199,0.04964539007092199,0.02127659574468085,141
0.02247191011235955,0.056179775280898875,0.07865168539325842,0.033707865168539325,0.056179775280898875,0.033707865168539325,0.011235955056179775,0.0,0.056179775280898875,0.10112359550561797,0.056179775280898875,0.056179775280898875,0.06741573033707865,0.0898876404494382,0.06741573033707865,0.033707865168539325,0.02247191011235955,0.033707865168539325,0.06741573033707865,0.056179775280898875,89
0.05405405405405406,0.04054054054054054,0.05405405405405406,0.06756756756756757,0.05405405405405406,0.04054054054054054,0.033783783783783786,0.05405405405405406,0.06756756756756757,0.06756756756756757,0.04054054054054054,0.0472972972972973,0.02702702702702703,0.033783783783783786,0.02027027027027027,0.033783783783783786,0.0945945945945946,0.060810810810810814,0.05405405405405406,0.05405405405405406,148
0.05154639175257732,0.041237113402061855,0.07216494845360824,0.020618556701030927,0.041237113402061855,0.041237113402061855,0.05154639175257732,0.10309278350515463,0.05154639175257732,0.041237113402061855,0.041237113402061855,0.05154639175257732,0.020618556701030927,0.10309278350515463,0.05154639175257732,0.020618556701030927,0.05154639175257732,0.09278350515463918,0.030927835051546393,0.020618556701030927,97
0.05042016806722689,0.008403361344537815,0.04201680672268908,0.08403361344537816,0.06722689075630252,0.04201680672268908,0.05042016806722689,0.04201680672268908,0.06722689075630252,0.058823529411764705,0.025210084033613446,0.025210084033613446,0.04201680672268908,0.06722689075630252,0.07563025210084033,0.07563025210084033,0.01680672268907563,0.05042016806722689,0.058823529411764705,0.05042016806722689,119
0.05333333333333334,0.06,0.04666666666666667,0.03333333333333333,0.04,0.04666666666666667,0.05333333333333334,0.02,0.06,0.08,0.04666666666666667,0.02,0.05333333333333334,0.07333333333333333,0.03333333333333333,0.06,0.03333333333333333,0.04,0.06666666666666667,0.08,150
0.08130081300813008,0.04878048780487805,0.056910569105691054,0.04878048780487805,0.04878048780487805,0.056910569105691054,0.04065040650406504,0.08943089430894309,0.016260162601626018,0.06504065040650407,0.032520325203252036,0.04065040650406504,0.024390243902439025,0.032520325203252036,0.07317073170731707,0.016260162601626018,0.07317073170731707,0.04878048780487805,0.056910569105691054,0.04878048780487805,123
0.06451612903225806,0.04032258064516129,0.0967741935483871,0.056451612903225805,0.04032258064516129,0.056451612903225805,0.04838709677419355,0.08064516129032258,0.04032258064516129,0.08064516129032258,0.016129032258064516,0.04032258064516129,0.03225806451612903,0.024193548387096774,0.06451612903225806,0.06451612903225806,0.024193548387096774,0.056451612903225805,0.024193548387096774,0.04838709677419355,124
0.04895104895104895,0.055944055944055944,0.06293706293706294,0.07692307692307693,0.027972027972027972,0.03496503496503497,0.04895104895104895,0.03496503496503497,0.04195804195804196,0.04895104895104895,0.02097902097902098,0.07692307692307693,0.055944055944055944,0.055944055944055944,0.04195804195804196,0.04895104895104895,0.06293706293706294,0.03496503496503497,0.06293706293706294,0.055944055944055944,143
0.06818181818181818,0.011363636363636364,0.022727272727272728,0.056818181818181816,0.056818181818181816,0.011363636363636364,0.06818181818181818,0.06818181818181818,0.0,0.03409090909090909,0.06818181818181818,0.056818181818181816,0.011363636363636364,0.09090909090909091,0.03409090909090909,0.09090909090909091,0.07954545454545454,0.056818181818181816,0.06818181818181818,0.045454545454545456,88
0.01680672268907563,0.03361344537815126,0.03361344537815126,0.08403361344537816,0.058823529411764705,0.058823529411764705,0.07563025210084033,0.058823529411764705,0.05042016806722689,0.01680672268907563,0.05042016806722689,0.025210084033613446,0.06722689075630252,0.05042016806722689,0.01680672268907563,0.058823529411764705,0.07563025210084033,0.058823529411764705,0.04201680672268908,0.06722689075630252,119
0.06293706293706294,0.04895104895104895,0.006993006993006993,0.055944055944055944,0.06993006993006994,0.013986013986013986,0.04195804195804196,0.04895104895104895,0.03496503496503497,0.08391608391608392,0.04895104895104895,0.09090909090909091,0.02097902097902098,0.04195804195804196,0.03496503496503497,0.06993006993006994,0.06293706293706294,0.04195804195804196,0.055944055944055944,0.06293706293706294,143
0.036585365853658534,0.036585365853658534,0.10975609756097561,0.07317073170731707,0.04878048780487805,0.0975609756097561,0.06097560975609756,0.04878048780487805,0.06097560975609756,0.04878048780487805,0.036585365853658534,0.036585365853658534,0.024390243902439025,0.04878048780487805,0.0,0.07317073170731707,0.024390243902439025,0.036585365853658534,0.024390243902439025,0.07317073170731707,82
0.04054054054054054,0.060810810810810814,0.033783783783783786,0.04054054054054054,0.05405405405405406,0.04054054054054054,0.05405405405405406,0.0945945945945946,0.02702702702702703,0.033783783783783786,0.02027027027027027,0.08783783783783784,0.05405405405405406,0.033783783783783786,0.0472972972972973,0.033783783783783786,0.07432432432432433,0.060810810810810814,0.07432432432432433,0.033783783783783786,148
0.05504587155963303,0.08256880733944955,0.045871559633027525,0.027522935779816515,0.03669724770642202,0.09174311926605505,0.03669724770642202,0.03669724770642202,0.03669724770642202,0.01834862385321101,0.03669724770642202,0.045871559633027525,0.045871559633027525,0.11009174311926606,0.05504587155963303,0.05504587155963303,0.045871559633027525,0.06422018348623854,0.027522935779816515,0.045871559633027525,109
0.06796116504854369,0.04854368932038835,0.08737864077669903,0.02912621359223301,0.02912621359223301,0.08737864077669903,0.038834951456310676,0.038834951456310676,0.038834951456310676,0.04854368932038835,0.038834951456310676,0.07766990291262135,0.06796116504854369,0.02912621359223301,0.038834951456310676,0.07766990291262135,0.02912621359223301,0.04854368932038835,0.038834951456310676,0.038834951456310676,103
0.04697986577181208,0.03355704697986577,0.04697986577181208,0.0738255033557047,0.053691275167785234,0.06040268456375839,0.04697986577181208,0.053691275167785234,0.020134228187919462,0.06711409395973154,0.06711409395973154,0.087248322147651,0.03355704697986577,0.026845637583892617,0.053691275167785234,0.053691275167785234,0.03355704697986577,0.03355704697986577,0.0738255033557047,0.03355704697986577,149
0.07857142857142857,0.05714285714285714,0.05714285714285714,0.06428571428571428,0.04285714285714286,0.04285714285714286,0.04285714285714286,0.03571428571428571,0.02142857142857143,0.02857142857142857,0.04285714285714286,0.10714285714285714,0.07142857142857142,0.02857142857142857,0.03571428571428571,0.08571428571428572,0.02142857142857143,0.04285714285714286,0.06428571428571428,0.02857142857142857,140
0.05263157894736842,0.05263157894736842,0.05263157894736842,0.07017543859649122,0.043859649122807015,0.06140350877192982,0.043859649122807015,0.06140350877192982,0.06140350877192982,0.017543859649122806,0.06140350877192982,0.043859649122807015,0.02631578947368421,0.02631578947368421,0.05263157894736842,0.043859649122807015,0.07894736842105263,0.05263157894736842,0.043859649122807015,0.05263157894736842,114
0.047058823529411764,0.03529411764705882,0.047058823529411764,0.047058823529411764,0.058823529411764705,0.047058823529411764,0.058823529411764705,0.10588235294117647,0.058823529411764705,0.03529411764705882,0.023529411764705882,0.058823529411764705,0.047058823529411764,0.047058823529411764,0.058823529411764705,0.058823529411764705,0.03529411764705882,0.023529411764705882,0.047058823529411764,0.058823529411764705,85
0.04854368932038835,0.05825242718446602,0.019417475728155338,0.038834951456310676,0.05825242718446602,0.04854368932038835,0.06796116504854369,0.06796116504854369,0.04854368932038835,0.08737864077669903,0.11650485436893204,0.02912621359223301,0.06796116504854369,0.02912621359223301,0.038834951456310676,0.04854368932038835,0.04854368932038835,0.038834951456310676,0.019417475728155338,0.019417475728155338,103
0.05825242718446602,0.06796116504854369,0.038834951456310676,0.02912621359223301,0.05825242718446602,0.019417475728155338,0.05825242718446602,0.07766990291262135,0.05825242718446602,0.04854368932038835,0.05825242718446602,0.038834951456310676,0.04854368932038835,0.04854368932038835,0.04854368932038835,0.05825242718446602,0.06796116504854369,0.02912621359223301,0.05825242718446602,0.02912621359223301,103
0.0390625,0.0703125,0.0390625,0.046875,0.0546875,0.046875,0.0625,0.03125,0.0390625,0.078125,0.0390625,0.0703125,0.0390625,0.046875,0.03125,0.0546875,0.0546875,0.046875,0.078125,0.03125,128
0.08536585365853659,0.07317073170731707,0.036585365853658534,0.036585365853658534,0.036585365853658534,0.04878048780487805,0.06097560975609756,0.06097560975609756,0.07317073170731707,0.07317073170731707,0.012195121951219513,0.024390243902439025,0.10975609756097561,0.036585365853658534,0.04878048780487805,0.04878048780487805,0.036585365853658534,0.036585365853658534,0.012195121951219513,0.04878048780487805,82
0.02197802197802198,0.02197802197802198,0.054945054945054944,0.054945054945054944,0.054945054945054944,0.054945054945054944,0.01098901098901099,0.04395604395604396,0.054945054945054944,0.08791208791208792,0.04395604395604396,0.01098901098901099,0.054945054945054944,0.07692307692307693,0.054945054945054944,0.054945054945054944,0.06593406593406594,0.054945054945054944,0.08791208791208792,0.03296703296703297,91
0.12345679012345678,0.037037037037037035,0.04938271604938271,0.024691358024691357,0.037037037037037035,0.04938271604938271,0.08641975308641975,0.06172839506172839,0.024691358024691357,0.012345679012345678,0.0,0.024691358024691357,0.024691358024691357,0.09876543209876543,0.09876543209876543,0.04938271604938271,0.06172839506172839,0.024691358024691357,0.037037037037037035,0.07407407407407407,81
0.028037383177570093,0.04672897196261682,0.06542056074766354,0.037383177570093455,0.08411214953271028,0.06542056074766354,0.04672897196261682,0.018691588785046728,0.04672897196261682,0.06542056074766354,0.056074766355140186,0.037383177570093455,0.06542056074766354,0.028037383177570093,0.037383177570093455,0.028037383177570093,0.07476635514018691,0.04672897196261682,0.056074766355140186,0.06542056074766354,107
0.07216494845360824,0.030927835051546393,0.05154639175257732,0.09278350515463918,0.020618556701030927,0.061855670103092786,0.041237113402061855,0.08247422680412371,0.05154639175257732,0.07216494845360824,0.030927835051546393,0.020618556701030927,0.030927835051546393,0.07216494845360824,0.020618556701030927,0.030927835051546393,0.041237113402061855,0.041237113402061855,0.07216494845360824,0.061855670103092786,97
0.024691358024691357,0.04938271604938271,0.06172839506172839,0.08641975308641975,0.024691358024691357,0.012345679012345678,0.06172839506172839,0.06172839506172839,0.09876543209876543,0.07407407407407407,0.037037037037037035,0.012345679012345678,0.037037037037037035,0.04938271604938271,0.037037037037037035,0.06172839506172839,0.07407407407407407,0.037037037037037035,0.012345679012345678,0.08641975308641975,81
0.03333333333333333,0.0,0.05555555555555555,0.1,0.03333333333333333,0.05555555555555555,0.03333333333333333,0.03333333333333333,0.06666666666666667,0.044444444444444446,0.07777777777777778,0.06666666666666667,0.05555555555555555,0.022222222222222223,0.011111111111111112,0.08888888888888889,0.06666666666666667,0.07777777777777778,0.05555555555555555,0.022222222222222223,90
0.11363636363636363,0.06818181818181818,0.045454545454545456,0.03409090909090909,0.022727272727272728,0.011363636363636364,0.056818181818181816,0.09090909090909091,0.03409090909090909,0.022727272727272728,0.022727272727272728,0.03409090909090909,0.09090909090909091,0.03409090909090909,0.03409090909090909,0.045454545454545456,0.03409090909090909,0.07954545454545454,0.07954545454545454,0.045454545454545456,88
0.08695652173913043,0.034782608695652174,0.06956521739130435,0.034782608695652174,0.06086956521739131,0.06086956521739131,0.034782608695652174,0.06956521739130435,0.034782608695652174,0.08695652173913043,0.043478260869565216,0.017391304347826087,0.08695652173913043,0.06956521739130435,0.06956521739130435,0.008695652173913044,0.02608695652173913,0.02608695652173913,0.034782608695652174,0.043478260869565216,115
0.027522935779816515,0.027522935779816515,0.07339449541284404,0.03669724770642202,0.009174311926605505,0.045871559633027525,0.09174311926605505,0.03669724770642202,0.08256880733944955,0.05504587155963303,0.01834862385321101,0.045871559633027525,0.045871559633027525,0.08256880733944955,0.03669724770642202,0.045871559633027525,0.05504587155963303,0.06422018348623854,0.05504587155963303,0.06422018348623854,109
0.04929577464788732,0.07042253521126761,0.035211267605633804,0.02112676056338028,0.07746478873239436,0.07746478873239436,0.04225352112676056,0.07746478873239436,0.07042253521126761,0.07042253521126761,0.028169014084507043,0.028169014084507043,0.07746478873239436,0.04929577464788732,0.04225352112676056,0.02112676056338028,0.028169014084507043,0.04929577464788732,0.04225352112676056,0.04225352112676056,142
0.07142857142857142,0.030612244897959183,0.07142857142857142,0.05102040816326531,0.10204081632653061,0.01020408163265306,0.061224489795918366,0.07142857142857142,0.05102040816326531,0.08163265306122448,0.02040816326530612,0.04081632653061224,0.061224489795918366,0.061224489795918366,0.030612244897959183,0.04081632653061224,0.05102040816326531,0.04081632653061224,0.01020408163265306,0.04081632653061224,98
0.030927835051546393,0.020618556701030927,0.041237113402061855,0.061855670103092786,0.020618556701030927,0.030927835051546393,0.07216494845360824,0.08247422680412371,0.041237113402061855,0.07216494845360824,0.09278350515463918,0.07216494845360824,0.05154639175257732,0.08247422680412371,0.020618556701030927,0.08247422680412371,0.0,0.05154639175257732,0.041237113402061855,0.030927835051546393,97
0.04716981132075472,0.05660377358490566,0.02830188679245283,0.03773584905660377,0.02830188679245283,0.09433962264150944,0.0660377358490566,0.0660377358490566,0.03773584905660377,0.04716981132075472,0.03773584905660377,0.05660377358490566,0.03773584905660377,0.05660377358490566,0.05660377358490566,0.02830188679245283,0.0,0.0660377358490566,0.08490566037735849,0.0660377358490566,106
0.041666666666666664,0.05,0.058333333333333334,0.06666666666666667,0.09166666666666666,0.05,0.058333333333333334,0.041666666666666664,0.058333333333333334,0.06666666666666667,0.025,0.03333333333333333,0.041666666666666664,0.03333333333333333,0.06666666666666667,0.041666666666666664,0.025,0.08333333333333333,0.05,0.016666666666666666,120
0.04895104895104895,0.055944055944055944,0.055944055944055944,0.0979020979020979,0.04195804195804196,0.03496503496503497,0.055944055944055944,0.04195804195804196,0.04195804195804196,0.04195804195804196,0.06993006993006994,0.03496503496503497,0.03496503496503497,0.04195804195804196,0.04195804195804196,0.06993006993006994,0.04895104895104895,0.06293706293706294,0.03496503496503497,0.04195804195804196,143
0.02830188679245283,0.018867924528301886,0.08490566037735849,0.03773584905660377,0.04716981132075472,0.0660377358490566,0.04716981132075472,0.02830188679245283,0.04716981132075472,0.05660377358490566,0.03773584905660377,0.07547169811320754,0.03773584905660377,0.0660377358490566,0.04716981132075472,0.0660377358490566,0.018867924528301886,0.0660377358490566,0.03773584905660377,0.08490566037735849,106
0.10084033613445378,0.10084033613445378,0.07563025210084033,0.03361344537815126,0.025210084033613446,0.058823529411764705,0.01680672268907563,0.025210084033613446,0.04201680672268908,0.03361344537815126,0.05042016806722689,0.03361344537815126,0.06722689075630252,0.025210084033613446,0.05042016806722689,0.04201680672268908,0.06722689075630252,0.058823529411764705,0.05042016806722689,0.04201680672268908,119
0.031007751937984496,0.007751937984496124,0.03875968992248062,0.03875968992248062,0.03875968992248062,0.06976744186046512,0.09302325581395349,0.015503875968992248,0.05426356589147287,0.03875968992248062,0.06201550387596899,0.06976744186046512,0.023255813953488372,0.07751937984496124,0.023255813953488372,0.05426356589147287,0.08527131782945736,0.06976744186046512,0.046511627906976744,0.06201550387596899,129
0.03305785123966942,0.06611570247933884,0.05785123966942149,0.024793388429752067,0.0743801652892562,0.0743801652892562,0.05785123966942149,0.05785123966942149,0.024793388429752067,0.049586776859504134,0.0743801652892562,0.03305785123966942,0.024793388429752067,0.03305785123966942,0.049586776859504134,0.05785123966942149,0.049586776859504134,0.04132231404958678,0.04132231404958678,0.0743801652892562,121
0.037037037037037035,0.07407407407407407,0.037037037037037035,0.02962962962962963,0.044444444444444446,0.02962962962962963,0.044444444444444446,0.06666666666666667,0.022222222222222223,0.05925925925925926,0.05925925925925926,0.02962962962962963,0.07407407407407407,0.11851851851851852,0.037037037037037035,0.05185185185185185,0.06666666666666667,0.037037037037037035,0.05925925925925926,0.022222222222222223,135
0.061068702290076333,0.022900763358778626,0.06870229007633588,0.10687022900763359,0.030534351145038167,0.061068702290076333,0.03816793893129771,0.06870229007633588,0.06870229007633588,0.07633587786259542,0.061068702290076333,0.04580152671755725,0.07633587786259542,0.015267175572519083,0.04580152671755725,0.06870229007633588,0.007633587786259542,0.022900763358778626,0.030534351145038167,0.022900763358778626,131
0.04132231404958678,0.06611570247933884,0.024793388429752067,0.05785123966942149,0.049586776859504134,0.01652892561983471,0.024793388429752067,0.049586776859504134,0.049586776859504134,0.0743801652892562,0.01652892561983471,0.008264462809917356,0.06611570247933884,0.0743801652892562,0.06611570247933884,0.04132231404958678,0.05785123966942149,0.0743801652892562,0.049586776859504134,0.09090909090909091,121
0.058823529411764705,0.04411764705882353,0.03676470588235294,0.07352941176470588,0.058823529411764705,0.0661764705882353,0.0661764705882353,0.0661764705882353,0.058823529411764705,0.04411764705882353,0.058823529411764705,0.04411764705882353,0.051470588235294115,0.0661764705882353,0.051470588235294115,0.029411764705882353,0.029411764705882353,0.04411764705882353,0.007352941176470588,0.04411764705882353,136
0.0,0.08737864077669903,0.038834951456310676,0.038834951456310676,0.04854368932038835,0.05825242718446602,0.08737864077669903,0.05825242718446602,0.04854368932038835,0.038834951456310676,0.038834951456310676,0.038834951456310676,0.019417475728155338,0.05825242718446602,0.05825242718446602,0.04854368932038835,0.06796116504854369,0.038834951456310676,0.06796116504854369,0.05825242718446602,103
0.07291666666666667,0.09375,0.041666666666666664,0.0625,0.020833333333333332,0.041666666666666664,0.03125,0.020833333333333332,0.07291666666666667,0.041666666666666664,0.09375,0.052083333333333336,0.08333333333333333,0.03125,0.041666666666666664,0.0625,0.020833333333333332,0.020833333333333332,0.052083333333333336,0.041666666666666664,96
0.028169014084507043,0.028169014084507043,0.06338028169014084,0.07746478873239436,0.08450704225352113,0.07746478873239436,0.07042253521126761,0.035211267605633804,0.04225352112676056,0.028169014084507043,0.035211267605633804,0.04929577464788732,0.056338028169014086,0.06338028169014084,0.028169014084507043,0.035211267605633804,0.06338028169014084,0.04929577464788732,0.04225352112676056,0.04225352112676056,142
0.061855670103092786,0.05154639175257732,0.05154639175257732,0.05154639175257732,0.010309278350515464,0.030927835051546393,0.041237113402061855,0.041237113402061855,0.020618556701030927,0.041237113402061855,0.08247422680412371,0.061855670103092786,0.08247422680412371,0.05154639175257732,0.05154639175257732,0.07216494845360824,0.08247422680412371,0.020618556701030927,0.061855670103092786,0.030927835051546393,97
0.06521739130434782,0.06521739130434782,0.043478260869565216,0.03260869565217391,0.021739130434782608,0.06521739130434782,0.043478260869565216,0.05434782608695652,0.06521739130434782,0.06521739130434782,0.06521739130434782,0.06521739130434782,0.03260869565217391,0.08695652173913043,0.03260869565217391,0.05434782608695652,0.043478260869565216,0.021739130434782608,0.010869565217391304,0.06521739130434782,92
0.030303030303030304,0.020202020202020204,0.04040404040404041,0.0707070707070707,0.050505050505050504,0.0707070707070707,0.06060606060606061,0.0707070707070707,0.06060606060606061,0.050505050505050504,0.0707070707070707,0.030303030303030304,0.030303030303030304,0.06060606060606061,0.04040404040404041,0.050505050505050504,0.050505050505050504,0.010101010101010102,0.04040404040404041,0.09090909090909091,99
0.06896551724137931,0.05747126436781609,0.06896551724137931,0.05747126436781609,0.11494252873563218,0.05747126436781609,0.022988505747126436,0.011494252873563218,0.034482758620689655,0.06896551724137931,0.08045977011494253,0.011494252873563218,0.04597701149425287,0.011494252873563218,0.08045977011494253,0.04597701149425287,0.034482758620689655,0.05747126436781609,0.034482758620689655,0.034482758620689655,87
0.031578947368421054,0.010526315789473684,0.042105263157894736,0.08421052631578947,0.07368421052631578,0.06315789473684211,0.042105263157894736,0.031578947368421054,0.031578947368421054,0.05263157894736842,0.042105263157894736,0.05263157894736842,0.10526315789473684,0.05263157894736842,0.021052631578947368,0.06315789473684211,0.06315789473684211,0.042105263157894736,0.05263157894736842,0.042105263157894736,95
0.03875968992248062,0.08527131782945736,0.06201550387596899,0.046511627906976744,0.06201550387596899,0.023255813953488372,0.05426356589147287,0.023255813953488372,0.046511627906976744,0.046511627906976744,0.023255813953488372,0.031007751937984496,0.06201550387596899,0.05426356589147287,0.06976744186046512,0.06201550387596899,0.05426356589147287,0.046511627906976744,0.06201550387596899,0.046511627906976744,129
0.06315789473684211,0.021052631578947368,0.042105263157894736,0.042105263157894736,0.042105263157894736,0.07368421052631578,0.021052631578947368,0.05263157894736842,0.07368421052631578,0.05263157894736842,0.07368421052631578,0.031578947368421054,0.05263157894736842,0.021052631578947368,0.07368421052631578,0.042105263157894736,0.010526315789473684,0.08421052631578947,0.06315789473684211,0.06315789473684211,95
0.04878048780487805,0.04065040650406504,0.04065040650406504,0.04878048780487805,0.032520325203252036,0.04878048780487805,0.016260162601626018,0.06504065040650407,0.07317073170731707,0.07317073170731707,0.04065040650406504,0.0975609756097561,0.07317073170731707,0.06504065040650407,0.032520325203252036,0.032520325203252036,0.04065040650406504,0.016260162601626018,0.07317073170731707,0.04065040650406504,123
0.07092198581560284,0.07092198581560284,0.04964539007092199,0.03546099290780142,0.05673758865248227,0.0425531914893617,0.04964539007092199,0.07801418439716312,0.0425531914893617,0.028368794326241134,0.0425531914893617,0.028368794326241134,0.03546099290780142,0.06382978723404255,0.07092198581560284,0.06382978723404255,0.0425531914893617,0.05673758865248227,0.0425531914893617,0.028368794326241134,141
0.04225352112676056,0.06338028169014084,0.035211267605633804,0.07746478873239436,0.04929577464788732,0.04929577464788732,0.04225352112676056,0.06338028169014084,0.04225352112676056,0.04225352112676056,0.02112676056338028,0.07042253521126761,0.06338028169014084,0.07042253521126761,0.028169014084507043,0.028169014084507043,0.04225352112676056,0.06338028169014084,0.056338028169014086,0.04929577464788732,142
0.03571428571428571,0.06428571428571428,0.04285714285714286,0.03571428571428571,0.05,0.05,0.08571428571428572,0.04285714285714286,0.1,0.05,0.08571428571428572,0.02857142857142857,0.05714285714285714,0.02857142857142857,0.014285714285714285,0.04285714285714286,0.04285714285714286,0.05714285714285714,0.02857142857142857,0.05714285714285714,140
0.052083333333333336,0.07291666666666667,0.08333333333333333,0.03125,0.041666666666666664,0.0625,0.041666666666666664,0.041666666666666664,0.03125,0.020833333333333332,0.041666666666666664,0.03125,0.020833333333333332,0.020833333333333332,0.0625,0.0625,0.07291666666666667,0.08333333333333333,0.03125,0.09375,96
0.051470588235294115,0.058823529411764705,0.04411764705882353,0.08088235294117647,0.058823529411764705,0.0661764705882353,0.0661764705882353,0.058823529411764705,0.051470588235294115,0.029411764705882353,0.0661764705882353,0.029411764705882353,0.022058823529411766,0.03676470588235294,0.04411764705882353,0.051470588235294115,0.04411764705882353,0.04411764705882353,0.058823529411764705,0.03676470588235294,136
0.011111111111111112,0.044444444444444446,0.06666666666666667,0.011111111111111112,0.022222222222222223,0.08888888888888889,0.022222222222222223,0.07777777777777778,0.044444444444444446,0.044444444444444446,0.03333333333333333,0.044444444444444446,0.03333333333333333,0.07777777777777778,0.06666666666666667,0.1,0.044444444444444446,0.07777777777777778,0.05555555555555555,0.03333333333333333,90
0.02127659574468085,0.031914893617021274,0.0425531914893617,0.06382978723404255,0.11702127659574468,0.05319148936170213,0.06382978723404255,0.10638297872340426,0.09574468085106383,0.07446808510638298,0.031914893617021274,0.02127659574468085,0.02127659574468085,0.02127659574468085,0.02127659574468085,0.05319148936170213,0.0425531914893617,0.031914893617021274,0.031914893617021274,0.05319148936170213,94
0.03278688524590164,0.04918032786885246,0.04918032786885246,0.00819672131147541,0.040983606557377046,0.04918032786885246,0.05737704918032787,0.05737704918032787,0.040983606557377046,0.03278688524590164,0.04918032786885246,0.08196721311475409,0.11475409836065574,0.040983606557377046,0.01639344262295082,0.03278688524590164,0.040983606557377046,0.06557377049180328,0.08196721311475409,0.05737704918032787,122
0.03968253968253968,0.06349206349206349,0.03968253968253968,0.031746031746031744,0.07142857142857142,0.07142857142857142,0.06349206349206349,0.05555555555555555,0.03968253968253968,0.05555555555555555,0.047619047619047616,0.05555555555555555,0.047619047619047616,0.05555555555555555,0.031746031746031744,0.03968253968253968,0.06349206349206349,0.06349206349206349,0.03968253968253968,0.023809523809523808,126
0.0851063829787234,0.05319148936170213,0.02127659574468085,0.0425531914893617,0.02127659574468085,0.06382978723404255,0.0425531914893617,0.02127659574468085,0.0425531914893617,0.031914893617021274,0.05319148936170213,0.0425531914893617,0.031914893617021274,0.06382978723404255,0.07446808510638298,0.06382978723404255,0.031914893617021274,0.031914893617021274,0.0851063829787234,0.09574468085106383,94
0.047619047619047616,0.047619047619047616,0.011904761904761904,0.023809523809523808,0.047619047619047616,0.05952380952380952,0.05952380952380952,0.05952380952380952,0.023809523809523808,0.08333333333333333,0.03571428571428571,0.023809523809523808,0.11904761904761904,0.023809523809523808,0.047619047619047616,0.05952380952380952,0.08333333333333333,0.023809523809523808,0.07142857142857142,0.047619047619047616,84
0.05,0.075,0.025,0.0375,0.0625,0.0875,0.0375,0.075,0.0875,0.05,0.0125,0.025,0.05,0.05,0.0375,0.025,0.025,0.0625,0.0375,0.0875,80
0.07534246575342465,0.0410958904109589,0.0547945205479452,0.06164383561643835,0.04794520547945205,0.0410958904109589,0.02054794520547945,0.0547945205479452,0.02054794520547945,0.03424657534246575,0.0410958904109589,0.06164383561643835,0.07534246575342465,0.04794520547945205,0.03424657534246575,0.04794520547945205,0.0547945205479452,0.06164383561643835,0.07534246575342465,0.04794520547945205,146
0.020134228187919462,0.087248322147651,0.053691275167785234,0.040268456375838924,0.09395973154362416,0.03355704697986577,0.06040268456375839,0.0738255033557047,0.053691275167785234,0.06711409395973154,0.040268456375838924,0.040268456375838924,0.040268456375838924,0.06040268456375839,0.026845637583892617,0.040268456375838924,0.020134228187919462,0.053691275167785234,0.04697986577181208,0.04697986577181208,149
0.050359712230215826,0.04316546762589928,0.05755395683453238,0.03597122302158273,0.02877697841726619,0.050359712230215826,0.05755395683453238,0.050359712230215826,0.07194244604316546,0.04316546762589928,0.07913669064748201,0.06474820143884892,0.03597122302158273,0.06474820143884892,0.05755395683453238,0.050359712230215826,0.02158273381294964,0.02877697841726619,0.05755395683453238,0.050359712230215826,139
0.07547169811320754,0.07547169811320754,0.04716981132075472,0.04716981132075472,0.10377358490566038,0.05660377358490566,0.0660377358490566,0.04716981132075472,0.009433962264150943,0.018867924528301886,0.04716981132075472,0.03773584905660377,0.018867924528301886,0.03773584905660377,0.03773584905660377,0.03773584905660377,0.07547169811320754,0.03773584905660377,0.07547169811320754,0.04716981132075472,106
0.009433962264150943,0.02830188679245283,0.018867924528301886,0.04716981132075472,0.009433962264150943,0.07547169811320754,0.0660377358490566,0.04716981132075472,0.04716981132075472,0.03773584905660377,0.07547169811320754,0.08490566037735849,0.10377358490566038,0.10377358490566038,0.05660377358490566,0.0660377358490566,0.03773584905660377,0.04716981132075472,0.0,0.03773584905660377,106
0.043478260869565216,0.021739130434782608,0.021739130434782608,0.10869565217391304,0.06521739130434782,0.043478260869565216,0.021739130434782608,0.05434782608695652,0.010869565217391304,0.10869565217391304,0.07608695652173914,0.043478260869565216,0.06521739130434782,0.043478260869565216,0.05434782608695652,0.043478260869565216,0.07608695652173914,0.03260869565217391,0.03260869565217391,0.03260869565217391,92
0.045454545454545456,0.045454545454545456,0.09090909090909091,0.056818181818181816,0.056818181818181816,0.07954545454545454,0.056818181818181816,0.045454545454545456,0.011363636363636364,0.03409090909090909,0.022727272727272728,0.06818181818181818,0.056818181818181816,0.045454545454545456,0.045454545454545456,0.045454545454545456,0.045454545454545456,0.056818181818181816,0.022727272727272728,0.06818181818181818,88
0.011627906976744186,0.05813953488372093,0.06976744186046512,0.03488372093023256,0.08139534883720931,0.08139534883720931,0.046511627906976744,0.03488372093023256,0.05813953488372093,0.06976744186046512,0.03488372093023256,0.08139534883720931,0.046511627906976744,0.023255813953488372,0.046511627906976744,0.046511627906976744,0.046511627906976744,0.046511627906976744,0.046511627906976744,0.03488372093023256,86
0.07377049180327869,0.06557377049180328,0.04918032786885246,0.040983606557377046,0.07377049180327869,0.08196721311475409,0.00819672131147541,0.07377049180327869,0.06557377049180328,0.040983606557377046,0.040983606557377046,0.03278688524590164,0.04918032786885246,0.03278688524590164,0.06557377049180328,0.05737704918032787,0.08196721311475409,0.00819672131147541,0.03278688524590164,0.02459016393442623,122
0.03571428571428571,0.05357142857142857,0.026785714285714284,0.05357142857142857,0.0625,0.05357142857142857,0.0625,0.03571428571428571,0.044642857142857144,0.03571428571428571,0.07142857142857142,0.03571428571428571,0.09821428571428571,0.0625,0.026785714285714284,0.05357142857142857,0.05357142857142857,0.03571428571428571,0.05357142857142857,0.044642857142857144,112
0.061224489795918366,0.030612244897959183,0.05102040816326531,0.030612244897959183,0.030612244897959183,0.04081632653061224,0.04081632653061224,0.09183673469387756,0.061224489795918366,0.04081632653061224,0.030612244897959183,0.09183673469387756,0.09183673469387756,0.04081632653061224,0.09183673469387756,0.05102040816326531,0.01020408163265306,0.05102040816326531,0.030612244897959183,0.030612244897959183,98
0.033783783783783786,0.02027027027027027,0.0945945945945946,0.02702702702702703,0.07432432432432433,0.05405405405405406,0.05405405405405406,0.0472972972972973,0.02027027027027027,0.0472972972972973,0.033783783783783786,0.05405405405405406,0.04054054054054054,0.033783783783783786,0.0945945945945946,0.06756756756756757,0.0472972972972973,0.05405405405405406,0.060810810810810814,0.04054054054054054,148
0.02857142857142857,0.0761904761904762,0.0380952380952381,0.0380952380952381,0.0380952380952381,0.0380952380952381,0.08571428571428572,0.05714285714285714,0.09523809523809523,0.01904761904761905,0.09523809523809523,0.08571428571428572,0.009523809523809525,0.0761904761904762,0.047619047619047616,0.047619047619047616,0.0380952380952381,0.009523809523809525,0.047619047619047616,0.02857142857142857,105
0.038461538461538464,0.07692307692307693,0.028846153846153848,0.09615384615384616,0.038461538461538464,0.028846153846153848,0.019230769230769232,0.038461538461538464,0.028846153846153848,0.0673076923076923,0.057692307692307696,0.057692307692307696,0.04807692307692308,0.038461538461538464,0.028846153846153848,0.057692307692307696,0.057692307692307696,0.0673076923076923,0.04807692307692308,0.07692307692307693,104
0.04424778761061947,0.035398230088495575,0.061946902654867256,0.061946902654867256,0.04424778761061947,0.02654867256637168,0.05309734513274336,0.035398230088495575,0.08849557522123894,0.008849557522123894,0.035398230088495575,0.04424778761061947,0.04424778761061947,0.04424778761061947,0.035398230088495575,0.12389380530973451,0.02654867256637168,0.05309734513274336,0.05309734513274336,0.07964601769911504,113
0.04895104895104895,0.055944055944055944,0.03496503496503497,0.04895104895104895,0.027972027972027972,0.055944055944055944,0.06293706293706294,0.013986013986013986,0.04195804195804196,0.06293706293706294,0.03496503496503497,0.06993006993006994,0.04195804195804196,0.04195804195804196,0.04895104895104895,0.04195804195804196,0.08391608391608392,0.06293706293706294,0.04195804195804196,0.07692307692307693,143
0.045454545454545456,0.07575757575757576,0.015151515151515152,0.045454545454545456,0.05303030303030303,0.045454545454545456,0.08333333333333333,0.045454545454545456,0.05303030303030303,0.10606060606060606,0.03787878787878788,0.030303030303030304,0.030303030303030304,0.045454545454545456,0.045454545454545456,0.08333333333333333,0.045454545454545456,0.05303030303030303,0.03787878787878788,0.022727272727272728,132
0.07339449541284404,0.05504587155963303,0.009174311926605505,0.045871559633027525,0.045871559633027525,0.045871559633027525,0.027522935779816515,0.01834862385321101,0.045871559633027525,0.03669724770642202,0.045871559633027525,0.05504587155963303,0.11009174311926606,0.06422018348623854,0.07339449541284404,0.03669724770642202,0.07339449541284404,0.03669724770642202,0.027522935779816515,0.07339449541284404,109
0.05102040816326531,0.07142857142857142,0.08163265306122448,0.04081632653061224,0.05102040816326531,0.08163265306122448,0.02040816326530612,0.04081632653061224,0.05102040816326531,0.030612244897959183,0.05102040816326531,0.11224489795918367,0.02040816326530612,0.05102040816326531,0.030612244897959183,0.04081632653061224,0.030612244897959183,0.02040816326530612,0.061224489795918366,0.061224489795918366,98
0.018518518518518517,0.018518518518518517,0.027777777777777776,0.06481481481481481,0.018518518518518517,0.08333333333333333,0.037037037037037035,0.046296296296296294,0.05555555555555555,0.037037037037037035,0.06481481481481481,0.07407407407407407,0.06481481481481481,0.07407407407407407,0.05555555555555555,0.037037037037037035,0.08333333333333333,0.018518518518518517,0.07407407407407407,0.046296296296296294,108
0.04597701149425287,0.034482758620689655,0.04597701149425287,0.06896551724137931,0.06896551724137931,0.022988505747126436,0.011494252873563218,0.06896551724137931,0.08045977011494253,0.08045977011494253,0.011494252873563218,0.08045977011494253,0.05747126436781609,0.04597701149425287,0.08045977011494253,0.04597701149425287,0.06896551724137931,0.022988505747126436,0.04597701149425287,0.011494252873563218,87
0.01020408163265306,0.07142857142857142,0.08163265306122448,0.030612244897959183,0.09183673469387756,0.02040816326530612,0.01020408163265306,0.030612244897959183,0.04081632653061224,0.061224489795918366,0.07142857142857142,0.04081632653061224,0.030612244897959183,0.0,0.07142857142857142,0.11224489795918367,0.07142857142857142,0.04081632653061224,0.05102040816326531,0.061224489795918366,98
0.024193548387096774,0.056451612903225805,0.04838709677419355,0.06451612903225806,0.04838709677419355,0.056451612903225805,0.024193548387096774,0.04032258064516129,0.056451612903225805,0.06451612903225806,0.07258064516129033,0.07258064516129033,0.07258064516129033,0.10483870967741936,0.024193548387096774,0.024193548387096774,0.03225806451612903,0.04032258064516129,0.04032258064516129,0.03225806451612903,124
0.013422818791946308,0.087248322147651,0.026845637583892617,0.06040268456375839,0.040268456375838924,0.040268456375838924,0.0738255033557047,0.06040268456375839,0.06711409395973154,0.0738255033557047,0.04697986577181208,0.04697986577181208,0.053691275167785234,0.053691275167785234,0.06040268456375839,0.04697986577181208,0.040268456375838924,0.06040268456375839,0.026845637583892617,0.020134228187919462,149
0.06206896551724138,0.05517241379310345,0.041379310344827586,0.034482758620689655,0.04827586206896552,0.034482758620689655,0.06206896551724138,0.04827586206896552,0.04827586206896552,0.06896551724137931,0.06206896551724138,0.041379310344827586,0.034482758620689655,0.027586206896551724,0.06206896551724138,0.034482758620689655,0.07586206896551724,0.08275862068965517,0.020689655172413793,0.05517241379310345,145
0.03636363636363636,0.08181818181818182,0.03636363636363636,0.03636363636363636,0.03636363636363636,0.06363636363636363,0.05454545454545454,0.03636363636363636,0.045454545454545456,0.05454545454545454,0.02727272727272727,0.10909090909090909,0.03636363636363636,0.05454545454545454,0.045454545454545456,0.045454545454545456,0.045454545454545456,0.05454545454545454,0.03636363636363636,0.06363636363636363,110
0.027777777777777776,0.0625,0.034722222222222224,0.05555555555555555,0.034722222222222224,0.05555555555555555,0.0763888888888889,0.04861111111111111,0.05555555555555555,0.0763888888888889,0.05555555555555555,0.041666666666666664,0.04861111111111111,0.04861111111111111,0.09722222222222222,0.034722222222222224,0.034722222222222224,0.041666666666666664,0.04861111111111111,0.020833333333333332,144
0.07142857142857142,0.08035714285714286,0.07142857142857142,0.044642857142857144,0.026785714285714284,0.0625,0.03571428571428571,0.05357142857142857,0.05357142857142857,0.017857142857142856,0.05357142857142857,0.044642857142857144,0.07142857142857142,0.03571428571428571,0.03571428571428571,0.07142857142857142,0.026785714285714284,0.05357142857142857,0.044642857142857144,0.044642857142857144,112
0.05714285714285714,0.05714285714285714,0.07142857142857142,0.05,0.02142857142857143,0.07857142857142857,0.014285714285714285,0.05,0.05714285714285714,0.02142857142857143,0.05714285714285714,0.03571428571428571,0.09285714285714286,0.05714285714285714,0.05714285714285714,0.05714285714285714,0.05,0.04285714285714286,0.02857142857142857,0.04285714285714286,140
0.015151515151515152,0.05303030303030303,0.045454545454545456,0.07575757575757576,0.045454545454545456,0.03787878787878788,0.03787878787878788,0.030303030303030304,0.030303030303030304,0.05303030303030303,0.07575757575757576,0.06818181818181818,0.07575757575757576,0.05303030303030303,0.05303030303030303,0.08333333333333333,0.06818181818181818,0.022727272727272728,0.03787878787878788,0.03787878787878788,132
0.06818181818181818,0.022727272727272728,0.056818181818181816,0.045454545454545456,0.056818181818181816,0.10227272727272728,0.056818181818181816,0.022727272727272728,0.03409090909090909,0.045454545454545456,0.045454545454545456,0.022727272727272728,0.07954545454545454,0.045454545454545456,0.045454545454545456,0.056818181818181816,0.045454545454545456,0.03409090909090909,0.056818181818181816,0.056818181818181816,88
0.03389830508474576,0.06779661016949153,0.06779661016949153,0.03389830508474576,0.06779661016949153,0.05084745762711865,0.03389830508474576,0.059322033898305086,0.05084745762711865,0.05084745762711865,0.0423728813559322,0.025423728813559324,0.05084745762711865,0.03389830508474576,0.06779661016949153,0.0847457627118644,0.03389830508474576,0.0423728813559322,0.025423728813559324,0.07627118644067797,118
0.06,0.07,0.07,0.06,0.04,0.08,0.05,0.03,0.03,0.08,0.04,0.02,0.05,0.02,0.05,0.06,0.07,0.03,0.06,0.03,100
0.05,0.0375,0.0375,0.0375,0.025,0.1,0.0625,0.1,0.1125,0.0125,0.0375,0.075,0.0625,0.05,0.0125,0.05,0.025,0.075,0.025,0.0125,80
0.022222222222222223,0.05925925925925926,0.05185185185185185,0.044444444444444446,0.1111111111111111,0.05925925925925926,0.022222222222222223,0.05925925925925926,0.037037037037037035,0.07407407407407407,0.02962962962962963,0.037037037037037035,0.022222222222222223,0.05185185185185185,0.05185185185185185,0.07407407407407407,0.037037037037037035,0.06666666666666667,0.06666666666666667,0.022222222222222223,135
0.057971014492753624,0.06521739130434782,0.07971014492753623,0.028985507246376812,0.043478260869565216,0.050724637681159424,0.057971014492753624,0.036231884057971016,0.057971014492753624,0.028985507246376812,0.06521739130434782,0.06521739130434782,0.050724637681159424,0.043478260869565216,0.043478260869565216,0.043478260869565216,0.043478260869565216,0.057971014492753624,0.036231884057971016,0.043478260869565216,138
0.023255813953488372,0.03488372093023256,0.06976744186046512,0.08139534883720931,0.03488372093023256,0.03488372093023256,0.05813953488372093,0.046511627906976744,0.06976744186046512,0.08139534883720931,0.03488372093023256,0.046511627906976744,0.06976744186046512,0.08139534883720931,0.046511627906976744,0.03488372093023256,0.05813953488372093,0.046511627906976744,0.011627906976744186,0.03488372093023256,86
0.09302325581395349,0.023255813953488372,0.09302325581395349,0.03488372093023256,0.06976744186046512,0.03488372093023256,0.05813953488372093,0.046511627906976744,0.023255813953488372,0.09302325581395349,0.046511627906976744,0.03488372093023256,0.023255813953488372,0.03488372093023256,0.05813953488372093,0.05813953488372093,0.06976744186046512,0.023255813953488372,0.011627906976744186,0.06976744186046512,86
0.03296703296703297,0.03296703296703297,0.054945054945054944,0.04395604395604396,0.02197802197802198,0.03296703296703297,0.04395604395604396,0.04395604395604396,0.07692307692307693,0.06593406593406594,0.07692307692307693,0.03296703296703297,0.0989010989010989,0.02197802197802198,0.07692307692307693,0.054945054945054944,0.07692307692307693,0.01098901098901099,0.03296703296703297,0.06593406593406594,91
0.05,0.0375,0.075,0.0,0.0625,0.0625,0.05,0.025,0.05,0.075,0.0625,0.075,0.075,0.0625,0.025,0.0625,0.0375,0.0125,0.0625,0.0375,80
0.050505050505050504,0.050505050505050504,0.04040404040404041,0.04040404040404041,0.0707070707070707,0.08080808080808081,0.04040404040404041,0.030303030303030304,0.06060606060606061,0.020202020202020204,0.010101010101010102,0.04040404040404041,0.050505050505050504,0.050505050505050504,0.050505050505050504,0.04040404040404041,0.08080808080808081,0.0707070707070707,0.06060606060606061,0.06060606060606061,99
0.03508771929824561,0.07894736842105263,0.07017543859649122,0.043859649122807015,0.043859649122807015,0.07017543859649122,0.02631578947368421,0.043859649122807015,0.03508771929824561,0.06140350877192982,0.02631578947368421,0.02631578947368421,0.02631578947368421,0.07017543859649122,0.043859649122807015,0.043859649122807015,0.07017543859649122,0.03508771929824561,0.06140350877192982,0.08771929824561403,114
0.04,0.04,0.088,0.064,0.024,0.048,0.048,0.056,0.064,0.048,0.056,0.008,0.048,0.04,0.072,0.056,0.056,0.056,0.048,0.04,125
0.08421052631578947,0.042105263157894736,0.042105263157894736,0.09473684210526316,0.05263157894736842,0.031578947368421054,0.031578947368421054,0.06315789473684211,0.07368421052631578,0.0,0.05263157894736842,0.042105263157894736,0.031578947368421054,0.05263157894736842,0.042105263157894736,0.021052631578947368,0.031578947368421054,0.06315789473684211,0.07368421052631578,0.07368421052631578,95
0.03571428571428571,0.02857142857142857,0.06428571428571428,0.07142857142857142,0.04285714285714286,0.014285714285714285,0.05,0.02857142857142857,0.06428571428571428,0.02857142857142857,0.05,0.07142857142857142,0.07142857142857142,0.06428571428571428,0.04285714285714286,0.07857142857142857,0.05714285714285714,0.02142857142857143,0.09285714285714286,0.02142857142857143,140
0.034782608695652174,0.02608695652173913,0.06086956521739131,0.02608695652173913,0.06956521739130435,0.034782608695652174,0.06956521739130435,0.034782608695652174,0.02608695652173913,0.0,0.05217391304347826,0.02608695652173913,0.0782608695652174,0.09565217391304348,0.08695652173913043,0.05217391304347826,0.043478260869565216,0.06086956521739131,0.06086956521739131,0.06086956521739131,115
0.07692307692307693,0.054945054945054944,0.02197802197802198,0.10989010989010989,0.03296703296703297,0.01098901098901099,0.08791208791208792,0.054945054945054944,0.054945054945054944,0.02197802197802198,0.054945054945054944,0.06593406593406594,0.06593406593406594,0.04395604395604396,0.04395604395604396,0.054945054945054944,0.04395604395604396,0.03296703296703297,0.03296703296703297,0.03296703296703297,91
0.06870229007633588,0.030534351145038167,0.06870229007633588,0.06870229007633588,0.0916030534351145,0.022900763358778626,0.061068702290076333,0.03816793893129771,0.061068702290076333,0.022900763358778626,0.030534351145038167,0.07633587786259542,0.061068702290076333,0.04580152671755725,0.04580152671755725,0.022900763358778626,0.03816793893129771,0.030534351145038167,0.06870229007633588,0.04580152671755725,131
0.04081632653061224,0.07142857142857142,0.02040816326530612,0.05102040816326531,0.04081632653061224,0.07142857142857142,0.05102040816326531,0.030612244897959183,0.04081632653061224,0.05102040816326531,0.02040816326530612,0.030612244897959183,0.061224489795918366,0.061224489795918366,0.030612244897959183,0.08163265306122448,0.061224489795918366,0.05102040816326531,0.061224489795918366,0.07142857142857142,98
0.0,0.08695652173913043,0.08695652173913043,0.043478260869565216,0.03260869565217391,0.05434782608695652,0.06521739130434782,0.05434782608695652,0.05434782608695652,0.05434782608695652,0.043478260869565216,0.03260869565217391,0.03260869565217391,0.021739130434782608,0.07608695652173914,0.10869565217391304,0.03260869565217391,0.05434782608695652,0.0,0.06521739130434782,92
0.05154639175257732,0.05154639175257732,0.061855670103092786,0.030927835051546393,0.10309278350515463,0.030927835051546393,0.07216494845360824,0.041237113402061855,0.030927835051546393,0.041237113402061855,0.041237113402061855,0.061855670103092786,0.08247422680412371,0.07216494845360824,0.030927835051546393,0.041237113402061855,0.020618556701030927,0.05154639175257732,0.05154639175257732,0.030927835051546393,97
0.050359712230215826,0.06474820143884892,0.06474820143884892,0.07913669064748201,0.06474820143884892,0.04316546762589928,0.05755395683453238,0.050359712230215826,0.04316546762589928,0.04316546762589928,0.014388489208633094,0.050359712230215826,0.05755395683453238,0.03597122302158273,0.04316546762589928,0.050359712230215826,0.04316546762589928,0.04316546762589928,0.050359712230215826,0.050359712230215826,139
0.04895104895104895,0.04895104895104895,0.07692307692307693,0.08391608391608392,0.04895104895104895,0.06993006993006994,0.02097902097902098,0.04895104895104895,0.03496503496503497,0.027972027972027972,0.055944055944055944,0.03496503496503497,0.027972027972027972,0.04895104895104895,0.04895104895104895,0.04195804195804196,0.04195804195804196,0.04195804195804196,0.06293706293706294,0.08391608391608392,143
0.06363636363636363,0.01818181818181818,0.045454545454545456,0.07272727272727272,0.02727272727272727,0.03636363636363636,0.02727272727272727,0.06363636363636363,0.03636363636363636,0.05454545454545454,0.02727272727272727,0.06363636363636363,0.03636363636363636,0.1,0.00909090909090909,0.05454545454545454,0.05454545454545454,0.11818181818181818,0.08181818181818182,0.00909090909090909,110
0.07079646017699115,0.07079646017699115,0.05309734513274336,0.07079646017699115,0.05309734513274336,0.05309734513274336,0.07079646017699115,0.008849557522123894,0.07079646017699115,0.05309734513274336,0.061946902654867256,0.035398230088495575,0.035398230088495575,0.02654867256637168,0.04424778761061947,0.07079646017699115,0.04424778761061947,0.04424778761061947,0.04424778761061947,0.017699115044247787,113
0.012195121951219513,0.12195121951219512,0.012195121951219513,0.024390243902439025,0.06097560975609756,0.024390243902439025,0.07317073170731707,0.024390243902439025,0.08536585365853659,0.036585365853658534,0.08536585365853659,0.024390243902439025,0.06097560975609756,0.012195121951219513,0.04878048780487805,0.08536585365853659,0.012195121951219513,0.036585365853658534,0.10975609756097561,0.04878048780487805,82
0.019801980198019802,0.0297029702970297,0.0297029702970297,0.06930693069306931,0.0594059405940594,0.0297029702970297,0.0,0.04950495049504951,0.13861386138613863,0.06930693069306931,0.0297029702970297,0.0594059405940594,0.07920792079207921,0.07920792079207921,0.04950495049504951,0.0297029702970297,0.04950495049504951,0.04950495049504951,0.0297029702970297,0.04950495049504951,101
0.06993006993006994,0.027972027972027972,0.055944055944055944,0.04195804195804196,0.06993006993006994,0.055944055944055944,0.06993006993006994,0.027972027972027972,0.06293706293706294,0.04895104895104895,0.04895104895104895,0.02097902097902098,0.08391608391608392,0.03496503496503497,0.03496503496503497,0.04895104895104895,0.04195804195804196,0.04895104895104895,0.06293706293706294,0.04195804195804196,143
0.03125,0.0546875,0.0390625,0.046875,0.0625,0.0625,0.0234375,0.0390625,0.0390625,0.1015625,0.0546875,0.03125,0.0703125,0.0390625,0.03125,0.0390625,0.0703125,0.0546875,0.0625,0.046875,128
0.06870229007633588,0.07633587786259542,0.061068702290076333,0.030534351145038167,0.06870229007633588,0.061068702290076333,0.08396946564885496,0.04580152671755725,0.04580152671755725,0.05343511450381679,0.022900763358778626,0.022900763358778626,0.030534351145038167,0.022900763358778626,0.03816793893129771,0.08396946564885496,0.030534351145038167,0.061068702290076333,0.03816793893129771,0.05343511450381679,131
0.07272727272727272,0.08181818181818182,0.045454545454545456,0.05454545454545454,0.06363636363636363,0.045454545454545456,0.07272727272727272,0.03636363636363636,0.02727272727272727,0.07272727272727272,0.07272727272727272,0.00909090909090909,0.07272727272727272,0.02727272727272727,0.02727272727272727,0.06363636363636363,0.045454545454545456,0.06363636363636363,0.01818181818181818,0.02727272727272727,110
0.04081632653061224,0.061224489795918366,0.04081632653061224,0.030612244897959183,0.11224489795918367,0.07142857142857142,0.061224489795918366,0.030612244897959183,0.04081632653061224,0.04081632653061224,0.05102040816326531,0.05102040816326531,0.08163265306122448,0.04081632653061224,0.04081632653061224,0.05102040816326531,0.05102040816326531,0.02040816326530612,0.04081632653061224,0.04081632653061224,98
0.06,0.04,0.05333333333333334,0.04,0.03333333333333333,0.05333333333333334,0.06,0.02,0.07333333333333333,0.07333333333333333,0.06666666666666667,0.03333333333333333,0.06,0.07333333333333333,0.02666666666666667,0.04666666666666667,0.06666666666666667,0.03333333333333333,0.06666666666666667,0.02,150
0.012195121951219513,0.08536585365853659,0.10975609756097561,0.036585365853658534,0.06097560975609756,0.07317073170731707,0.036585365853658534,0.024390243902439025,0.04878048780487805,0.012195121951219513,0.036585365853658534,0.036585365853658534,0.036585365853658534,0.06097560975609756,0.024390243902439025,0.024390243902439025,0.07317073170731707,0.036585365853658534,0.0975609756097561,0.07317073170731707,82
0.0410958904109589,0.02054794520547945,0.0410958904109589,0.0547945205479452,0.06164383561643835,0.0547945205479452,0.0410958904109589,0.04794520547945205,0.04794520547945205,0.0273972602739726,0.06164383561643835,0.03424657534246575,0.0547945205479452,0.07534246575342465,0.0547945205479452,0.0684931506849315,0.0684931506849315,0.0273972602739726,0.0684931506849315,0.04794520547945205,146
0.01680672268907563,0.03361344537815126,0.06722689075630252,0.03361344537815126,0.04201680672268908,0.03361344537815126,0.05042016806722689,0.01680672268907563,0.03361344537815126,0.025210084033613446,0.058823529411764705,0.058823529411764705,0.06722689075630252,0.04201680672268908,0.12605042016806722,0.05042016806722689,0.04201680672268908,0.03361344537815126,0.07563025210084033,0.09243697478991597,119
0.048,0.008,0.024,0.08,0.04,0.064,0.056,0.064,0.08,0.056,0.024,0.056,0.032,0.032,0.056,0.064,0.064,0.048,0.064,0.04,125
0.05405405405405406,0.09009009009009009,0.06306306306306306,0.04504504504504504,0.05405405405405406,0.07207207207207207,0.04504504504504504,0.06306306306306306,0.04504504504504504,0.02702702702702703,0.05405405405405406,0.06306306306306306,0.02702702702702703,0.009009009009009009,0.05405405405405406,0.036036036036036036,0.08108108108108109,0.02702702702702703,0.02702702702702703,0.06306306306306306,111
0.05454545454545454,0.045454545454545456,0.07272727272727272,0.03636363636363636,0.03636363636363636,0.05454545454545454,0.01818181818181818,0.05454545454545454,0.03636363636363636,0.07272727272727272,0.09090909090909091,0.07272727272727272,0.02727272727272727,0.02727272727272727,0.03636363636363636,0.07272727272727272,0.045454545454545456,0.06363636363636363,0.05454545454545454,0.02727272727272727,110
0.04878048780487805,0.012195121951219513,0.012195121951219513,0.024390243902439025,0.06097560975609756,0.04878048780487805,0.07317073170731707,0.036585365853658534,0.06097560975609756,0.04878048780487805,0.04878048780487805,0.036585365853658534,0.07317073170731707,0.07317073170731707,0.0,0.06097560975609756,0.036585365853658534,0.06097560975609756,0.07317073170731707,0.10975609756097561,82
0.064,0.048,0.04,0.056,0.072,0.056,0.04,0.056,0.04,0.04,0.064,0.072,0.056,0.048,0.056,0.032,0.032,0.04,0.048,0.04,125
0.050359712230215826,0.04316546762589928,0.04316546762589928,0.014388489208633094,0.06474820143884892,0.05755395683453238,0.05755395683453238,0.06474820143884892,0.06474820143884892,0.050359712230215826,0.03597122302158273,0.04316546762589928,0.02877697841726619,0.050359712230215826,0.02877697841726619,0.050359712230215826,0.09352517985611511,0.050359712230215826,0.007194244604316547,0.10071942446043165,139
0.03759398496240601,0.045112781954887216,0.06015037593984962,0.08270676691729323,0.06015037593984962,0.022556390977443608,0.03759398496240601,0.045112781954887216,0.06766917293233082,0.03007518796992481,0.08270676691729323,0.03007518796992481,0.06766917293233082,0.06015037593984962,0.045112781954887216,0.045112781954887216,0.03759398496240601,0.05263157894736842,0.03759398496240601,0.05263157894736842,133
0.034013605442176874,0.06802721088435375,0.07482993197278912,0.027210884353741496,0.061224489795918366,0.047619047619047616,0.047619047619047616,0.047619047619047616,0.05442176870748299,0.05442176870748299,0.04081632653061224,0.047619047619047616,0.04081632653061224,0.034013605442176874,0.034013605442176874,0.07482993197278912,0.04081632653061224,0.047619047619047616,0.06802721088435375,0.05442176870748299,147
0.05555555555555555,0.1111111111111111,0.07777777777777778,0.07777777777777778,0.05555555555555555,0.011111111111111112,0.05555555555555555,0.022222222222222223,0.05555555555555555,0.044444444444444446,0.044444444444444446,0.044444444444444446,0.011111111111111112,0.022222222222222223,0.08888888888888889,0.03333333333333333,0.044444444444444446,0.022222222222222223,0.05555555555555555,0.06666666666666667,90
0.021739130434782608,0.06521739130434782,0.05434782608695652,0.05434782608695652,0.021739130434782608,0.03260869565217391,0.021739130434782608,0.03260869565217391,0.07608695652173914,0.043478260869565216,0.05434782608695652,0.021739130434782608,0.10869565217391304,0.07608695652173914,0.05434782608695652,0.05434782608695652,0.043478260869565216,0.05434782608695652,0.043478260869565216,0.06521739130434782,92
0.10638297872340426,0.0,0.05673758865248227,0.09219858156028368,0.0425531914893617,0.02127659574468085,0.014184397163120567,0.04964539007092199,0.04964539007092199,0.04964539007092199,0.0851063829787234,0.06382978723404255,0.05673758865248227,0.0425531914893617,0.0425531914893617,0.07092198581560284,0.0425531914893617,0.014184397163120567,0.04964539007092199,0.04964539007092199,141
0.07142857142857142,0.023809523809523808,0.10317460317460317,0.05555555555555555,0.05555555555555555,0.047619047619047616,0.031746031746031744,0.015873015873015872,0.03968253968253968,0.031746031746031744,0.07142857142857142,0.05555555555555555,0.06349206349206349,0.05555555555555555,0.06349206349206349,0.05555555555555555,0.07936507936507936,0.031746031746031744,0.015873015873015872,0.031746031746031744,126
0.027210884353741496,0.07482993197278912,0.04081632653061224,0.061224489795918366,0.061224489795918366,0.06802721088435375,0.04081632653061224,0.05442176870748299,0.04081632653061224,0.027210884353741496,0.05442176870748299,0.08163265306122448,0.05442176870748299,0.02040816326530612,0.034013605442176874,0.05442176870748299,0.06802721088435375,0.06802721088435375,0.02040816326530612,0.047619047619047616,147
0.04807692307692308,0.04807692307692308,0.038461538461538464,0.07692307692307693,0.04807692307692308,0.0673076923076923,0.028846153846153848,0.028846153846153848,0.07692307692307693,0.009615384615384616,0.07692307692307693,0.038461538461538464,0.04807692307692308,0.028846153846153848,0.04807692307692308,0.038461538461538464,0.0673076923076923,0.038461538461538464,0.038461538461538464,0.10576923076923077,104
0.023809523809523808,0.031746031746031744,0.047619047619047616,0.047619047619047616,0.047619047619047616,0.05555555555555555,0.047619047619047616,0.03968253968253968,0.047619047619047616,0.047619047619047616,0.07142857142857142,0.05555555555555555,0.03968253968253968,0.031746031746031744,0.07936507936507936,0.07142857142857142,0.031746031746031744,0.07142857142857142,0.023809523809523808,0.0873015873015873,126
0.0375,0.075,0.05,0.05,0.05,0.0625,0.125,0.05,0.0625,0.05,0.05,0.0375,0.05,0.0125,0.025,0.0375,0.025,0.0375,0.05,0.0625,80
0.04819277108433735,0.08433734939759036,0.08433734939759036,0.08433734939759036,0.03614457831325301,0.07228915662650602,0.012048192771084338,0.03614457831325301,0.03614457831325301,0.03614457831325301,0.03614457831325301,0.07228915662650602,0.04819277108433735,0.03614457831325301,0.07228915662650602,0.03614457831325301,0.07228915662650602,0.024096385542168676,0.03614457831325301,0.03614457831325301,83
0.05303030303030303,0.06818181818181818,0.045454545454545456,0.07575757575757576,0.022727272727272728,0.05303030303030303,0.045454545454545456,0.07575757575757576,0.030303030303030304,0.045454545454545456,0.06818181818181818,0.030303030303030304,0.06060606060606061,0.030303030303030304,0.022727272727272728,0.030303030303030304,0.03787878787878788,0.07575757575757576,0.06060606060606061,0.06818181818181818,132
0.049586776859504134,0.05785123966942149,0.05785123966942149,0.04132231404958678,0.0743801652892562,0.049586776859504134,0.08264462809917356,0.008264462809917356,0.04132231404958678,0.04132231404958678,0.01652892561983471,0.024793388429752067,0.03305785123966942,0.01652892561983471,0.05785123966942149,0.10743801652892562,0.05785123966942149,0.08264462809917356,0.03305785123966942,0.06611570247933884,121
0.0851063829787234,0.07092198581560284,0.07801418439716312,0.0425531914893617,0.028368794326241134,0.07092198581560284,0.05673758865248227,0.0425531914893617,0.0425531914893617,0.04964539007092199,0.04964539007092199,0.07092198581560284,0.0425531914893617,0.0425531914893617,0.014184397163120567,0.04964539007092199,0.04964539007092199,0.05673758865248227,0.028368794326241134,0.028368794326241134,141
0.03669724770642202,0.05504587155963303,0.03669724770642202,0.06422018348623854,0.07339449541284404,0.05504587155963303,0.07339449541284404,0.05504587155963303,0.045871559633027525,0.045871559633027525,0.045871559633027525,0.09174311926605505,0.03669724770642202,0.027522935779816515,0.027522935779816515,0.06422018348623854,0.045871559633027525,0.045871559633027525,0.05504587155963303,0.01834862385321101,109
0.07692307692307693,0.02564102564102564,0.05128205128205128,0.042735042735042736,0.042735042735042736,0.05982905982905983,0.042735042735042736,0.02564102564102564,0.05128205128205128,0.02564102564102564,0.06837606837606838,0.05128205128205128,0.06837606837606838,0.042735042735042736,0.05128205128205128,0.03418803418803419,0.05982905982905983,0.042735042735042736,0.05982905982905983,0.07692307692307693,117
0.03225806451612903,0.053763440860215055,0.03225806451612903,0.03225806451612903,0.021505376344086023,0.03225806451612903,0.053763440860215055,0.07526881720430108,0.06451612903225806,0.10752688172043011,0.010752688172043012,0.03225806451612903,0.08602150537634409,0.07526881720430108,0.03225806451612903,0.03225806451612903,0.043010752688172046,0.043010752688172046,0.043010752688172046,0.0967741935483871,93
0.041666666666666664,0.041666666666666664,0.09375,0.07291666666666667,0.03125,0.052083333333333336,0.0625,0.020833333333333332,0.0625,0.03125,0.0625,0.052083333333333336,0.052083333333333336,0.03125,0.03125,0.0625,0.052083333333333336,0.0625,0.010416666666666666,0.07291666666666667,96
0.025210084033613446,0.05042016806722689,0.07563025210084033,0.11764705882352941,0.05042016806722689,0.03361344537815126,0.10084033613445378,0.03361344537815126,0.01680672268907563,0.05042016806722689,0.07563025210084033,0.03361344537815126,0.025210084033613446,0.025210084033613446,0.03361344537815126,0.03361344537815126,0.05042016806722689,0.03361344537815126,0.06722689075630252,0.06722689075630252,119
0.07272727272727272,0.045454545454545456,0.05454545454545454,0.07272727272727272,0.02727272727272727,0.05454545454545454,0.05454545454545454,0.05454545454545454,0.02727272727272727,0.03636363636363636,0.08181818181818182,0.045454545454545456,0.05454545454545454,0.06363636363636363,0.02727272727272727,0.045454545454545456,0.05454545454545454,0.03636363636363636,0.045454545454545456,0.045454545454545456,110
0.08139534883720931,0.0,0.03488372093023256,0.023255813953488372,0.023255813953488372,0.05813953488372093,0.06976744186046512,0.05813953488372093,0.046511627906976744,0.046511627906976744,0.05813953488372093,0.046511627906976744,0.08139534883720931,0.05813953488372093,0.03488372093023256,0.03488372093023256,0.046511627906976744,0.05813953488372093,0.05813953488372093,0.08139534883720931,86
0.06299212598425197,0.047244094488188976,0.05511811023622047,0.05511811023622047,0.06299212598425197,0.05511811023622047,0.03937007874015748,0.08661417322834646,0.06299212598425197,0.06299212598425197,0.05511811023622047,0.03937007874015748,0.07086614173228346,0.03937007874015748,0.03937007874015748,0.03937007874015748,0.047244094488188976,0.015748031496062992,0.023622047244094488,0.03937007874015748,127
0.08,0.01,0.04,0.07,0.02,0.07,0.05,0.07,0.05,0.04,0.05,0.06,0.06,0.02,0.02,0.07,0.02,0.06,0.05,0.09,100
0.022988505747126436,0.06896551724137931,0.06896551724137931,0.06896551724137931,0.06896551724137931,0.034482758620689655,0.04597701149425287,0.04597701149425287,0.06896551724137931,0.05747126436781609,0.022988505747126436,0.022988505747126436,0.034482758620689655,0.05747126436781609,0.034482758620689655,0.08045977011494253,0.04597701149425287,0.022988505747126436,0.06896551724137931,0.05747126436781609,87
0.04424778761061947,0.02654867256637168,0.008849557522123894,0.061946902654867256,0.035398230088495575,0.04424778761061947,0.04424778761061947,0.061946902654867256,0.07079646017699115,0.05309734513274336,0.05309734513274336,0.04424778761061947,0.07079646017699115,0.07964601769911504,0.02654867256637168,0.04424778761061947,0.061946902654867256,0.061946902654867256,0.04424778761061947,0.061946902654867256,113
0.03875968992248062,0.023255813953488372,0.06201550387596899,0.046511627906976744,0.031007751937984496,0.07751937984496124,0.03875968992248062,0.031007751937984496,0.03875968992248062,0.046511627906976744,0.06976744186046512,0.07751937984496124,0.031007751937984496,0.046511627906976744,0.05426356589147287,0.05426356589147287,0.05426356589147287,0.031007751937984496,0.05426356589147287,0.09302325581395349,129
0.08666666666666667,0.02666666666666667,0.06666666666666667,0.02,0.04666666666666667,0.08,0.02,0.03333333333333333,0.07333333333333333,0.04666666666666667,0.04666666666666667,0.04666666666666667,0.02,0.06666666666666667,0.05333333333333334,0.04666666666666667,0.06,0.08,0.05333333333333334,0.02666666666666667,150
0.03418803418803419,0.05128205128205128,0.02564102564102564,0.06837606837606838,0.03418803418803419,0.08547008547008547,0.02564102564102564,0.06837606837606838,0.042735042735042736,0.042735042735042736,0.06837606837606838,0.02564102564102564,0.06837606837606838,0.05982905982905983,0.07692307692307693,0.042735042735042736,0.042735042735042736,0.02564102564102564,0.05128205128205128,0.05982905982905983,117
0.0423728813559322,0.0423728813559322,0.06779661016949153,0.05084745762711865,0.09322033898305085,0.03389830508474576,0.0847457627118644,0.07627118644067797,0.01694915254237288,0.0423728813559322,0.06779661016949153,0.05084745762711865,0.059322033898305086,0.03389830508474576,0.0423728813559322,0.03389830508474576,0.025423728813559324,0.0423728813559322,0.025423728813559324,0.06779661016949153,118
0.043010752688172046,0.043010752688172046,0.053763440860215055,0.03225806451612903,0.043010752688172046,0.021505376344086023,0.06451612903225806,0.021505376344086023,0.021505376344086023,0.043010752688172046,0.053763440860215055,0.03225806451612903,0.07526881720430108,0.053763440860215055,0.03225806451612903,0.07526881720430108,0.06451612903225806,0.0967741935483871,0.053763440860215055,0.07526881720430108,93
0.011764705882352941,0.047058823529411764,0.03529411764705882,0.03529411764705882,0.08235294117647059,0.023529411764705882,0.047058823529411764,0.058823529411764705,0.07058823529411765,0.058823529411764705,0.011764705882352941,0.058823529411764705,0.047058823529411764,0.058823529411764705,0.03529411764705882,0.047058823529411764,0.07058823529411765,0.058823529411764705,0.08235294117647059,0.058823529411764705,85
0.0547945205479452,0.03424657534246575,0.0547945205479452,0.06164383561643835,0.06164383561643835,0.02054794520547945,0.03424657534246575,0.03424657534246575,0.03424657534246575,0.06164383561643835,0.06164383561643835,0.07534246575342465,0.04794520547945205,0.03424657534246575,0.07534246575342465,0.06164383561643835,0.03424657534246575,0.0684931506849315,0.04794520547945205,0.0410958904109589,146
0.04065040650406504,0.04065040650406504,0.056910569105691054,0.056910569105691054,0.04878048780487805,0.056910569105691054,0.04065040650406504,0.04878048780487805,0.032520325203252036,0.04065040650406504,0.016260162601626018,0.04878048780487805,0.08130081300813008,0.04878048780487805,0.07317073170731707,0.04065040650406504,0.07317073170731707,0.04878048780487805,0.056910569105691054,0.04878048780487805,123
0.03787878787878788,0.030303030303030304,0.03787878787878788,0.05303030303030303,0.05303030303030303,0.03787878787878788,0.030303030303030304,0.045454545454545456,0.022727272727272728,0.03787878787878788,0.05303030303030303,0.06818181818181818,0.045454545454545456,0.07575757575757576,0.08333333333333333,0.05303030303030303,0.08333333333333333,0.03787878787878788,0.06060606060606061,0.05303030303030303,132
0.036036036036036036,0.12612612612612611,0.06306306306306306,0.05405405405405406,0.04504504504504504,0.06306306306306306,0.07207207207207207,0.06306306306306306,0.036036036036036036,0.04504504504504504,0.05405405405405406,0.02702702702702703,0.02702702702702703,0.05405405405405406,0.04504504504504504,0.06306306306306306,0.018018018018018018,0.04504504504504504,0.02702702702702703,0.036036036036036036,111
0.02564102564102564,0.042735042735042736,0.05128205128205128,0.02564102564102564,0.05128205128205128,0.08547008547008547,0.06837606837606838,0.05128205128205128,0.042735042735042736,0.05982905982905983,0.042735042735042736,0.017094017094017096,0.042735042735042736,0.09401709401709402,0.042735042735042736,0.08547008547008547,0.042735042735042736,0.03418803418803419,0.05982905982905983,0.03418803418803419,117
0.031914893617021274,0.02127659574468085,0.0425531914893617,0.0425531914893617,0.0425531914893617,0.09574468085106383,0.0851063829787234,0.0425531914893617,0.06382978723404255,0.0851063829787234,0.05319148936170213,0.031914893617021274,0.02127659574468085,0.06382978723404255,0.0425531914893617,0.02127659574468085,0.0425531914893617,0.0851063829787234,0.0425531914893617,0.0425531914893617,94
0.13725490196078433,0.058823529411764705,0.0196078431372549,0.06862745098039216,0.0392156862745098,0.0392156862745098,0.058823529411764705,0.049019607843137254,0.058823529411764705,0.0392156862745098,0.0392156862745098,0.029411764705882353,0.09803921568627451,0.049019607843137254,0.0196078431372549,0.058823529411764705,0.0392156862745098,0.0392156862745098,0.049019607843137254,0.00980392156862745,102
0.046875,0.046875,0.0546875,0.0703125,0.0859375,0.0859375,0.03125,0.0234375,0.0625,0.0078125,0.015625,0.046875,0.046875,0.046875,0.0546875,0.078125,0.0390625,0.0546875,0.046875,0.0546875,128
0.024691358024691357,0.07407407407407407,0.06172839506172839,0.024691358024691357,0.04938271604938271,0.06172839506172839,0.06172839506172839,0.07407407407407407,0.06172839506172839,0.024691358024691357,0.012345679012345678,0.037037037037037035,0.06172839506172839,0.04938271604938271,0.06172839506172839,0.06172839506172839,0.06172839506172839,0.024691358024691357,0.037037037037037035,0.07407407407407407,81
0.06521739130434782,0.08695652173913043,0.05434782608695652,0.010869565217391304,0.08695652173913043,0.07608695652173914,0.07608695652173914,0.021739130434782608,0.06521739130434782,0.06521739130434782,0.03260869565217391,0.07608695652173914,0.03260869565217391,0.05434782608695652,0.07608695652173914,0.010869565217391304,0.06521739130434782,0.0,0.0,0.043478260869565216,92
0.0472972972972973,0.060810810810810814,0.04054054054054054,0.06756756756756757,0.04054054054054054,0.02702702702702703,0.0945945945945946,0.07432432432432433,0.04054054054054054,0.04054054054054054,0.05405405405405406,0.05405405405405406,0.04054054054054054,0.0472972972972973,0.060810810810810814,0.04054054054054054,0.05405405405405406,0.05405405405405406,0.04054054054054054,0.02027027027027027,148
0.042735042735042736,0.042735042735042736,0.03418803418803419,0.042735042735042736,0.017094017094017096,0.05128205128205128,0.09401709401709402,0.042735042735042736,0.02564102564102564,0.07692307692307693,0.05128205128205128,0.09401709401709402,0.06837606837606838,0.03418803418803419,0.05128205128205128,0.017094017094017096,0.03418803418803419,0.05128205128205128,0.05982905982905983,0.06837606837606838,117
0.028368794326241134,0.028368794326241134,0.0851063829787234,0.03546099290780142,0.03546099290780142,0.06382978723404255,0.03546099290780142,0.04964539007092199,0.05673758865248227,0.0425531914893617,0.05673758865248227,0.04964539007092199,0.02127659574468085,0.07092198581560284,0.05673758865248227,0.04964539007092199,0.07092198581560284,0.03546099290780142,0.0425531914893617,0.0851063829787234,141
0.07971014492753623,0.057971014492753624,0.050724637681159424,0.043478260869565216,0.043478260869565216,0.07971014492753623,0.057971014492753624,0.028985507246376812,0.036231884057971016,0.014492753623188406,0.036231884057971016,0.08695652173913043,0.050724637681159424,0.050724637681159424,0.050724637681159424,0.014492753623188406,0.043478260869565216,0.057971014492753624,0.036231884057971016,0.07971014492753623,138
0.052083333333333336,0.08333333333333333,0.010416666666666666,0.020833333333333332,0.041666666666666664,0.052083333333333336,0.0625,0.041666666666666664,0.07291666666666667,0.041666666666666664,0.0625,0.041666666666666664,0.041666666666666664,0.0625,0.041666666666666664,0.03125,0.10416666666666667,0.07291666666666667,0.03125,0.03125,96
0.056074766355140186,0.102803738317757,0.06542056074766354,0.018691588785046728,0.028037383177570093,0.056074766355140186,0.07476635514018691,0.037383177570093455,0.06542056074766354,0.018691588785046728,0.06542056074766354,0.056074766355140186,0.04672897196261682,0.07476635514018691,0.018691588785046728,0.06542056074766354,0.056074766355140186,0.037383177570093455,0.04672897196261682,0.009345794392523364,107
0.025210084033613446,0.04201680672268908,0.04201680672268908,0.01680672268907563,0.07563025210084033,0.05042016806722689,0.04201680672268908,0.06722689075630252,0.08403361344537816,0.06722689075630252,0.04201680672268908,0.03361344537815126,0.07563025210084033,0.03361344537815126,0.09243697478991597,0.025210084033613446,0.025210084033613446,0.058823529411764705,0.03361344537815126,0.06722689075630252,119
0.05426356589147287,0.06201550387596899,0.03875968992248062,0.06976744186046512,0.046511627906976744,0.06201550387596899,0.03875968992248062,0.031007751937984496,0.023255813953488372,0.06976744186046512,0.046511627906976744,0.031007751937984496,0.05426356589147287,0.05426356589147287,0.06976744186046512,0.046511627906976744,0.07751937984496124,0.046511627906976744,0.05426356589147287,0.023255813953488372,129
0.047619047619047616,0.007936507936507936,0.06349206349206349,0.03968253968253968,0.03968253968253968,0.06349206349206349,0.0873015873015873,0.031746031746031744,0.03968253968253968,0.031746031746031744,0.047619047619047616,0.07142857142857142,0.06349206349206349,0.06349206349206349,0.023809523809523808,0.06349206349206349,0.03968253968253968,0.047619047619047616,0.05555555555555555,0.07142857142857142,126
0.08,0.024,0.048,0.056,0.064,0.048,0.04,0.088,0.04,0.04,0.032,0.032,0.064,0.04,0.088,0.048,0.064,0.032,0.04,0.032,125
0.041237113402061855,0.05154639175257732,0.020618556701030927,0.07216494845360824,0.041237113402061855,0.05154639175257732,0.020618556701030927,0.020618556701030927,0.1134020618556701,0.041237113402061855,0.05154639175257732,0.07216494845360824,0.061855670103092786,0.041237113402061855,0.07216494845360824,0.020618556701030927,0.041237113402061855,0.061855670103092786,0.05154639175257732,0.05154639175257732,97
0.030303030303030304,0.010101010101010102,0.030303030303030304,0.08080808080808081,0.030303030303030304,0.09090909090909091,0.10101010101010101,0.0707070707070707,0.04040404040404041,0.04040404040404041,0.030303030303030304,0.020202020202020204,0.030303030303030304,0.0707070707070707,0.04040404040404041,0.050505050505050504,0.0707070707070707,0.08080808080808081,0.030303030303030304,0.050505050505050504,99
0.075,0.05,0.041666666666666664,0.03333333333333333,0.041666666666666664,0.05,0.05,0.08333333333333333,0.058333333333333334,0.1,0.05,0.025,0.03333333333333333,0.06666666666666667,0.041666666666666664,0.05,0.016666666666666666,0.03333333333333333,0.075,0.025,120
0.060240963855421686,0.03614457831325301,0.08433734939759036,0.024096385542168676,0.024096385542168676,0.03614457831325301,0.08433734939759036,0.07228915662650602,0.04819277108433735,0.024096385542168676,0.0,0.024096385542168676,0.060240963855421686,0.08433734939759036,0.03614457831325301,0.08433734939759036,0.07228915662650602,0.024096385542168676,0.060240963855421686,0.060240963855421686,83
0.041237113402061855,0.061855670103092786,0.05154639175257732,0.020618556701030927,0.05154639175257732,0.05154639175257732,0.07216494845360824,0.05154639175257732,0.020618556701030927,0.05154639175257732,0.061855670103092786,0.061855670103092786,0.030927835051546393,0.061855670103092786,0.08247422680412371,0.05154639175257732,0.030927835051546393,0.030927835051546393,0.05154639175257732,0.061855670103092786,97
0.041666666666666664,0.041666666666666664,0.016666666666666666,0.09166666666666666,0.041666666666666664,0.08333333333333333,0.05,0.058333333333333334,0.058333333333333334,0.05,0.058333333333333334,0.075,0.058333333333333334,0.03333333333333333,0.041666666666666664,0.041666666666666664,0.058333333333333334,0.025,0.06666666666666667,0.008333333333333333,120
0.04504504504504504,0.036036036036036036,0.04504504504504504,0.05405405405405406,0.07207207207207207,0.05405405405405406,0.07207207207207207,0.04504504504504504,0.07207207207207207,0.02702702702702703,0.036036036036036036,0.08108108108108109,0.036036036036036036,0.018018018018018018,0.009009009009009009,0.05405405405405406,0.036036036036036036,0.04504504504504504,0.08108108108108109,0.08108108108108109,111
0.06060606060606061,0.06060606060606061,0.03787878787878788,0.045454545454545456,0.06818181818181818,0.03787878787878788,0.07575757575757576,0.05303030303030303,0.022727272727272728,0.05303030303030303,0.030303030303030304,0.09090909090909091,0.022727272727272728,0.022727272727272728,0.09848484848484848,0.030303030303030304,0.08333333333333333,0.045454545454545456,0.030303030303030304,0.030303030303030304,132
0.04878048780487805,0.07317073170731707,0.04065040650406504,0.04065040650406504,0.032520325203252036,0.06504065040650407,0.016260162601626018,0.04878048780487805,0.04065040650406504,0.06504065040650407,0.07317073170731707,0.0975609756097561,0.04878048780487805,0.024390243902439025,0.06504065040650407,0.024390243902439025,0.024390243902439025,0.024390243902439025,0.08130081300813008,0.06504065040650407,123
0.05747126436781609,0.05747126436781609,0.022988505747126436,0.04597701149425287,0.011494252873563218,0.05747126436781609,0.022988505747126436,0.022988505747126436,0.05747126436781609,0.08045977011494253,0.08045977011494253,0.05747126436781609,0.06896551724137931,0.06896551724137931,0.05747126436781609,0.05747126436781609,0.034482758620689655,0.034482758620689655,0.04597701149425287,0.05747126436781609,87
0.06818181818181818,0.045454545454545456,0.07575757575757576,0.03787878787878788,0.045454545454545456,0.045454545454545456,0.05303030303030303,0.045454545454545456,0.03787878787878788,0.03787878787878788,0.08333333333333333,0.03787878787878788,0.05303030303030303,0.007575757575757576,0.045454545454545456,0.06060606060606061,0.045454545454545456,0.045454545454545456,0.07575757575757576,0.05303030303030303,132
0.0851063829787234,0.03546099290780142,0.03546099290780142,0.07092198581560284,0.03546099290780142,0.07801418439716312,0.0425531914893617,0.04964539007092199,0.0425531914893617,0.0425531914893617,0.04964539007092199,0.0425531914893617,0.0425531914893617,0.0425531914893617,0.04964539007092199,0.02127659574468085,0.07801418439716312,0.0425531914893617,0.06382978723404255,0.04964539007092199,141
0.03333333333333333,0.06666666666666667,0.025,0.025,0.058333333333333334,0.075,0.05,0.05,0.041666666666666664,0.058333333333333334,0.008333333333333333,0.058333333333333334,0.058333333333333334,0.08333333333333333,0.025,0.025,0.08333333333333333,0.03333333333333333,0.05,0.09166666666666666,120
0.0,0.010869565217391304,0.05434782608695652,0.043478260869565216,0.043478260869565216,0.021739130434782608,0.07608695652173914,0.05434782608695652,0.07608695652173914,0.043478260869565216,0.09782608695652174,0.07608695652173914,0.05434782608695652,0.06521739130434782,0.05434782608695652,0.03260869565217391,0.010869565217391304,0.09782608695652174,0.05434782608695652,0.03260869565217391,92
0.050505050505050504,0.020202020202020204,0.020202020202020204,0.08080808080808081,0.06060606060606061,0.030303030303030304,0.030303030303030304,0.04040404040404041,0.010101010101010102,0.06060606060606061,0.06060606060606061,0.020202020202020204,0.09090909090909091,0.050505050505050504,0.08080808080808081,0.09090909090909091,0.06060606060606061,0.030303030303030304,0.050505050505050504,0.06060606060606061,99
0.029411764705882353,0.058823529411764705,0.0784313725490196,0.0196078431372549,0.06862745098039216,0.029411764705882353,0.058823529411764705,0.058823529411764705,0.0392156862745098,0.0784313725490196,0.0392156862745098,0.049019607843137254,0.0392156862745098,0.029411764705882353,0.0392156862745098,0.029411764705882353,0.10784313725490197,0.0196078431372549,0.0392156862745098,0.08823529411764706,102
0.07865168539325842,0.033707865168539325,0.056179775280898875,0.0449438202247191,0.02247191011235955,0.0449438202247191,0.06741573033707865,0.0449438202247191,0.056179775280898875,0.10112359550561797,0.02247191011235955,0.056179775280898875,0.033707865168539325,0.07865168539325842,0.033707865168539325,0.06741573033707865,0.07865168539325842,0.033707865168539325,0.02247191011235955,0.02247191011235955,89
0.08256880733944955,0.045871559633027525,0.045871559633027525,0.009174311926605505,0.01834862385321101,0.027522935779816515,0.06422018348623854,0.05504587155963303,0.06422018348623854,0.06422018348623854,0.06422018348623854,0.07339449541284404,0.03669724770642202,0.03669724770642202,0.05504587155963303,0.06422018348623854,0.05504587155963303,0.027522935779816515,0.07339449541284404,0.03669724770642202,109
0.03937007874015748,0.05511811023622047,0.09448818897637795,0.06299212598425197,0.031496062992125984,0.031496062992125984,0.05511811023622047,0.06299212598425197,0.031496062992125984,0.03937007874015748,0.06299212598425197,0.031496062992125984,0.08661417322834646,0.015748031496062992,0.023622047244094488,0.06299212598425197,0.05511811023622047,0.07874015748031496,0.023622047244094488,0.05511811023622047,127
0.078125,0.078125,0.03125,0.078125,0.0703125,0.046875,0.0390625,0.03125,0.0390625,0.0390625,0.0703125,0.0625,0.0546875,0.0234375,0.0703125,0.046875,0.0078125,0.046875,0.0390625,0.046875,128
0.04819277108433735,0.0963855421686747,0.024096385542168676,0.012048192771084338,0.060240963855421686,0.07228915662650602,0.04819277108433735,0.04819277108433735,0.04819277108433735,0.03614457831325301,0.12048192771084337,0.024096385542168676,0.03614457831325301,0.024096385542168676,0.024096385542168676,0.03614457831325301,0.060240963855421686,0.07228915662650602,0.060240963855421686,0.04819277108433735,83
0.043478260869565216,0.08695652173913043,0.06086956521739131,0.05217391304347826,0.034782608695652174,0.0782608695652174,0.05217391304347826,0.05217391304347826,0.05217391304347826,0.043478260869565216,0.06086956521739131,0.034782608695652174,0.06956521739130435,0.06086956521739131,0.017391304347826087,0.034782608695652174,0.02608695652173913,0.05217391304347826,0.034782608695652174,0.05217391304347826,115
0.0625,0.05555555555555555,0.027777777777777776,0.0625,0.0625,0.04861111111111111,0.0625,0.05555555555555555,0.05555555555555555,0.05555555555555555,0.05555555555555555,0.05555555555555555,0.027777777777777776,0.04861111111111111,0.0625,0.020833333333333332,0.06944444444444445,0.013888888888888888,0.05555555555555555,0.041666666666666664,144
0.016260162601626018,0.08130081300813008,0.04065040650406504,0.032520325203252036,0.04878048780487805,0.04878048780487805,0.08943089430894309,0.08130081300813008,0.04878048780487805,0.032520325203252036,0.08130081300813008,0.04065040650406504,0.06504065040650407,0.032520325203252036,0.04878048780487805,0.07317073170731707,0.032520325203252036,0.056910569105691054,0.04065040650406504,0.008130081300813009,123
0.03260869565217391,0.021739130434782608,0.05434782608695652,0.021739130434782608,0.043478260869565216,0.06521739130434782,0.06521739130434782,0.07608695652173914,0.043478260869565216,0.03260869565217391,0.05434782608695652,0.021739130434782608,0.07608695652173914,0.07608695652173914,0.06521739130434782,0.08695652173913043,0.043478260869565216,0.05434782608695652,0.010869565217391304,0.05434782608695652,92
0.04950495049504951,0.07920792079207921,0.039603960396039604,0.039603960396039604,0.0297029702970297,0.0594059405940594,0.0594059405940594,0.07920792079207921,0.0297029702970297,0.07920792079207921,0.019801980198019802,0.0594059405940594,0.06930693069306931,0.04950495049504951,0.04950495049504951,0.0297029702970297,0.009900990099009901,0.0594059405940594,0.04950495049504951,0.0594059405940594,101
0.08148148148148149,0.07407407407407407,0.08888888888888889,0.014814814814814815,0.044444444444444446,0.06666666666666667,0.037037037037037035,0.014814814814814815,0.06666666666666667,0.06666666666666667,0.02962962962962963,0.0962962962962963,0.044444444444444446,0.044444444444444446,0.05185185185185185,0.05185185185185185,0.022222222222222223,0.05925925925925926,0.014814814814814815,0.02962962962962963,135
0.03125,0.03125,0.0625,0.041666666666666664,0.09375,0.0625,0.052083333333333336,0.041666666666666664,0.0625,0.03125,0.052083333333333336,0.07291666666666667,0.041666666666666664,0.03125,0.052083333333333336,0.03125,0.08333333333333333,0.0625,0.041666666666666664,0.020833333333333332,96
0.029197080291970802,0.06569343065693431,0.029197080291970802,0.043795620437956206,0.08759124087591241,0.043795620437956206,0.058394160583941604,0.029197080291970802,0.043795620437956206,0.051094890510948905,0.08759124087591241,0.051094890510948905,0.043795620437956206,0.0364963503649635,0.043795620437956206,0.06569343065693431,0.058394160583941604,0.058394160583941604,0.029197080291970802,0.043795620437956206,137
0.05223880597014925,0.022388059701492536,0.05223880597014925,0.06716417910447761,0.07462686567164178,0.09701492537313433,0.029850746268656716,0.05223880597014925,0.029850746268656716,0.04477611940298507,0.05223880597014925,0.04477611940298507,0.029850746268656716,0.029850746268656716,0.08208955223880597,0.007462686567164179,0.06716417910447761,0.029850746268656716,0.06716417910447761,0.06716417910447761,134
0.031746031746031744,0.03968253968253968,0.07142857142857142,0.07936507936507936,0.047619047619047616,0.031746031746031744,0.023809523809523808,0.03968253968253968,0.047619047619047616,0.047619047619047616,0.031746031746031744,0.07936507936507936,0.031746031746031744,0.07936507936507936,0.023809523809523808,0.047619047619047616,0.05555555555555555,0.03968253968253968,0.07142857142857142,0.07936507936507936,126
0.07407407407407407,0.06481481481481481,0.046296296296296294,0.05555555555555555,0.05555555555555555,0.046296296296296294,0.027777777777777776,0.05555555555555555,0.046296296296296294,0.09259259259259259,0.046296296296296294,0.05555555555555555,0.05555555555555555,0.018518518518518517,0.05555555555555555,0.018518518518518517,0.07407407407407407,0.06481481481481481,0.018518518518518517,0.027777777777777776,108
0.038461538461538464,0.03076923076923077,0.1,0.06153846153846154,0.05384615384615385,0.046153846153846156,0.046153846153846156,0.038461538461538464,0.06153846153846154,0.023076923076923078,0.07692307692307693,0.046153846153846156,0.08461538461538462,0.03076923076923077,0.023076923076923078,0.1076923076923077,0.007692307692307693,0.07692307692307693,0.015384615384615385,0.03076923076923077,130
0.0594059405940594,0.019801980198019802,0.07920792079207921,0.04950495049504951,0.039603960396039604,0.04950495049504951,0.0297029702970297,0.07920792079207921,0.039603960396039604,0.07920792079207921,0.04950495049504951,0.019801980198019802,0.07920792079207921,0.039603960396039604,0.06930693069306931,0.07920792079207921,0.039603960396039604,0.0297029702970297,0.039603960396039604,0.0297029702970297,101
0.03571428571428571,0.044642857142857144,0.017857142857142856,0.05357142857142857,0.08035714285714286,0.05357142857142857,0.05357142857142857,0.044642857142857144,0.05357142857142857,0.0625,0.07142857142857142,0.044642857142857144,0.05357142857142857,0.044642857142857144,0.0625,0.026785714285714284,0.044642857142857144,0.05357142857142857,0.05357142857142857,0.044642857142857144,112
0.03,0.06,0.11,0.04,0.03,0.06,0.04,0.05,0.07,0.09,0.05,0.07,0.03,0.03,0.06,0.06,0.01,0.03,0.03,0.05,100
0.055944055944055944,0.06293706293706294,0.03496503496503497,0.06993006993006994,0.08391608391608392,0.07692307692307693,0.06293706293706294,0.027972027972027972,0.03496503496503497,0.006993006993006993,0.06293706293706294,0.027972027972027972,0.03496503496503497,0.04895104895104895,0.06293706293706294,0.06293706293706294,0.04195804195804196,0.04895104895104895,0.02097902097902098,0.06993006993006994,143
0.023076923076923078,0.07692307692307693,0.05384615384615385,0.05384615384615385,0.038461538461538464,0.05384615384615385,0.07692307692307693,0.06153846153846154,0.03076923076923077,0.06153846153846154,0.038461538461538464,0.007692307692307693,0.015384615384615385,0.1,0.06153846153846154,0.023076923076923078,0.05384615384615385,0.06153846153846154,0.06153846153846154,0.046153846153846156,130
0.06299212598425197,0.08661417322834646,0.03937007874015748,0.031496062992125984,0.047244094488188976,0.06299212598425197,0.07874015748031496,0.047244094488188976,0.047244094488188976,0.05511811023622047,0.047244094488188976,0.047244094488188976,0.06299212598425197,0.03937007874015748,0.03937007874015748,0.047244094488188976,0.023622047244094488,0.031496062992125984,0.07874015748031496,0.023622047244094488,127
0.057692307692307696,0.07692307692307693,0.04807692307692308,0.04807692307692308,0.057692307692307696,0.028846153846153848,0.04807692307692308,0.019230769230769232,0.04807692307692308,0.07692307692307693,0.028846153846153848,0.057692307692307696,0.057692307692307696,0.028846153846153848,0.057692307692307696,0.07692307692307693,0.04807692307692308,0.028846153846153848,0.04807692307692308,0.057692307692307696,104
0.0196078431372549,0.0784313725490196,0.029411764705882353,0.06862745098039216,0.029411764705882353,0.029411764705882353,0.029411764705882353,0.058823529411764705,0.029411764705882353,0.12745098039215685,0.049019607843137254,0.058823529411764705,0.0784313725490196,0.06862745098039216,0.06862745098039216,0.0392156862745098,0.058823529411764705,0.0196078431372549,0.049019607843137254,0.00980392156862745,102
0.041237113402061855,0.030927835051546393,0.07216494845360824,0.05154639175257732,0.05154639175257732,0.041237113402061855,0.07216494845360824,0.0,0.08247422680412371,0.030927835051546393,0.030927835051546393,0.020618556701030927,0.030927835051546393,0.010309278350515464,0.041237113402061855,0.1134020618556701,0.041237113402061855,0.07216494845360824,0.030927835051546393,0.13402061855670103,97
0.034482758620689655,0.06206896551724138,0.05517241379310345,0.06896551724137931,0.05517241379310345,0.020689655172413793,0.07586206896551724,0.06206896551724138,0.034482758620689655,0.05517241379310345,0.041379310344827586,0.07586206896551724,0.027586206896551724,0.06206896551724138,0.034482758620689655,0.04827586206896552,0.04827586206896552,0.06206896551724138,0.041379310344827586,0.034482758620689655,145
0.03676470588235294,0.051470588235294115,0.0661764705882353,0.04411764705882353,0.029411764705882353,0.04411764705882353,0.051470588235294115,0.014705882352941176,0.07352941176470588,0.03676470588235294,0.03676470588235294,0.04411764705882353,0.11029411764705882,0.04411764705882353,0.03676470588235294,0.0661764705882353,0.058823529411764705,0.0661764705882353,0.04411764705882353,0.04411764705882353,136
0.06993006993006994,0.055944055944055944,0.055944055944055944,0.06993006993006994,0.04895104895104895,0.055944055944055944,0.04895104895104895,0.04895104895104895,0.04895104895104895,0.04195804195804196,0.027972027972027972,0.027972027972027972,0.06993006993006994,0.04895104895104895,0.055944055944055944,0.027972027972027972,0.06993006993006994,0.06293706293706294,0.02097902097902098,0.04195804195804196,143
0.05925925925925926,0.02962962962962963,0.037037037037037035,0.05185185185185185,0.044444444444444446,0.05925925925925926,0.037037037037037035,0.044444444444444446,0.037037037037037035,0.037037037037037035,0.02962962962962963,0.07407407407407407,0.037037037037037035,0.05925925925925926,0.08148148148148149,0.02962962962962963,0.05185185185185185,0.07407407407407407,0.044444444444444446,0.08148148148148149,135
0.05426356589147287,0.05426356589147287,0.03875968992248062,0.031007751937984496,0.031007751937984496,0.023255813953488372,0.03875968992248062,0.03875968992248062,0.07751937984496124,0.09302325581395349,0.07751937984496124,0.046511627906976744,0.05426356589147287,0.07751937984496124,0.023255813953488372,0.08527131782945736,0.06201550387596899,0.031007751937984496,0.03875968992248062,0.023255813953488372,129
0.03333333333333333,0.058333333333333334,0.041666666666666664,0.058333333333333334,0.05,0.041666666666666664,0.058333333333333334,0.025,0.041666666666666664,0.058333333333333334,0.025,0.03333333333333333,0.041666666666666664,0.06666666666666667,0.058333333333333334,0.041666666666666664,0.05,0.11666666666666667,0.05,0.05,120
0.07086614173228346,0.03937007874015748,0.07086614173228346,0.023622047244094488,0.07086614173228346,0.03937007874015748,0.07874015748031496,0.05511811023622047,0.047244094488188976,0.047244094488188976,0.03937007874015748,0.023622047244094488,0.07086614173228346,0.05511811023622047,0.03937007874015748,0.03937007874015748,0.06299212598425197,0.047244094488188976,0.047244094488188976,0.031496062992125984,127
0.06422018348623854,0.03669724770642202,0.03669724770642202,0.03669724770642202,0.01834862385321101,0.06422018348623854,0.09174311926605505,0.03669724770642202,0.08256880733944955,0.045871559633027525,0.06422018348623854,0.027522935779816515,0.09174311926605505,0.027522935779816515,0.05504587155963303,0.03669724770642202,0.05504587155963303,0.05504587155963303,0.027522935779816515,0.045871559633027525,109
0.04918032786885246,0.09016393442622951,0.07377049180327869,0.02459016393442623,0.040983606557377046,0.01639344262295082,0.0,0.06557377049180328,0.05737704918032787,0.06557377049180328,0.05737704918032787,0.05737704918032787,0.05737704918032787,0.03278688524590164,0.05737704918032787,0.04918032786885246,0.05737704918032787,0.04918032786885246,0.07377049180327869,0.02459016393442623,122
0.06802721088435375,0.027210884353741496,0.07482993197278912,0.04081632653061224,0.05442176870748299,0.034013605442176874,0.047619047619047616,0.034013605442176874,0.07482993197278912,0.047619047619047616,0.07482993197278912,0.05442176870748299,0.034013605442176874,0.07482993197278912,0.05442176870748299,0.027210884353741496,0.027210884353741496,0.061224489795918366,0.047619047619047616,0.04081632653061224,147
0.010416666666666666,0.07291666666666667,0.020833333333333332,0.0625,0.041666666666666664,0.08333333333333333,0.041666666666666664,0.041666666666666664,0.0625,0.052083333333333336,0.041666666666666664,0.07291666666666667,0.041666666666666664,0.0625,0.03125,0.0625,0.0,0.0625,0.052083333333333336,0.08333333333333333,96
0.09876543209876543,0.024691358024691357,0.024691358024691357,0.08641975308641975,0.04938271604938271,0.06172839506172839,0.037037037037037035,0.06172839506172839,0.0,0.09876543209876543,0.012345679012345678,0.024691358024691357,0.04938271604938271,0.024691358024691357,0.0,0.037037037037037035,0.07407407407407407,0.09876543209876543,0.037037037037037035,0.09876543209876543,81
0.0472972972972973,0.0472972972972973,0.060810810810810814,0.04054054054054054,0.033783783783783786,0.04054054054054054,0.060810810810810814,0.02027027027027027,0.08108108108108109,0.060810810810810814,0.04054054054054054,0.0945945945945946,0.0472972972972973,0.02702702702702703,0.033783783783783786,0.060810810810810814,0.02702702702702703,0.02702702702702703,0.05405405405405406,0.0945945945945946,148
0.044444444444444446,0.044444444444444446,0.044444444444444446,0.044444444444444446,0.1,0.03333333333333333,0.044444444444444446,0.03333333333333333,0.03333333333333333,0.022222222222222223,0.044444444444444446,0.022222222222222223,0.06666666666666667,0.1,0.022222222222222223,0.07777777777777778,0.05555555555555555,0.05555555555555555,0.07777777777777778,0.03333333333333333,90
0.0234375,0.0546875,0.0546875,0.0625,0.015625,0.0625,0.0625,0.03125,0.03125,0.03125,0.0234375,0.09375,0.078125,0.0625,0.09375,0.0546875,0.046875,0.046875,0.03125,0.0390625,128
0.09009009009009009,0.05405405405405406,0.036036036036036036,0.036036036036036036,0.04504504504504504,0.04504504504504504,0.02702702702702703,0.05405405405405406,0.07207207207207207,0.05405405405405406,0.07207207207207207,0.05405405405405406,0.036036036036036036,0.036036036036036036,0.07207207207207207,0.09009009009009009,0.04504504504504504,0.02702702702702703,0.02702702702702703,0.02702702702702703,111
0.06,0.06,0.03,0.02,0.09,0.07,0.02,0.01,0.09,0.06,0.06,0.04,0.03,0.05,0.04,0.03,0.01,0.04,0.1,0.09,100
0.05434782608695652,0.06521739130434782,0.043478260869565216,0.03260869565217391,0.021739130434782608,0.06521739130434782,0.07608695652173914,0.05434782608695652,0.05434782608695652,0.0,0.03260869565217391,0.021739130434782608,0.010869565217391304,0.06521739130434782,0.08695652173913043,0.043478260869565216,0.043478260869565216,0.06521739130434782,0.09782608695652174,0.06521739130434782,92
0.03937007874015748,0.03937007874015748,0.03937007874015748,0.05511811023622047,0.06299212598425197,0.05511811023622047,0.015748031496062992,0.03937007874015748,0.10236220472440945,0.06299212598425197,0.05511811023622047,0.09448818897637795,0.03937007874015748,0.031496062992125984,0.047244094488188976,0.08661417322834646,0.03937007874015748,0.015748031496062992,0.047244094488188976,0.031496062992125984,127
0.057971014492753624,0.057971014492753624,0.050724637681159424,0.057971014492753624,0.10144927536231885,0.021739130434782608,0.08695652173913043,0.050724637681159424,0.057971014492753624,0.028985507246376812,0.028985507246376812,0.036231884057971016,0.043478260869565216,0.014492753623188406,0.07246376811594203,0.050724637681159424,0.057971014492753624,0.050724637681159424,0.028985507246376812,0.043478260869565216,138
0.07339449541284404,0.009174311926605505,0.045871559633027525,0.07339449541284404,0.09174311926605505,0.027522935779816515,0.03669724770642202,0.07339449541284404,0.03669724770642202,0.027522935779816515,0.05504587155963303,0.03669724770642202,0.027522935779816515,0.08256880733944955,0.08256880733944955,0.045871559633027525,0.07339449541284404,0.03669724770642202,0.05504587155963303,0.009174311926605505,109
0.04,0.048,0.032,0.056,0.088,0.064,0.072,0.048,0.056,0.016,0.072,0.024,0.056,0.056,0.056,0.072,0.048,0.024,0.04,0.032,125
0.044642857142857144,0.044642857142857144,0.05357142857142857,0.08035714285714286,0.0625,0.05357142857142857,0.05357142857142857,0.044642857142857144,0.07142857142857142,0.044642857142857144,0.044642857142857144,0.05357142857142857,0.017857142857142856,0.05357142857142857,0.044642857142857144,0.017857142857142856,0.05357142857142857,0.0625,0.026785714285714284,0.07142857142857142,112
0.04597701149425287,0.034482758620689655,0.04597701149425287,0.034482758620689655,0.0,0.011494252873563218,0.09195402298850575,0.06896551724137931,0.11494252873563218,0.022988505747126436,0.06896551724137931,0.011494252873563218,0.04597701149425287,0.06896551724137931,0.09195402298850575,0.09195402298850575,0.034482758620689655,0.034482758620689655,0.04597701149425287,0.034482758620689655,87
0.053691275167785234,0.04697986577181208,0.04697986577181208,0.11409395973154363,0.020134228187919462,0.0738255033557047,0.0738255033557047,0.053691275167785234,0.03355704697986577,0.03355704697986577,0.040268456375838924,0.04697986577181208,0.04697986577181208,0.04697986577181208,0.020134228187919462,0.04697986577181208,0.04697986577181208,0.053691275167785234,0.04697986577181208,0.053691275167785234,149
0.034482758620689655,0.05747126436781609,0.034482758620689655,0.05747126436781609,0.08045977011494253,0.10344827586206896,0.034482758620689655,0.011494252873563218,0.011494252873563218,0.022988505747126436,0.034482758620689655,0.08045977011494253,0.034482758620689655,0.09195402298850575,0.05747126436781609,0.04597701149425287,0.05747126436781609,0.08045977011494253,0.011494252873563218,0.05747126436781609,87
0.12195121951219512,0.04878048780487805,0.056910569105691054,0.016260162601626018,0.07317073170731707,0.04065040650406504,0.04065040650406504,0.056910569105691054,0.04065040650406504,0.04878048780487805,0.024390243902439025,0.04878048780487805,0.08130081300813008,0.04878048780487805,0.07317073170731707,0.04878048780487805,0.04065040650406504,0.024390243902439025,0.008130081300813009,0.056910569105691054,123
0.06504065040650407,0.056910569105691054,0.04878048780487805,0.07317073170731707,0.032520325203252036,0.06504065040650407,0.08943089430894309,0.056910569105691054,0.06504065040650407,0.056910569105691054,0.056910569105691054,0.056910569105691054,0.04065040650406504,0.056910569105691054,0.024390243902439025,0.016260162601626018,0.008130081300813009,0.04065040650406504,0.04878048780487805,0.04065040650406504,123
0.043795620437956206,0.043795620437956206,0.021897810218978103,0.0364963503649635,0.043795620437956206,0.072992700729927,0.058394160583941604,0.021897810218978103,0.043795620437956206,0.08029197080291971,0.051094890510948905,0.0364963503649635,0.08759124087591241,0.0364963503649635,0.051094890510948905,0.051094890510948905,0.06569343065693431,0.058394160583941604,0.043795620437956206,0.051094890510948905,137
0.07142857142857142,0.047619047619047616,0.047619047619047616,0.031746031746031744,0.023809523809523808,0.031746031746031744,0.05555555555555555,0.047619047619047616,0.047619047619047616,0.05555555555555555,0.05555555555555555,0.07936507936507936,0.03968253968253968,0.07936507936507936,0.031746031746031744,0.023809523809523808,0.05555555555555555,0.047619047619047616,0.06349206349206349,0.06349206349206349,126
0.04861111111111111,0.04861111111111111,0.04861111111111111,0.04861111111111111,0.04861111111111111,0.034722222222222224,0.06944444444444445,0.04861111111111111,0.027777777777777776,0.034722222222222224,0.034722222222222224,0.0625,0.06944444444444445,0.05555555555555555,0.04861111111111111,0.05555555555555555,0.034722222222222224,0.06944444444444445,0.06944444444444445,0.041666666666666664,144
0.09433962264150944,0.04716981132075472,0.07547169811320754,0.07547169811320754,0.05660377358490566,0.03773584905660377,0.05660377358490566,0.0,0.018867924528301886,0.02830188679245283,0.0660377358490566,0.018867924528301886,0.02830188679245283,0.03773584905660377,0.0660377358490566,0.07547169811320754,0.05660377358490566,0.07547169811320754,0.03773584905660377,0.04716981132075472,106
0.04929577464788732,0.04929577464788732,0.06338028169014084,0.08450704225352113,0.028169014084507043,0.007042253521126761,0.056338028169014086,0.04929577464788732,0.04225352112676056,0.02112676056338028,0.014084507042253521,0.07746478873239436,0.028169014084507043,0.07746478873239436,0.028169014084507043,0.08450704225352113,0.07746478873239436,0.04929577464788732,0.04929577464788732,0.06338028169014084,142
0.06569343065693431,0.021897810218978103,0.014598540145985401,0.029197080291970802,0.043795620437956206,0.08029197080291971,0.08029197080291971,0.072992700729927,0.0364963503649635,0.021897810218978103,0.051094890510948905,0.0364963503649635,0.0364963503649635,0.043795620437956206,0.058394160583941604,0.072992700729927,0.058394160583941604,0.058394160583941604,0.06569343065693431,0.051094890510948905,137
0.05517241379310345,0.08275862068965517,0.041379310344827586,0.041379310344827586,0.04827586206896552,0.04827586206896552,0.027586206896551724,0.041379310344827586,0.06206896551724138,0.041379310344827586,0.06206896551724138,0.041379310344827586,0.05517241379310345,0.04827586206896552,0.05517241379310345,0.06206896551724138,0.04827586206896552,0.04827586206896552,0.06206896551724138,0.027586206896551724,145
0.04054054054054054,0.07432432432432433,0.08783783783783784,0.04054054054054054,0.060810810810810814,0.0472972972972973,0.06756756756756757,0.013513513513513514,0.04054054054054054,0.06756756756756757,0.02027027027027027,0.0472972972972973,0.060810810810810814,0.04054054054054054,0.05405405405405406,0.04054054054054054,0.07432432432432433,0.033783783783783786,0.033783783783783786,0.05405405405405406,148
0.040983606557377046,0.04918032786885246,0.040983606557377046,0.05737704918032787,0.04918032786885246,0.03278688524590164,0.02459016393442623,0.09836065573770492,0.040983606557377046,0.03278688524590164,0.03278688524590164,0.03278688524590164,0.03278688524590164,0.09016393442622951,0.03278688524590164,0.06557377049180328,0.040983606557377046,0.08196721311475409,0.05737704918032787,0.06557377049180328,122
0.0273972602739726,0.0410958904109589,0.0684931506849315,0.06164383561643835,0.0273972602739726,0.0273972602739726,0.04794520547945205,0.10273972602739725,0.03424657534246575,0.0684931506849315,0.0410958904109589,0.0547945205479452,0.0547945205479452,0.04794520547945205,0.03424657534246575,0.0547945205479452,0.0547945205479452,0.04794520547945205,0.04794520547945205,0.0547945205479452,146
0.05517241379310345,0.041379310344827586,0.05517241379310345,0.06206896551724138,0.08275862068965517,0.06206896551724138,0.027586206896551724,0.041379310344827586,0.020689655172413793,0.06206896551724138,0.04827586206896552,0.041379310344827586,0.034482758620689655,0.07586206896551724,0.020689655172413793,0.06206896551724138,0.04827586206896552,0.041379310344827586,0.06206896551724138,0.05517241379310345,145
0.03225806451612903,0.053763440860215055,0.0967741935483871,0.043010752688172046,0.043010752688172046,0.043010752688172046,0.03225806451612903,0.03225806451612903,0.043010752688172046,0.043010752688172046,0.03225806451612903,0.03225806451612903,0.06451612903225806,0.053763440860215055,0.07526881720430108,0.07526881720430108,0.06451612903225806,0.021505376344086023,0.053763440860215055,0.06451612903225806,93
0.06428571428571428,0.05,0.04285714285714286,0.03571428571428571,0.07857142857142857,0.03571428571428571,0.06428571428571428,0.08571428571428572,0.05714285714285714,0.04285714285714286,0.03571428571428571,0.05714285714285714,0.05,0.03571428571428571,0.05,0.04285714285714286,0.014285714285714285,0.03571428571428571,0.05714285714285714,0.06428571428571428,140
0.06593406593406594,0.03296703296703297,0.03296703296703297,0.08791208791208792,0.054945054945054944,0.0989010989010989,0.06593406593406594,0.06593406593406594,0.054945054945054944,0.01098901098901099,0.04395604395604396,0.054945054945054944,0.04395604395604396,0.01098901098901099,0.04395604395604396,0.054945054945054944,0.06593406593406594,0.03296703296703297,0.054945054945054944,0.02197802197802198,91
0.05042016806722689,0.03361344537815126,0.04201680672268908,0.01680672268907563,0.01680672268907563,0.05042016806722689,0.04201680672268908,0.06722689075630252,0.03361344537815126,0.05042016806722689,0.04201680672268908,0.08403361344537816,0.08403361344537816,0.05042016806722689,0.05042016806722689,0.04201680672268908,0.07563025210084033,0.07563025210084033,0.04201680672268908,0.05042016806722689,119
0.016129032258064516,0.056451612903225805,0.056451612903225805,0.03225806451612903,0.04032258064516129,0.04032258064516129,0.03225806451612903,0.08064516129032258,0.04032258064516129,0.07258064516129033,0.04838709677419355,0.03225806451612903,0.024193548387096774,0.0967741935483871,0.12096774193548387,0.08064516129032258,0.024193548387096774,0.04838709677419355,0.03225806451612903,0.024193548387096774,124
0.075,0.025,0.0375,0.025,0.05,0.0125,0.05,0.025,0.0625,0.075,0.075,0.0375,0.0625,0.025,0.0625,0.075,0.075,0.0625,0.0625,0.025,80
0.06930693069306931,0.04950495049504951,0.0594059405940594,0.0594059405940594,0.039603960396039604,0.039603960396039604,0.06930693069306931,0.0891089108910891,0.0297029702970297,0.0297029702970297,0.039603960396039604,0.039603960396039604,0.04950495049504951,0.0594059405940594,0.04950495049504951,0.0594059405940594,0.0594059405940594,0.039603960396039604,0.0297029702970297,0.039603960396039604,101
0.049586776859504134,0.049586776859504134,0.03305785123966942,0.0743801652892562,0.03305785123966942,0.049586776859504134,0.05785123966942149,0.01652892561983471,0.08264462809917356,0.05785123966942149,0.024793388429752067,0.024793388429752067,0.04132231404958678,0.049586776859504134,0.06611570247933884,0.03305785123966942,0.0743801652892562,0.04132231404958678,0.06611570247933884,0.0743801652892562,121
0.087248322147651,0.040268456375838924,0.04697986577181208,0.026845637583892617,0.040268456375838924,0.03355704697986577,0.06040268456375839,0.06040268456375839,0.040268456375838924,0.03355704697986577,0.04697986577181208,0.06711409395973154,0.026845637583892617,0.04697986577181208,0.04697986577181208,0.053691275167785234,0.08053691275167785,0.03355704697986577,0.06711409395973154,0.06040268456375839,149
0.034722222222222224,0.05555555555555555,0.034722222222222224,0.08333333333333333,0.04861111111111111,0.034722222222222224,0.027777777777777776,0.027777777777777776,0.05555555555555555,0.013888888888888888,0.05555555555555555,0.041666666666666664,0.05555555555555555,0.020833333333333332,0.09027777777777778,0.09722222222222222,0.09027777777777778,0.020833333333333332,0.034722222222222224,0.0763888888888889,144
0.031914893617021274,0.05319148936170213,0.031914893617021274,0.031914893617021274,0.05319148936170213,0.031914893617021274,0.0425531914893617,0.05319148936170213,0.06382978723404255,0.0851063829787234,0.0425531914893617,0.05319148936170213,0.0425531914893617,0.07446808510638298,0.06382978723404255,0.0425531914893617,0.0425531914893617,0.0851063829787234,0.0425531914893617,0.031914893617021274,94
0.075,0.0375,0.075,0.075,0.025,0.05,0.0375,0.05,0.025,0.025,0.0375,0.05,0.0625,0.0625,0.0625,0.075,0.0,0.0875,0.0125,0.075,80
0.04827586206896552,0.041379310344827586,0.06896551724137931,0.034482758620689655,0.034482758620689655,0.07586206896551724,0.06896551724137931,0.05517241379310345,0.08275862068965517,0.034482758620689655,0.04827586206896552,0.034482758620689655,0.06206896551724138,0.034482758620689655,0.020689655172413793,0.05517241379310345,0.041379310344827586,0.041379310344827586,0.07586206896551724,0.041379310344827586,145
0.044444444444444446,0.014814814814814815,0.044444444444444446,0.014814814814814815,0.1037037037037037,0.05925925925925926,0.08888888888888889,0.0962962962962963,0.08148148148148149,0.037037037037037035,0.037037037037037035,0.06666666666666667,0.02962962962962963,0.05925925925925926,0.037037037037037035,0.05925925925925926,0.037037037037037035,0.044444444444444446,0.022222222222222223,0.022222222222222223,135
0.020618556701030927,0.041237113402061855,0.061855670103092786,0.041237113402061855,0.041237113402061855,0.061855670103092786,0.030927835051546393,0.061855670103092786,0.041237113402061855,0.030927835051546393,0.041237113402061855,0.041237113402061855,0.08247422680412371,0.041237113402061855,0.030927835051546393,0.061855670103092786,0.07216494845360824,0.07216494845360824,0.07216494845360824,0.05154639175257732,97
0.020202020202020204,0.13131313131313133,0.030303030303030304,0.050505050505050504,0.050505050505050504,0.04040404040404041,0.04040404040404041,0.050505050505050504,0.0707070707070707,0.030303030303030304,0.030303030303030304,0.030303030303030304,0.10101010101010101,0.050505050505050504,0.0707070707070707,0.030303030303030304,0.050505050505050504,0.030303030303030304,0.04040404040404041,0.050505050505050504,99
0.041666666666666664,0.058333333333333334,0.041666666666666664,0.058333333333333334,0.016666666666666666,0.058333333333333334,0.05,0.058333333333333334,0.09166666666666666,0.041666666666666664,0.05,0.03333333333333333,0.06666666666666667,0.025,0.058333333333333334,0.041666666666666664,0.08333333333333333,0.058333333333333334,0.016666666666666666,0.05,120
0.029411764705882353,0.0392156862745098,0.049019607843137254,0.00980392156862745,0.0392156862745098,0.049019607843137254,0.0784313725490196,0.029411764705882353,0.058823529411764705,0.029411764705882353,0.049019607843137254,0.058823529411764705,0.0784313725490196,0.058823529411764705,0.0196078431372549,0.049019607843137254,0.0784313725490196,0.049019607843137254,0.06862745098039216,0.0784313725490196,102
0.024691358024691357,0.09876543209876543,0.037037037037037035,0.037037037037037035,0.037037037037037035,0.012345679012345678,0.024691358024691357,0.012345679012345678,0.024691358024691357,0.08641975308641975,0.09876543209876543,0.09876543209876543,0.04938271604938271,0.04938271604938271,0.024691358024691357,0.037037037037037035,0.06172839506172839,0.06172839506172839,0.04938271604938271,0.07407407407407407,81
0.06944444444444445,0.027777777777777776,0.05555555555555555,0.04861111111111111,0.06944444444444445,0.04861111111111111,0.027777777777777776,0.0625,0.08333333333333333,0.05555555555555555,0.0625,0.034722222222222224,0.04861111111111111,0.034722222222222224,0.034722222222222224,0.08333333333333333,0.04861111111111111,0.034722222222222224,0.027777777777777776,0.041666666666666664,144
0.07368421052631578,0.07368421052631578,0.06315789473684211,0.042105263157894736,0.031578947368421054,0.021052631578947368,0.021052631578947368,0.042105263157894736,0.05263157894736842,0.031578947368421054,0.042105263157894736,0.06315789473684211,0.06315789473684211,0.06315789473684211,0.042105263157894736,0.042105263157894736,0.07368421052631578,0.05263157894736842,0.07368421052631578,0.031578947368421054,95
0.049019607843137254,0.0392156862745098,0.0392156862745098,0.0196078431372549,0.0784313725490196,0.0392156862745098,0.0392156862745098,0.08823529411764706,0.058823529411764705,0.058823529411764705,0.06862745098039216,0.029411764705882353,0.029411764705882353,0.08823529411764706,0.029411764705882353,0.049019607843137254,0.06862745098039216,0.049019607843137254,0.049019607843137254,0.029411764705882353,102
0.04310344827586207,0.07758620689655173,0.06896551724137931,0.06896551724137931,0.06896551724137931,0.02586206896551724,0.034482758620689655,0.06896551724137931,0.02586206896551724,0.04310344827586207,0.04310344827586207,0.034482758620689655,0.02586206896551724,0.05172413793103448,0.02586206896551724,0.05172413793103448,0.0603448275862069,0.06896551724137931,0.0603448275862069,0.05172413793103448,116
0.08641975308641975,0.024691358024691357,0.07407407407407407,0.04938271604938271,0.012345679012345678,0.07407407407407407,0.06172839506172839,0.06172839506172839,0.037037037037037035,0.08641975308641975,0.0,0.037037037037037035,0.037037037037037035,0.037037037037037035,0.04938271604938271,0.06172839506172839,0.06172839506172839,0.037037037037037035,0.024691358024691357,0.08641975308641975,81
0.06153846153846154,0.05384615384615385,0.038461538461538464,0.046153846153846156,0.038461538461538464,0.023076923076923078,0.038461538461538464,0.07692307692307693,0.06153846153846154,0.03076923076923077,0.06923076923076923,0.06923076923076923,0.038461538461538464,0.046153846153846156,0.03076923076923077,0.046153846153846156,0.046153846153846156,0.08461538461538462,0.046153846153846156,0.05384615384615385,130
0.03,0.06,0.06,0.04,0.1,0.05,0.07,0.05,0.07,0.05,0.05,0.02,0.02,0.06,0.07,0.03,0.03,0.03,0.05,0.06,100
0.05442176870748299,0.061224489795918366,0.027210884353741496,0.04081632653061224,0.06802721088435375,0.04081632653061224,0.02040816326530612,0.04081632653061224,0.013605442176870748,0.07482993197278912,0.08163265306122448,0.05442176870748299,0.034013605442176874,0.05442176870748299,0.061224489795918366,0.06802721088435375,0.08163265306122448,0.034013605442176874,0.034013605442176874,0.05442176870748299,147
0.07476635514018691,0.04672897196261682,0.07476635514018691,0.04672897196261682,0.037383177570093455,0.06542056074766354,0.06542056074766354,0.018691588785046728,0.028037383177570093,0.056074766355140186,0.056074766355140186,0.056074766355140186,0.037383177570093455,0.009345794392523364,0.06542056074766354,0.056074766355140186,0.056074766355140186,0.04672897196261682,0.04672897196261682,0.056074766355140186,107
0.048,0.032,0.048,0.04,0.024,0.08,0.08,0.064,0.024,0.064,0.048,0.072,0.056,0.048,0.096,0.024,0.032,0.04,0.048,0.032,125
0.05925925925925926,0.044444444444444446,0.044444444444444446,0.05185185185185185,0.02962962962962963,0.05925925925925926,0.06666666666666667,0.022222222222222223,0.044444444444444446,0.044444444444444446,0.05185185185185185,0.06666666666666667,0.037037037037037035,0.044444444444444446,0.044444444444444446,0.05185185185185185,0.06666666666666667,0.07407407407407407,0.044444444444444446,0.05185185185185185,135
0.04054054054054054,0.04054054054054054,0.033783783783783786,0.06756756756756757,0.07432432432432433,0.060810810810810814,0.060810810810810814,0.02702702702702703,0.033783783783783786,0.04054054054054054,0.02027027027027027,0.0472972972972973,0.02027027027027027,0.05405405405405406,0.060810810810810814,0.06756756756756757,0.04054054054054054,0.08783783783783784,0.08108108108108109,0.04054054054054054,148
0.060240963855421686,0.060240963855421686,0.08433734939759036,0.024096385542168676,0.03614457831325301,0.024096385542168676,0.08433734939759036,0.03614457831325301,0.07228915662650602,0.04819277108433735,0.03614457831325301,0.060240963855421686,0.03614457831325301,0.04819277108433735,0.060240963855421686,0.03614457831325301,0.03614457831325301,0.060240963855421686,0.07228915662650602,0.024096385542168676,83
0.010752688172043012,0.10752688172043011,0.043010752688172046,0.021505376344086023,0.08602150537634409,0.03225806451612903,0.03225806451612903,0.053763440860215055,0.03225806451612903,0.06451612903225806,0.021505376344086023,0.06451612903225806,0.03225806451612903,0.10752688172043011,0.03225806451612903,0.043010752688172046,0.043010752688172046,0.06451612903225806,0.07526881720430108,0.03225806451612903,93
0.06796116504854369,0.019417475728155338,0.05825242718446602,0.06796116504854369,0.0970873786407767,0.038834951456310676,0.04854368932038835,0.05825242718446602,0.06796116504854369,0.009708737864077669,0.05825242718446602,0.009708737864077669,0.08737864077669903,0.019417475728155338,0.04854368932038835,0.038834951456310676,0.038834951456310676,0.06796116504854369,0.06796116504854369,0.02912621359223301,103
0.029411764705882353,0.022058823529411766,0.058823529411764705,0.07352941176470588,0.0661764705882353,0.029411764705882353,0.04411764705882353,0.07352941176470588,0.051470588235294115,0.051470588235294115,0.0661764705882353,0.058823529411764705,0.03676470588235294,0.058823529411764705,0.04411764705882353,0.08088235294117647,0.03676470588235294,0.029411764705882353,0.029411764705882353,0.058823529411764705,136
0.05042016806722689,0.03361344537815126,0.05042016806722689,0.05042016806722689,0.07563025210084033,0.05042016806722689,0.05042016806722689,0.08403361344537816,0.03361344537815126,0.058823529411764705,0.05042016806722689,0.025210084033613446,0.04201680672268908,0.01680672268907563,0.06722689075630252,0.07563025210084033,0.025210084033613446,0.058823529411764705,0.058823529411764705,0.04201680672268908,119
0.07142857142857142,0.023809523809523808,0.07142857142857142,0.015873015873015872,0.07936507936507936,0.031746031746031744,0.05555555555555555,0.031746031746031744,0.03968253968253968,0.07936507936507936,0.047619047619047616,0.047619047619047616,0.031746031746031744,0.031746031746031744,0.06349206349206349,0.031746031746031744,0.09523809523809523,0.031746031746031744,0.03968253968253968,0.07936507936507936,126
0.007575757575757576,0.05303030303030303,0.030303030303030304,0.06818181818181818,0.05303030303030303,0.06818181818181818,0.022727272727272728,0.05303030303030303,0.015151515151515152,0.045454545454545456,0.06818181818181818,0.05303030303030303,0.06818181818181818,0.09848484848484848,0.022727272727272728,0.045454545454545456,0.06060606060606061,0.09090909090909091,0.030303030303030304,0.045454545454545456,132
0.03424657534246575,0.0273972602739726,0.0273972602739726,0.0684931506849315,0.0273972602739726,0.0684931506849315,0.08904109589041095,0.0821917808219178,0.02054794520547945,0.0821917808219178,0.06164383561643835,0.0684931506849315,0.0684931506849315,0.02054794520547945,0.02054794520547945,0.0273972602739726,0.04794520547945205,0.03424657534246575,0.0410958904109589,0.0821917808219178,146
0.08536585365853659,0.04878048780487805,0.024390243902439025,0.04878048780487805,0.024390243902439025,0.06097560975609756,0.024390243902439025,0.08536585365853659,0.04878048780487805,0.024390243902439025,0.04878048780487805,0.024390243902439025,0.012195121951219513,0.036585365853658534,0.06097560975609756,0.04878048780487805,0.06097560975609756,0.04878048780487805,0.06097560975609756,0.12195121951219512,82
0.04411764705882353,0.04411764705882353,0.051470588235294115,0.058823529411764705,0.04411764705882353,0.08088235294117647,0.058823529411764705,0.08823529411764706,0.029411764705882353,0.04411764705882353,0.03676470588235294,0.04411764705882353,0.04411764705882353,0.029411764705882353,0.03676470588235294,0.04411764705882353,0.03676470588235294,0.03676470588235294,0.08088235294117647,0.0661764705882353,136
0.012195121951219513,0.06097560975609756,0.07317073170731707,0.06097560975609756,0.024390243902439025,0.036585365853658534,0.08536585365853659,0.036585365853658534,0.024390243902439025,0.06097560975609756,0.04878048780487805,0.08536585365853659,0.036585365853658534,0.08536585365853659,0.07317073170731707,0.036585365853658534,0.036585365853658534,0.06097560975609756,0.036585365853658534,0.024390243902439025,82
0.06837606837606838,0.05128205128205128,0.042735042735042736,0.06837606837606838,0.05128205128205128,0.03418803418803419,0.042735042735042736,0.05128205128205128,0.042735042735042736,0.017094017094017096,0.09401709401709402,0.06837606837606838,0.05128205128205128,0.05982905982905983,0.017094017094017096,0.042735042735042736,0.05982905982905983,0.05982905982905983,0.042735042735042736,0.03418803418803419,117
0.06741573033707865,0.033707865168539325,0.0449438202247191,0.0449438202247191,0.02247191011235955,0.02247191011235955,0.02247191011235955,0.06741573033707865,0.011235955056179775,0.056179775280898875,0.02247191011235955,0.056179775280898875,0.06741573033707865,0.033707865168539325,0.10112359550561797,0.06741573033707865,0.12359550561797752,0.056179775280898875,0.033707865168539325,0.0449438202247191,89
0.025210084033613446,0.058823529411764705,0.058823529411764705,0.058823529411764705,0.025210084033613446,0.058823529411764705,0.07563025210084033,0.025210084033613446,0.10084033613445378,0.06722689075630252,0.04201680672268908,0.05042016806722689,0.058823529411764705,0.01680672268907563,0.05042016806722689,0.025210084033613446,0.05042016806722689,0.058823529411764705,0.03361344537815126,0.058823529411764705,119
0.06896551724137931,0.0896551724137931,0.041379310344827586,0.041379310344827586,0.04827586206896552,0.05517241379310345,0.04827586206896552,0.034482758620689655,0.05517241379310345,0.04827586206896552,0.06206896551724138,0.07586206896551724,0.020689655172413793,0.034482758620689655,0.013793103448275862,0.0896551724137931,0.04827586206896552,0.06206896551724138,0.034482758620689655,0.027586206896551724,145
0.07216494845360824,0.061855670103092786,0.05154639175257732,0.041237113402061855,0.08247422680412371,0.041237113402061855,0.020618556701030927,0.020618556701030927,0.030927835051546393,0.061855670103092786,0.07216494845360824,0.05154639175257732,0.05154639175257732,0.07216494845360824,0.041237113402061855,0.041237113402061855,0.07216494845360824,0.030927835051546393,0.030927835051546393,0.05154639175257732,97
0.05172413793103448,0.0603448275862069,0.0603448275862069,0.10344827586206896,0.0603448275862069,0.0603448275862069,0.0603448275862069,0.034482758620689655,0.05172413793103448,0.05172413793103448,0.05172413793103448,0.06896551724137931,0.034482758620689655,0.04310344827586207,0.034482758620689655,0.04310344827586207,0.02586206896551724,0.04310344827586207,0.034482758620689655,0.02586206896551724,116
0.02586206896551724,0.034482758620689655,0.02586206896551724,0.07758620689655173,0.034482758620689655,0.02586206896551724,0.034482758620689655,0.034482758620689655,0.05172413793103448,0.07758620689655173,0.08620689655172414,0.07758620689655173,0.07758620689655173,0.02586206896551724,0.07758620689655173,0.034482758620689655,0.08620689655172414,0.04310344827586207,0.05172413793103448,0.017241379310344827,116
0.06521739130434782,0.08695652173913043,0.021739130434782608,0.06521739130434782,0.07608695652173914,0.05434782608695652,0.07608695652173914,0.03260869565217391,0.07608695652173914,0.03260869565217391,0.08695652173913043,0.043478260869565216,0.043478260869565216,0.03260869565217391,0.021739130434782608,0.043478260869565216,0.03260869565217391,0.043478260869565216,0.010869565217391304,0.05434782608695652,92
0.06504065040650407,0.032520325203252036,0.056910569105691054,0.04065040650406504,0.032520325203252036,0.04065040650406504,0.056910569105691054,0.08943089430894309,0.024390243902439025,0.04065040650406504,0.04065040650406504,0.07317073170731707,0.032520325203252036,0.024390243902439025,0.056910569105691054,0.07317073170731707,0.08130081300813008,0.016260162601626018,0.04065040650406504,0.08130081300813008,123
0.07462686567164178,0.029850746268656716,0.022388059701492536,0.03731343283582089,0.05223880597014925,0.029850746268656716,0.029850746268656716,0.05223880597014925,0.05223880597014925,0.06716417910447761,0.07462686567164178,0.03731343283582089,0.05970149253731343,0.07462686567164178,0.03731343283582089,0.03731343283582089,0.029850746268656716,0.08208955223880597,0.08208955223880597,0.03731343283582089,134
0.040983606557377046,0.03278688524590164,0.040983606557377046,0.06557377049180328,0.05737704918032787,0.04918032786885246,0.03278688524590164,0.04918032786885246,0.040983606557377046,0.03278688524590164,0.08196721311475409,0.05737704918032787,0.06557377049180328,0.040983606557377046,0.03278688524590164,0.040983606557377046,0.04918032786885246,0.10655737704918032,0.06557377049180328,0.01639344262295082,122
0.06040268456375839,0.053691275167785234,0.040268456375838924,0.053691275167785234,0.040268456375838924,0.03355704697986577,0.04697986577181208,0.03355704697986577,0.04697986577181208,0.0738255033557047,0.040268456375838924,0.053691275167785234,0.020134228187919462,0.08053691275167785,0.06711409395973154,0.06711409395973154,0.026845637583892617,0.03355704697986577,0.09395973154362416,0.03355704697986577,149
0.023529411764705882,0.023529411764705882,0.023529411764705882,0.047058823529411764,0.03529411764705882,0.047058823529411764,0.023529411764705882,0.03529411764705882,0.07058823529411765,0.058823529411764705,0.07058823529411765,0.03529411764705882,0.058823529411764705,0.058823529411764705,0.03529411764705882,0.058823529411764705,0.058823529411764705,0.09411764705882353,0.08235294117647059,0.058823529411764705,85
0.08403361344537816,0.058823529411764705,0.058823529411764705,0.05042016806722689,0.025210084033613446,0.05042016806722689,0.07563025210084033,0.025210084033613446,0.03361344537815126,0.06722689075630252,0.025210084033613446,0.058823529411764705,0.07563025210084033,0.025210084033613446,0.03361344537815126,0.05042016806722689,0.07563025210084033,0.06722689075630252,0.03361344537815126,0.025210084033613446,119
0.03,0.07,0.07,0.1,0.02,0.07,0.05,0.01,0.06,0.07,0.03,0.06,0.03,0.06,0.06,0.01,0.1,0.0,0.04,0.06,100
0.07058823529411765,0.07058823529411765,0.07058823529411765,0.03529411764705882,0.03529411764705882,0.058823529411764705,0.058823529411764705,0.023529411764705882,0.09411764705882353,0.09411764705882353,0.03529411764705882,0.023529411764705882,0.047058823529411764,0.023529411764705882,0.047058823529411764,0.047058823529411764,0.03529411764705882,0.011764705882352941,0.058823529411764705,0.058823529411764705,85
0.06896551724137931,0.022988505747126436,0.05747126436781609,0.011494252873563218,0.11494252873563218,0.034482758620689655,0.04597701149425287,0.04597701149425287,0.034482758620689655,0.034482758620689655,0.034482758620689655,0.034482758620689655,0.09195402298850575,0.08045977011494253,0.05747126436781609,0.022988505747126436,0.06896551724137931,0.05747126436781609,0.034482758620689655,0.04597701149425287,87
0.07627118644067797,0.03389830508474576,0.06779661016949153,0.059322033898305086,0.05084745762711865,0.025423728813559324,0.03389830508474576,0.01694915254237288,0.059322033898305086,0.05084745762711865,0.0847457627118644,0.07627118644067797,0.03389830508474576,0.06779661016949153,0.06779661016949153,0.0423728813559322,0.03389830508474576,0.025423728813559324,0.059322033898305086,0.03389830508474576,118
0.05454545454545454,0.05454545454545454,0.02727272727272727,0.045454545454545456,0.03636363636363636,0.06363636363636363,0.1,0.05454545454545454,0.02727272727272727,0.03636363636363636,0.045454545454545456,0.03636363636363636,0.07272727272727272,0.1,0.06363636363636363,0.045454545454545456,0.02727272727272727,0.03636363636363636,0.03636363636363636,0.03636363636363636,110
0.08433734939759036,0.04819277108433735,0.03614457831325301,0.04819277108433735,0.024096385542168676,0.04819277108433735,0.04819277108433735,0.012048192771084338,0.08433734939759036,0.0963855421686747,0.03614457831325301,0.04819277108433735,0.060240963855421686,0.060240963855421686,0.060240963855421686,0.07228915662650602,0.03614457831325301,0.024096385542168676,0.0,0.07228915662650602,83
0.04918032786885246,0.02459016393442623,0.02459016393442623,0.06557377049180328,0.04918032786885246,0.05737704918032787,0.04918032786885246,0.03278688524590164,0.02459016393442623,0.040983606557377046,0.05737704918032787,0.05737704918032787,0.040983606557377046,0.06557377049180328,0.10655737704918032,0.06557377049180328,0.03278688524590164,0.02459016393442623,0.06557377049180328,0.06557377049180328,122
0.056818181818181816,0.056818181818181816,0.03409090909090909,0.07954545454545454,0.06818181818181818,0.045454545454545456,0.045454545454545456,0.03409090909090909,0.011363636363636364,0.022727272727272728,0.045454545454545456,0.03409090909090909,0.045454545454545456,0.11363636363636363,0.03409090909090909,0.045454545454545456,0.056818181818181816,0.056818181818181816,0.03409090909090909,0.07954545454545454,88
0.09302325581395349,0.03488372093023256,0.0,0.05813953488372093,0.023255813953488372,0.046511627906976744,0.023255813953488372,0.03488372093023256,0.06976744186046512,0.023255813953488372,0.05813953488372093,0.08139534883720931,0.08139534883720931,0.023255813953488372,0.046511627906976744,0.046511627906976744,0.03488372093023256,0.046511627906976744,0.09302325581395349,0.08139534883720931,86
0.057692307692307696,0.038461538461538464,0.019230769230769232,0.0673076923076923,0.04807692307692308,0.07692307692307693,0.04807692307692308,0.028846153846153848,0.0673076923076923,0.07692307692307693,0.0673076923076923,0.04807692307692308,0.057692307692307696,0.04807692307692308,0.038461538461538464,0.038461538461538464,0.07692307692307693,0.019230769230769232,0.038461538461538464,0.038461538461538464,104
0.056338028169014086,0.056338028169014086,0.04929577464788732,0.056338028169014086,0.07746478873239436,0.035211267605633804,0.04225352112676056,0.04225352112676056,0.035211267605633804,0.06338028169014084,0.04929577464788732,0.04225352112676056,0.07042253521126761,0.06338028169014084,0.035211267605633804,0.035211267605633804,0.06338028169014084,0.04225352112676056,0.028169014084507043,0.056338028169014086,142
0.04838709677419355,0.06451612903225806,0.06451612903225806,0.04032258064516129,0.056451612903225805,0.056451612903225805,0.07258064516129033,0.03225806451612903,0.03225806451612903,0.07258064516129033,0.04838709677419355,0.04838709677419355,0.06451612903225806,0.06451612903225806,0.016129032258064516,0.024193548387096774,0.04032258064516129,0.04838709677419355,0.03225806451612903,0.07258064516129033,124
0.04,0.02,0.08,0.05,0.07,0.05,0.05,0.04,0.05,0.04,0.05,0.05,0.05,0.11,0.03,0.05,0.05,0.02,0.06,0.04,100
0.05217391304347826,0.043478260869565216,0.06956521739130435,0.05217391304347826,0.09565217391304348,0.06956521739130435,0.05217391304347826,0.06086956521739131,0.043478260869565216,0.034782608695652174,0.05217391304347826,0.05217391304347826,0.034782608695652174,0.043478260869565216,0.017391304347826087,0.034782608695652174,0.034782608695652174,0.0782608695652174,0.043478260869565216,0.034782608695652174,115
0.05511811023622047,0.06299212598425197,0.03937007874015748,0.015748031496062992,0.047244094488188976,0.03937007874015748,0.11023622047244094,0.06299212598425197,0.031496062992125984,0.07086614173228346,0.047244094488188976,0.03937007874015748,0.031496062992125984,0.05511811023622047,0.031496062992125984,0.05511811023622047,0.03937007874015748,0.047244094488188976,0.05511811023622047,0.06299212598425197,127
0.06716417910447761,0.03731343283582089,0.03731343283582089,0.08208955223880597,0.03731343283582089,0.05223880597014925,0.05223880597014925,0.08208955223880597,0.08955223880597014,0.029850746268656716,0.022388059701492536,0.04477611940298507,0.05223880597014925,0.05970149253731343,0.05223880597014925,0.04477611940298507,0.04477611940298507,0.05223880597014925,0.022388059701492536,0.03731343283582089,134
0.07,0.0,0.11,0.03,0.02,0.05,0.09,0.06,0.05,0.02,0.03,0.06,0.08,0.03,0.01,0.06,0.04,0.07,0.08,0.04,100
0.09473684210526316,0.05263157894736842,0.05263157894736842,0.06315789473684211,0.05263157894736842,0.031578947368421054,0.042105263157894736,0.06315789473684211,0.042105263157894736,0.08421052631578947,0.042105263157894736,0.06315789473684211,0.05263157894736842,0.05263157894736842,0.06315789473684211,0.021052631578947368,0.06315789473684211,0.010526315789473684,0.031578947368421054,0.021052631578947368,95
0.05825242718446602,0.019417475728155338,0.05825242718446602,0.06796116504854369,0.02912621359223301,0.04854368932038835,0.06796116504854369,0.038834951456310676,0.04854368932038835,0.038834951456310676,0.06796116504854369,0.038834951456310676,0.07766990291262135,0.0970873786407767,0.04854368932038835,0.019417475728155338,0.02912621359223301,0.038834951456310676,0.06796116504854369,0.038834951456310676,103
0.050505050505050504,0.04040404040404041,0.09090909090909091,0.0707070707070707,0.0707070707070707,0.050505050505050504,0.050505050505050504,0.020202020202020204,0.020202020202020204,0.050505050505050504,0.030303030303030304,0.06060606060606061,0.020202020202020204,0.09090909090909091,0.050505050505050504,0.06060606060606061,0.020202020202020204,0.050505050505050504,0.050505050505050504,0.050505050505050504,99
0.056179775280898875,0.06741573033707865,0.011235955056179775,0.07865168539325842,0.0449438202247191,0.06741573033707865,0.056179775280898875,0.0,0.0449438202247191,0.0898876404494382,0.033707865168539325,0.0449438202247191,0.06741573033707865,0.0449438202247191,0.033707865168539325,0.056179775280898875,0.033707865168539325,0.056179775280898875,0.06741573033707865,0.0449438202247191,89
0.04854368932038835,0.038834951456310676,0.02912621359223301,0.038834951456310676,0.05825242718446602,0.04854368932038835,0.06796116504854369,0.06796116504854369,0.02912621359223301,0.009708737864077669,0.08737864077669903,0.02912621359223301,0.04854368932038835,0.06796116504854369,0.038834951456310676,0.08737864077669903,0.08737864077669903,0.019417475728155338,0.009708737864077669,0.08737864077669903,103
0.06870229007633588,0.04580152671755725,0.03816793893129771,0.015267175572519083,0.030534351145038167,0.09923664122137404,0.06870229007633588,0.07633587786259542,0.03816793893129771,0.05343511450381679,0.05343511450381679,0.04580152671755725,0.04580152671755725,0.03816793893129771,0.05343511450381679,0.030534351145038167,0.061068702290076333,0.04580152671755725,0.030534351145038167,0.061068702290076333,131
0.04854368932038835,0.02912621359223301,0.04854368932038835,0.05825242718446602,0.019417475728155338,0.05825242718446602,0.02912621359223301,0.0970873786407767,0.06796116504854369,0.02912621359223301,0.05825242718446602,0.02912621359223301,0.05825242718446602,0.07766990291262135,0.04854368932038835,0.038834951456310676,0.04854368932038835,0.05825242718446602,0.038834951456310676,0.05825242718446602,103
0.042105263157894736,0.010526315789473684,0.06315789473684211,0.06315789473684211,0.031578947368421054,0.031578947368421054,0.07368421052631578,0.06315789473684211,0.05263157894736842,0.010526315789473684,0.021052631578947368,0.08421052631578947,0.021052631578947368,0.042105263157894736,0.05263157894736842,0.042105263157894736,0.042105263157894736,0.06315789473684211,0.11578947368421053,0.07368421052631578,95
0.07801418439716312,0.028368794326241134,0.07801418439716312,0.07801418439716312,0.05673758865248227,0.028368794326241134,0.04964539007092199,0.04964539007092199,0.0425531914893617,0.05673758865248227,0.06382978723404255,0.02127659574468085,0.03546099290780142,0.04964539007092199,0.0425531914893617,0.04964539007092199,0.0425531914893617,0.028368794326241134,0.04964539007092199,0.07092198581560284,141
0.055944055944055944,0.06293706293706294,0.055944055944055944,0.04895104895104895,0.027972027972027972,0.04895104895104895,0.08391608391608392,0.02097902097902098,0.04195804195804196,0.08391608391608392,0.03496503496503497,0.03496503496503497,0.055944055944055944,0.055944055944055944,0.08391608391608392,0.027972027972027972,0.055944055944055944,0.027972027972027972,0.04195804195804196,0.04895104895104895,143
0.04424778761061947,0.035398230088495575,0.061946902654867256,0.07964601769911504,0.07964601769911504,0.05309734513274336,0.061946902654867256,0.035398230088495575,0.035398230088495575,0.017699115044247787,0.04424778761061947,0.02654867256637168,0.07079646017699115,0.061946902654867256,0.07079646017699115,0.061946902654867256,0.017699115044247787,0.017699115044247787,0.061946902654867256,0.061946902654867256,113
0.061068702290076333,0.04580152671755725,0.08396946564885496,0.04580152671755725,0.061068702290076333,0.04580152671755725,0.015267175572519083,0.061068702290076333,0.05343511450381679,0.015267175572519083,0.09923664122137404,0.05343511450381679,0.04580152671755725,0.061068702290076333,0.03816793893129771,0.015267175572519083,0.04580152671755725,0.05343511450381679,0.05343511450381679,0.04580152671755725,131
0.04065040650406504,0.06504065040650407,0.056910569105691054,0.032520325203252036,0.024390243902439025,0.024390243902439025,0.04065040650406504,0.04065040650406504,0.06504065040650407,0.07317073170731707,0.024390243902439025,0.06504065040650407,0.08130081300813008,0.08943089430894309,0.06504065040650407,0.04878048780487805,0.032520325203252036,0.04065040650406504,0.04878048780487805,0.04065040650406504,123
0.05825242718446602,0.019417475728155338,0.06796116504854369,0.038834951456310676,0.05825242718446602,0.06796116504854369,0.07766990291262135,0.038834951456310676,0.009708737864077669,0.019417475728155338,0.05825242718446602,0.0970873786407767,0.038834951456310676,0.05825242718446602,0.07766990291262135,0.04854368932038835,0.038834951456310676,0.04854368932038835,0.04854368932038835,0.02912621359223301,103
0.056818181818181816,0.03409090909090909,0.10227272727272728,0.03409090909090909,0.045454545454545456,0.03409090909090909,0.07954545454545454,0.022727272727272728,0.045454545454545456,0.07954545454545454,0.07954545454545454,0.03409090909090909,0.056818181818181816,0.056818181818181816,0.056818181818181816,0.056818181818181816,0.03409090909090909,0.03409090909090909,0.022727272727272728,0.03409090909090909,88
0.05555555555555555,0.03968253968253968,0.05555555555555555,0.047619047619047616,0.023809523809523808,0.0873015873015873,0.031746031746031744,0.047619047619047616,0.03968253968253968,0.015873015873015872,0.06349206349206349,0.023809523809523808,0.05555555555555555,0.06349206349206349,0.05555555555555555,0.031746031746031744,0.05555555555555555,0.047619047619047616,0.03968253968253968,0.11904761904761904,126
0.0975609756097561,0.024390243902439025,0.07317073170731707,0.036585365853658534,0.012195121951219513,0.012195121951219513,0.012195121951219513,0.024390243902439025,0.024390243902439025,0.07317073170731707,0.0975609756097561,0.06097560975609756,0.036585365853658534,0.07317073170731707,0.08536585365853659,0.0975609756097561,0.036585365853658534,0.06097560975609756,0.0,0.06097560975609756,82
0.040268456375838924,0.06040268456375839,0.040268456375838924,0.087248322147651,0.04697986577181208,0.06040268456375839,0.026845637583892617,0.053691275167785234,0.053691275167785234,0.04697986577181208,0.08053691275167785,0.03355704697986577,0.03355704697986577,0.040268456375838924,0.06711409395973154,0.06040268456375839,0.040268456375838924,0.04697986577181208,0.026845637583892617,0.053691275167785234,149
0.05405405405405406,0.02702702702702703,0.06306306306306306,0.05405405405405406,0.06306306306306306,0.036036036036036036,0.04504504504504504,0.036036036036036036,0.06306306306306306,0.036036036036036036,0.07207207207207207,0.06306306306306306,0.05405405405405406,0.09009009009009009,0.036036036036036036,0.06306306306306306,0.02702702702702703,0.06306306306306306,0.02702702702702703,0.02702702702702703,111
0.09090909090909091,0.08333333333333333,0.030303030303030304,0.05303030303030303,0.045454545454545456,0.06060606060606061,0.045454545454545456,0.030303030303030304,0.03787878787878788,0.06818181818181818,0.03787878787878788,0.030303030303030304,0.045454545454545456,0.03787878787878788,0.022727272727272728,0.030303030303030304,0.06060606060606061,0.06060606060606061,0.06818181818181818,0.06060606060606061,132
0.0,0.024096385542168676,0.0,0.0963855421686747,0.04819277108433735,0.024096385542168676,0.08433734939759036,0.04819277108433735,0.08433734939759036,0.0963855421686747,0.04819277108433735,0.03614457831325301,0.03614457831325301,0.07228915662650602,0.060240963855421686,0.04819277108433735,0.012048192771084338,0.08433734939759036,0.024096385542168676,0.07228915662650602,83
0.028037383177570093,0.037383177570093455,0.037383177570093455,0.06542056074766354,0.056074766355140186,0.037383177570093455,0.018691588785046728,0.06542056074766354,0.037383177570093455,0.056074766355140186,0.056074766355140186,0.056074766355140186,0.018691588785046728,0.11214953271028037,0.06542056074766354,0.037383177570093455,0.09345794392523364,0.037383177570093455,0.06542056074766354,0.018691588785046728,107
0.0594059405940594,0.0594059405940594,0.07920792079207921,0.07920792079207921,0.009900990099009901,0.039603960396039604,0.04950495049504951,0.04950495049504951,0.039603960396039604,0.07920792079207921,0.04950495049504951,0.009900990099009901,0.04950495049504951,0.0297029702970297,0.07920792079207921,0.039603960396039604,0.0594059405940594,0.07920792079207921,0.0594059405940594,0.0,101
0.03278688524590164,0.04918032786885246,0.05737704918032787,0.02459016393442623,0.09836065573770492,0.06557377049180328,0.07377049180327869,0.03278688524590164,0.07377049180327869,0.04918032786885246,0.03278688524590164,0.07377049180327869,0.02459016393442623,0.08196721311475409,0.02459016393442623,0.05737704918032787,0.01639344262295082,0.07377049180327869,0.03278688524590164,0.02459016393442623,122
0.024096385542168676,0.07228915662650602,0.012048192771084338,0.08433734939759036,0.060240963855421686,0.03614457831325301,0.08433734939759036,0.10843373493975904,0.024096385542168676,0.04819277108433735,0.08433734939759036,0.04819277108433735,0.03614457831325301,0.012048192771084338,0.012048192771084338,0.04819277108433735,0.04819277108433735,0.03614457831325301,0.10843373493975904,0.012048192771084338,83
0.03125,0.07291666666666667,0.03125,0.09375,0.0625,0.03125,0.010416666666666666,0.010416666666666666,0.052083333333333336,0.09375,0.03125,0.07291666666666667,0.041666666666666664,0.041666666666666664,0.08333333333333333,0.052083333333333336,0.041666666666666664,0.020833333333333332,0.052083333333333336,0.07291666666666667,96
0.029411764705882353,0.0392156862745098,0.0196078431372549,0.0392156862745098,0.0392156862745098,0.00980392156862745,0.058823529411764705,0.049019607843137254,0.12745098039215685,0.0392156862745098,0.058823529411764705,0.0784313725490196,0.058823529411764705,0.049019607843137254,0.058823529411764705,0.0392156862745098,0.049019607843137254,0.058823529411764705,0.0392156862745098,0.058823529411764705,102
0.039603960396039604,0.10891089108910891,0.0297029702970297,0.06930693069306931,0.0297029702970297,0.0594059405940594,0.039603960396039604,0.0594059405940594,0.0297029702970297,0.019801980198019802,0.04950495049504951,0.09900990099009901,0.0594059405940594,0.04950495049504951,0.0594059405940594,0.0594059405940594,0.009900990099009901,0.06930693069306931,0.0297029702970297,0.0297029702970297,101
0.046153846153846156,0.023076923076923078,0.06153846153846154,0.023076923076923078,0.06923076923076923,0.046153846153846156,0.06923076923076923,0.06153846153846154,0.08461538461538462,0.08461538461538462,0.046153846153846156,0.05384615384615385,0.05384615384615385,0.06153846153846154,0.046153846153846156,0.03076923076923077,0.038461538461538464,0.023076923076923078,0.05384615384615385,0.023076923076923078,130
0.04827586206896552,0.04827586206896552,0.05517241379310345,0.0896551724137931,0.05517241379310345,0.04827586206896552,0.06206896551724138,0.04827586206896552,0.020689655172413793,0.041379310344827586,0.041379310344827586,0.041379310344827586,0.020689655172413793,0.06206896551724138,0.07586206896551724,0.04827586206896552,0.04827586206896552,0.034482758620689655,0.08275862068965517,0.027586206896551724,145
0.03409090909090909,0.03409090909090909,0.06818181818181818,0.09090909090909091,0.03409090909090909,0.022727272727272728,0.06818181818181818,0.011363636363636364,0.045454545454545456,0.022727272727272728,0.10227272727272728,0.03409090909090909,0.056818181818181816,0.06818181818181818,0.011363636363636364,0.07954545454545454,0.06818181818181818,0.045454545454545456,0.056818181818181816,0.045454545454545456,88
0.08235294117647059,0.058823529411764705,0.07058823529411765,0.058823529411764705,0.047058823529411764,0.047058823529411764,0.08235294117647059,0.03529411764705882,0.023529411764705882,0.047058823529411764,0.0,0.08235294117647059,0.07058823529411765,0.023529411764705882,0.03529411764705882,0.07058823529411765,0.047058823529411764,0.07058823529411765,0.023529411764705882,0.023529411764705882,85
0.046875,0.0078125,0.0390625,0.0625,0.0625,0.046875,0.0234375,0.046875,0.0234375,0.0234375,0.078125,0.0859375,0.03125,0.03125,0.0703125,0.0859375,0.0859375,0.0390625,0.03125,0.078125,128
0.06060606060606061,0.020202020202020204,0.06060606060606061,0.04040404040404041,0.0707070707070707,0.050505050505050504,0.06060606060606061,0.050505050505050504,0.0707070707070707,0.06060606060606061,0.050505050505050504,0.050505050505050504,0.06060606060606061,0.08080808080808081,0.020202020202020204,0.030303030303030304,0.04040404040404041,0.030303030303030304,0.030303030303030304,0.06060606060606061,99
0.03508771929824561,0.05263157894736842,0.043859649122807015,0.05263157894736842,0.02631578947368421,0.02631578947368421,0.05263157894736842,0.008771929824561403,0.08771929824561403,0.08771929824561403,0.02631578947368421,0.02631578947368421,0.02631578947368421,0.07017543859649122,0.07894736842105263,0.02631578947368421,0.08771929824561403,0.05263157894736842,0.07017543859649122,0.06140350877192982,114
0.02608695652173913,0.017391304347826087,0.05217391304347826,0.05217391304347826,0.05217391304347826,0.017391304347826087,0.05217391304347826,0.06956521739130435,0.06956521739130435,0.043478260869565216,0.08695652173913043,0.0782608695652174,0.06956521739130435,0.02608695652173913,0.043478260869565216,0.034782608695652174,0.0782608695652174,0.034782608695652174,0.05217391304347826,0.043478260869565216,115
0.08256880733944955,0.07339449541284404,0.06422018348623854,0.05504587155963303,0.07339449541284404,0.01834862385321101,0.11009174311926606,0.01834862385321101,0.05504587155963303,0.045871559633027525,0.05504587155963303,0.027522935779816515,0.03669724770642202,0.05504587155963303,0.01834862385321101,0.027522935779816515,0.03669724770642202,0.07339449541284404,0.045871559633027525,0.027522935779816515,109
0.03571428571428571,0.03571428571428571,0.047619047619047616,0.023809523809523808,0.03571428571428571,0.047619047619047616,0.047619047619047616,0.03571428571428571,0.03571428571428571,0.05952380952380952,0.10714285714285714,0.03571428571428571,0.011904761904761904,0.05952380952380952,0.09523809523809523,0.03571428571428571,0.03571428571428571,0.07142857142857142,0.09523809523809523,0.047619047619047616,84
0.042105263157894736,0.05263157894736842,0.042105263157894736,0.05263157894736842,0.021052631578947368,0.05263157894736842,0.042105263157894736,0.031578947368421054,0.031578947368421054,0.021052631578947368,0.031578947368421054,0.06315789473684211,0.05263157894736842,0.031578947368421054,0.09473684210526316,0.07368421052631578,0.042105263157894736,0.11578947368421053,0.042105263157894736,0.06315789473684211,95
0.03361344537815126,0.06722689075630252,0.025210084033613446,0.03361344537815126,0.058823529411764705,0.05042016806722689,0.09243697478991597,0.01680672268907563,0.06722689075630252,0.04201680672268908,0.03361344537815126,0.03361344537815126,0.025210084033613446,0.058823529411764705,0.10084033613445378,0.04201680672268908,0.05042016806722689,0.05042016806722689,0.05042016806722689,0.06722689075630252,119
0.0873015873015873,0.015873015873015872,0.03968253968253968,0.023809523809523808,0.031746031746031744,0.06349206349206349,0.023809523809523808,0.09523809523809523,0.031746031746031744,0.031746031746031744,0.03968253968253968,0.05555555555555555,0.07936507936507936,0.03968253968253968,0.09523809523809523,0.023809523809523808,0.03968253968253968,0.03968253968253968,0.07142857142857142,0.07142857142857142,126
0.046875,0.0546875,0.046875,0.078125,0.078125,0.03125,0.046875,0.03125,0.078125,0.0390625,0.046875,0.0625,0.0703125,0.03125,0.015625,0.0625,0.03125,0.0390625,0.078125,0.03125,128
0.08148148148148149,0.037037037037037035,0.044444444444444446,0.06666666666666667,0.05925925925925926,0.07407407407407407,0.05925925925925926,0.022222222222222223,0.022222222222222223,0.05925925925925926,0.05185185185185185,0.05185185185185185,0.044444444444444446,0.02962962962962963,0.044444444444444446,0.05925925925925926,0.06666666666666667,0.037037037037037035,0.05925925925925926,0.02962962962962963,135
0.060240963855421686,0.07228915662650602,0.07228915662650602,0.024096385542168676,0.08433734939759036,0.03614457831325301,0.024096385542168676,0.03614457831325301,0.04819277108433735,0.07228915662650602,0.024096385542168676,0.060240963855421686,0.07228915662650602,0.04819277108433735,0.060240963855421686,0.03614457831325301,0.03614457831325301,0.060240963855421686,0.04819277108433735,0.024096385542168676,83
0.033707865168539325,0.02247191011235955,0.0898876404494382,0.056179775280898875,0.033707865168539325,0.06741573033707865,0.0449438202247191,0.056179775280898875,0.0449438202247191,0.0449438202247191,0.07865168539325842,0.0449438202247191,0.02247191011235955,0.0449438202247191,0.056179775280898875,0.02247191011235955,0.0449438202247191,0.06741573033707865,0.06741573033707865,0.056179775280898875,89
0.023622047244094488,0.11811023622047244,0.06299212598425197,0.031496062992125984,0.03937007874015748,0.047244094488188976,0.047244094488188976,0.03937007874015748,0.023622047244094488,0.015748031496062992,0.05511811023622047,0.05511811023622047,0.031496062992125984,0.08661417322834646,0.047244094488188976,0.023622047244094488,0.047244094488188976,0.07086614173228346,0.06299212598425197,0.07086614173228346,127
0.020202020202020204,0.0707070707070707,0.030303030303030304,0.030303030303030304,0.030303030303030304,0.020202020202020204,0.08080808080808081,0.1111111111111111,0.04040404040404041,0.050505050505050504,0.04040404040404041,0.0707070707070707,0.050505050505050504,0.06060606060606061,0.0707070707070707,0.030303030303030304,0.050505050505050504,0.050505050505050504,0.04040404040404041,0.050505050505050504,99
0.04504504504504504,0.02702702702702703,0.06306306306306306,0.04504504504504504,0.02702702702702703,0.07207207207207207,0.06306306306306306,0.02702702702702703,0.05405405405405406,0.04504504504504504,0.05405405405405406,0.05405405405405406,0.09009009009009009,0.05405405405405406,0.06306306306306306,0.04504504504504504,0.009009009009009009,0.07207207207207207,0.06306306306306306,0.02702702702702703,111
0.05263157894736842,0.03508771929824561,0.06140350877192982,0.02631578947368421,0.03508771929824561,0.06140350877192982,0.06140350877192982,0.043859649122807015,0.09649122807017543,0.043859649122807015,0.02631578947368421,0.09649122807017543,0.02631578947368421,0.06140350877192982,0.043859649122807015,0.02631578947368421,0.043859649122807015,0.03508771929824561,0.07017543859649122,0.05263157894736842,114
0.032520325203252036,0.056910569105691054,0.06504065040650407,0.056910569105691054,0.04065040650406504,0.04878048780487805,0.0975609756097561,0.04065040650406504,0.04878048780487805,0.06504065040650407,0.032520325203252036,0.07317073170731707,0.024390243902439025,0.04065040650406504,0.04065040650406504,0.04065040650406504,0.06504065040650407,0.04065040650406504,0.06504065040650407,0.024390243902439025,123
0.043478260869565216,0.021739130434782608,0.05434782608695652,0.05434782608695652,0.03260869565217391,0.05434782608695652,0.03260869565217391,0.043478260869565216,0.043478260869565216,0.021739130434782608,0.043478260869565216,0.11956521739130435,0.021739130434782608,0.07608695652173914,0.021739130434782608,0.03260869565217391,0.06521739130434782,0.05434782608695652,0.05434782608695652,0.10869565217391304,92
0.03571428571428571,0.03571428571428571,0.023809523809523808,0.047619047619047616,0.047619047619047616,0.08333333333333333,0.03571428571428571,0.047619047619047616,0.047619047619047616,0.047619047619047616,0.03571428571428571,0.023809523809523808,0.08333333333333333,0.047619047619047616,0.05952380952380952,0.05952380952380952,0.047619047619047616,0.08333333333333333,0.03571428571428571,0.07142857142857142,84
0.06474820143884892,0.050359712230215826,0.05755395683453238,0.03597122302158273,0.04316546762589928,0.050359712230215826,0.06474820143884892,0.04316546762589928,0.050359712230215826,0.04316546762589928,0.07194244604316546,0.03597122302158273,0.06474820143884892,0.03597122302158273,0.03597122302158273,0.06474820143884892,0.05755395683453238,0.050359712230215826,0.02877697841726619,0.050359712230215826,139
0.024390243902439025,0.04878048780487805,0.08130081300813008,0.04878048780487805,0.0975609756097561,0.04065040650406504,0.07317073170731707,0.032520325203252036,0.056910569105691054,0.032520325203252036,0.04878048780487805,0.056910569105691054,0.008130081300813009,0.04878048780487805,0.056910569105691054,0.04065040650406504,0.06504065040650407,0.016260162601626018,0.04878048780487805,0.07317073170731707,123
0.058823529411764705,0.058823529411764705,0.09803921568627451,0.00980392156862745,0.058823529411764705,0.06862745098039216,0.058823529411764705,0.0784313725490196,0.049019607843137254,0.058823529411764705,0.0196078431372549,0.0784313725490196,0.0392156862745098,0.08823529411764706,0.029411764705882353,0.058823529411764705,0.00980392156862745,0.0392156862745098,0.0196078431372549,0.0196078431372549,102
0.04,0.06,0.01,0.07,0.03,0.05,0.04,0.08,0.05,0.08,0.07,0.08,0.03,0.02,0.06,0.04,0.04,0.06,0.02,0.07,100
0.043010752688172046,0.03225806451612903,0.053763440860215055,0.043010752688172046,0.06451612903225806,0.053763440860215055,0.03225806451612903,0.021505376344086023,0.07526881720430108,0.11827956989247312,0.021505376344086023,0.07526881720430108,0.06451612903225806,0.0,0.0967741935483871,0.043010752688172046,0.03225806451612903,0.03225806451612903,0.07526881720430108,0.021505376344086023,93
0.024390243902439025,0.07317073170731707,0.04878048780487805,0.036585365853658534,0.07317073170731707,0.036585365853658534,0.06097560975609756,0.06097560975609756,0.024390243902439025,0.07317073170731707,0.0,0.06097560975609756,0.07317073170731707,0.06097560975609756,0.07317073170731707,0.08536585365853659,0.012195121951219513,0.012195121951219513,0.04878048780487805,0.06097560975609756,82
0.031578947368421054,0.08421052631578947,0.07368421052631578,0.010526315789473684,0.05263157894736842,0.010526315789473684,0.05263157894736842,0.042105263157894736,0.010526315789473684,0.07368421052631578,0.07368421052631578,0.042105263157894736,0.031578947368421054,0.07368421052631578,0.08421052631578947,0.042105263157894736,0.06315789473684211,0.010526315789473684,0.08421052631578947,0.05263157894736842,95
0.03773584905660377,0.08490566037735849,0.04716981132075472,0.009433962264150943,0.03773584905660377,0.02830188679245283,0.05660377358490566,0.05660377358490566,0.07547169811320754,0.04716981132075472,0.018867924528301886,0.03773584905660377,0.05660377358490566,0.07547169811320754,0.05660377358490566,0.04716981132075472,0.018867924528301886,0.07547169811320754,0.0660377358490566,0.0660377358490566,106
0.07462686567164178,0.12686567164179105,0.05970149253731343,0.07462686567164178,0.04477611940298507,0.04477611940298507,0.05223880597014925,0.04477611940298507,0.007462686567164179,0.022388059701492536,0.03731343283582089,0.06716417910447761,0.03731343283582089,0.04477611940298507,0.05970149253731343,0.022388059701492536,0.03731343283582089,0.029850746268656716,0.06716417910447761,0.04477611940298507,134
0.02857142857142857,0.0380952380952381,0.0380952380952381,0.08571428571428572,0.047619047619047616,0.08571428571428572,0.02857142857142857,0.047619047619047616,0.05714285714285714,0.047619047619047616,0.06666666666666667,0.0380952380952381,0.05714285714285714,0.05714285714285714,0.08571428571428572,0.009523809523809525,0.009523809523809525,0.06666666666666667,0.06666666666666667,0.0380952380952381,105
0.05172413793103448,0.05172413793103448,0.034482758620689655,0.06896551724137931,0.04310344827586207,0.02586206896551724,0.04310344827586207,0.04310344827586207,0.04310344827586207,0.09482758620689655,0.0603448275862069,0.05172413793103448,0.034482758620689655,0.0603448275862069,0.02586206896551724,0.05172413793103448,0.04310344827586207,0.04310344827586207,0.07758620689655173,0.05172413793103448,116
0.0851063829787234,0.07446808510638298,0.05319148936170213,0.0425531914893617,0.0425531914893617,0.0425531914893617,0.031914893617021274,0.05319148936170213,0.010638297872340425,0.0851063829787234,0.07446808510638298,0.0851063829787234,0.031914893617021274,0.0425531914893617,0.031914893617021274,0.07446808510638298,0.0425531914893617,0.05319148936170213,0.031914893617021274,0.010638297872340425,94
0.0472972972972973,0.02027027027027027,0.05405405405405406,0.05405405405405406,0.08108108108108109,0.04054054054054054,0.02702702702702703,0.05405405405405406,0.04054054054054054,0.02702702702702703,0.05405405405405406,0.0945945945945946,0.02702702702702703,0.07432432432432433,0.033783783783783786,0.0472972972972973,0.07432432432432433,0.0472972972972973,0.05405405405405406,0.0472972972972973,148
0.02631578947368421,0.07017543859649122,0.05263157894736842,0.043859649122807015,0.11403508771929824,0.07017543859649122,0.043859649122807015,0.07894736842105263,0.03508771929824561,0.043859649122807015,0.03508771929824561,0.017543859649122806,0.008771929824561403,0.043859649122807015,0.02631578947368421,0.07894736842105263,0.07017543859649122,0.07894736842105263,0.008771929824561403,0.05263157894736842,114
0.034722222222222224,0.04861111111111111,0.027777777777777776,0.05555555555555555,0.041666666666666664,0.020833333333333332,0.06944444444444445,0.020833333333333332,0.034722222222222224,0.0625,0.05555555555555555,0.08333333333333333,0.04861111111111111,0.041666666666666664,0.06944444444444445,0.0625,0.020833333333333332,0.09722222222222222,0.041666666666666664,0.0625,144
0.024390243902439025,0.036585365853658534,0.036585365853658534,0.036585365853658534,0.04878048780487805,0.0975609756097561,0.04878048780487805,0.07317073170731707,0.04878048780487805,0.06097560975609756,0.08536585365853659,0.012195121951219513,0.06097560975609756,0.036585365853658534,0.036585365853658534,0.07317073170731707,0.036585365853658534,0.024390243902439025,0.04878048780487805,0.07317073170731707,82
0.042735042735042736,0.09401709401709402,0.08547008547008547,0.017094017094017096,0.05982905982905983,0.06837606837606838,0.02564102564102564,0.042735042735042736,0.03418803418803419,0.03418803418803419,0.05128205128205128,0.042735042735042736,0.07692307692307693,0.05128205128205128,0.05128205128205128,0.017094017094017096,0.02564102564102564,0.05982905982905983,0.05128205128205128,0.06837606837606838,117
0.040268456375838924,0.06040268456375839,0.040268456375838924,0.087248322147651,0.053691275167785234,0.053691275167785234,0.06711409395973154,0.03355704697986577,0.040268456375838924,0.04697986577181208,0.0738255033557047,0.06040268456375839,0.06040268456375839,0.04697986577181208,0.04697986577181208,0.03355704697986577,0.03355704697986577,0.03355704697986577,0.0738255033557047,0.013422818791946308,149
0.06153846153846154,0.046153846153846156,0.06153846153846154,0.06153846153846154,0.038461538461538464,0.08461538461538462,0.038461538461538464,0.038461538461538464,0.015384615384615385,0.046153846153846156,0.046153846153846156,0.023076923076923078,0.03076923076923077,0.05384615384615385,0.05384615384615385,0.09230769230769231,0.03076923076923077,0.06153846153846154,0.06153846153846154,0.05384615384615385,130
0.05737704918032787,0.07377049180327869,0.040983606557377046,0.04918032786885246,0.04918032786885246,0.07377049180327869,0.04918032786885246,0.040983606557377046,0.03278688524590164,0.03278688524590164,0.05737704918032787,0.08196721311475409,0.09016393442622951,0.06557377049180328,0.04918032786885246,0.05737704918032787,0.01639344262295082,0.02459016393442623,0.040983606557377046,0.01639344262295082,122
0.08064516129032258,0.056451612903225805,0.07258064516129033,0.04032258064516129,0.03225806451612903,0.06451612903225806,0.07258064516129033,0.04032258064516129,0.04838709677419355,0.016129032258064516,0.056451612903225805,0.024193548387096774,0.08870967741935484,0.024193548387096774,0.03225806451612903,0.04032258064516129,0.06451612903225806,0.024193548387096774,0.08064516129032258,0.04032258064516129,124
0.041666666666666664,0.07291666666666667,0.09375,0.08333333333333333,0.07291666666666667,0.010416666666666666,0.041666666666666664,0.041666666666666664,0.0625,0.0625,0.07291666666666667,0.03125,0.03125,0.03125,0.010416666666666666,0.03125,0.041666666666666664,0.020833333333333332,0.041666666666666664,0.10416666666666667,96
0.031496062992125984,0.031496062992125984,0.031496062992125984,0.031496062992125984,0.03937007874015748,0.023622047244094488,0.047244094488188976,0.03937007874015748,0.07086614173228346,0.03937007874015748,0.07874015748031496,0.05511811023622047,0.07874015748031496,0.047244094488188976,0.08661417322834646,0.047244094488188976,0.05511811023622047,0.05511811023622047,0.06299212598425197,0.047244094488188976,127
0.037037037037037035,0.07407407407407407,0.037037037037037035,0.08641975308641975,0.04938271604938271,0.07407407407407407,0.04938271604938271,0.037037037037037035,0.037037037037037035,0.037037037037037035,0.04938271604938271,0.037037037037037035,0.04938271604938271,0.024691358024691357,0.09876543209876543,0.08641975308641975,0.012345679012345678,0.037037037037037035,0.04938271604938271,0.037037037037037035,81
0.07865168539325842,0.033707865168539325,0.033707865168539325,0.033707865168539325,0.056179775280898875,0.033707865168539325,0.06741573033707865,0.07865168539325842,0.056179775280898875,0.0449438202247191,0.033707865168539325,0.033707865168539325,0.0449438202247191,0.02247191011235955,0.056179775280898875,0.06741573033707865,0.011235955056179775,0.06741573033707865,0.056179775280898875,0.0898876404494382,89
0.07482993197278912,0.034013605442176874,0.061224489795918366,0.06802721088435375,0.08163265306122448,0.034013605442176874,0.047619047619047616,0.05442176870748299,0.061224489795918366,0.027210884353741496,0.06802721088435375,0.04081632653061224,0.034013605442176874,0.061224489795918366,0.047619047619047616,0.06802721088435375,0.04081632653061224,0.02040816326530612,0.027210884353741496,0.047619047619047616,147
0.07207207207207207,0.05405405405405406,0.036036036036036036,0.04504504504504504,0.02702702702702703,0.018018018018018018,0.009009009009009009,0.02702702702702703,0.018018018018018018,0.05405405405405406,0.04504504504504504,0.09009009009009009,0.05405405405405406,0.06306306306306306,0.05405405405405406,0.036036036036036036,0.06306306306306306,0.0990990990990991,0.09009009009009009,0.04504504504504504,111
0.04195804195804196,0.06293706293706294,0.06293706293706294,0.07692307692307693,0.06293706293706294,0.02097902097902098,0.04195804195804196,0.06993006993006994,0.04195804195804196,0.08391608391608392,0.04195804195804196,0.027972027972027972,0.04895104895104895,0.04895104895104895,0.02097902097902098,0.055944055944055944,0.04895104895104895,0.04195804195804196,0.04895104895104895,0.04895104895104895,143
0.06870229007633588,0.061068702290076333,0.022900763358778626,0.03816793893129771,0.061068702290076333,0.007633587786259542,0.07633587786259542,0.03816793893129771,0.061068702290076333,0.03816793893129771,0.03816793893129771,0.015267175572519083,0.06870229007633588,0.08396946564885496,0.0916030534351145,0.04580152671755725,0.061068702290076333,0.06870229007633588,0.022900763358778626,0.030534351145038167,131
0.02631578947368421,0.03508771929824561,0.06140350877192982,0.05263157894736842,0.043859649122807015,0.043859649122807015,0.017543859649122806,0.05263157894736842,0.06140350877192982,0.05263157894736842,0.06140350877192982,0.07017543859649122,0.02631578947368421,0.06140350877192982,0.09649122807017543,0.07017543859649122,0.05263157894736842,0.043859649122807015,0.03508771929824561,0.03508771929824561,114
0.04964539007092199,0.04964539007092199,0.05673758865248227,0.04964539007092199,0.0425531914893617,0.05673758865248227,0.028368794326241134,0.06382978723404255,0.05673758865248227,0.0425531914893617,0.05673758865248227,0.05673758865248227,0.028368794326241134,0.06382978723404255,0.0851063829787234,0.0425531914893617,0.04964539007092199,0.07092198581560284,0.03546099290780142,0.014184397163120567,141
0.06504065040650407,0.06504065040650407,0.08130081300813008,0.04065040650406504,0.032520325203252036,0.04065040650406504,0.056910569105691054,0.024390243902439025,0.032520325203252036,0.04878048780487805,0.056910569105691054,0.04065040650406504,0.024390243902439025,0.06504065040650407,0.06504065040650407,0.056910569105691054,0.056910569105691054,0.06504065040650407,0.032520325203252036,0.04878048780487805,123
0.06930693069306931,0.019801980198019802,0.04950495049504951,0.039603960396039604,0.04950495049504951,0.0891089108910891,0.04950495049504951,0.039603960396039604,0.07920792079207921,0.019801980198019802,0.039603960396039604,0.039603960396039604,0.019801980198019802,0.0297029702970297,0.039603960396039604,0.039603960396039604,0.07920792079207921,0.06930693069306931,0.06930693069306931,0.06930693069306931,101
0.09523809523809523,0.027210884353741496,0.047619047619047616,0.04081632653061224,0.07482993197278912,0.027210884353741496,0.061224489795918366,0.061224489795918366,0.027210884353741496,0.04081632653061224,0.047619047619047616,0.08163265306122448,0.05442176870748299,0.07482993197278912,0.047619047619047616,0.034013605442176874,0.047619047619047616,0.034013605442176874,0.047619047619047616,0.027210884353741496,147
0.08433734939759036,0.07228915662650602,0.060240963855421686,0.03614457831325301,0.0963855421686747,0.060240963855421686,0.03614457831325301,0.012048192771084338,0.024096385542168676,0.060240963855421686,0.03614457831325301,0.060240963855421686,0.060240963855421686,0.060240963855421686,0.024096385542168676,0.060240963855421686,0.07228915662650602,0.04819277108433735,0.012048192771084338,0.024096385542168676,83
0.034482758620689655,0.05172413793103448,0.11206896551724138,0.034482758620689655,0.034482758620689655,0.017241379310344827,0.08620689655172414,0.04310344827586207,0.034482758620689655,0.06896551724137931,0.034482758620689655,0.0603448275862069,0.07758620689655173,0.034482758620689655,0.034482758620689655,0.07758620689655173,0.02586206896551724,0.05172413793103448,0.05172413793103448,0.034482758620689655,116
0.04861111111111111,0.06944444444444445,0.04861111111111111,0.034722222222222224,0.034722222222222224,0.020833333333333332,0.05555555555555555,0.04861111111111111,0.09027777777777778,0.041666666666666664,0.027777777777777776,0.06944444444444445,0.034722222222222224,0.08333333333333333,0.027777777777777776,0.05555555555555555,0.0763888888888889,0.034722222222222224,0.0625,0.034722222222222224,144
0.056451612903225805,0.04838709677419355,0.024193548387096774,0.04838709677419355,0.04838709677419355,0.04032258064516129,0.016129032258064516,0.07258064516129033,0.08064516129032258,0.04032258064516129,0.08870967741935484,0.06451612903225806,0.03225806451612903,0.04032258064516129,0.04032258064516129,0.04032258064516129,0.04838709677419355,0.056451612903225805,0.04838709677419355,0.06451612903225806,124
0.03816793893129771,0.07633587786259542,0.06870229007633588,0.05343511450381679,0.04580152671755725,0.061068702290076333,0.030534351145038167,0.03816793893129771,0.015267175572519083,0.04580152671755725,0.03816793893129771,0.05343511450381679,0.04580152671755725,0.05343511450381679,0.05343511450381679,0.04580152671755725,0.07633587786259542,0.061068702290076333,0.061068702290076333,0.03816793893129771,131
0.05454545454545454,0.045454545454545456,0.02727272727272727,0.09090909090909091,0.03636363636363636,0.05454545454545454,0.06363636363636363,0.06363636363636363,0.02727272727272727,0.05454545454545454,0.02727272727272727,0.05454545454545454,0.07272727272727272,0.045454545454545456,0.07272727272727272,0.01818181818181818,0.09090909090909091,0.03636363636363636,0.045454545454545456,0.01818181818181818,110
0.022556390977443608,0.022556390977443608,0.05263157894736842,0.03759398496240601,0.06015037593984962,0.03007518796992481,0.05263157894736842,0.03007518796992481,0.07518796992481203,0.045112781954887216,0.05263157894736842,0.06015037593984962,0.09774436090225563,0.09022556390977443,0.06015037593984962,0.05263157894736842,0.03759398496240601,0.045112781954887216,0.03007518796992481,0.045112781954887216,133
0.10679611650485436,0.02912621359223301,0.038834951456310676,0.02912621359223301,0.038834951456310676,0.06796116504854369,0.04854368932038835,0.02912621359223301,0.07766990291262135,0.02912621359223301,0.07766990291262135,0.038834951456310676,0.06796116504854369,0.04854368932038835,0.04854368932038835,0.038834951456310676,0.04854368932038835,0.06796116504854369,0.02912621359223301,0.038834951456310676,103
0.037037037037037035,0.022222222222222223,0.044444444444444446,0.0962962962962963,0.02962962962962963,0.05925925925925926,0.06666666666666667,0.06666666666666667,0.07407407407407407,0.05925925925925926,0.06666666666666667,0.044444444444444446,0.05925925925925926,0.022222222222222223,0.07407407407407407,0.037037037037037035,0.0,0.044444444444444446,0.05185185185185185,0.044444444444444446,135
0.02830188679245283,0.02830188679245283,0.02830188679245283,0.04716981132075472,0.009433962264150943,0.09433962264150944,0.04716981132075472,0.05660377358490566,0.10377358490566038,0.05660377358490566,0.0660377358490566,0.04716981132075472,0.04716981132075472,0.07547169811320754,0.07547169811320754,0.02830188679245283,0.04716981132075472,0.03773584905660377,0.03773584905660377,0.03773584905660377,106
0.021052631578947368,0.06315789473684211,0.010526315789473684,0.042105263157894736,0.031578947368421054,0.06315789473684211,0.021052631578947368,0.06315789473684211,0.06315789473684211,0.06315789473684211,0.06315789473684211,0.06315789473684211,0.07368421052631578,0.042105263157894736,0.042105263157894736,0.06315789473684211,0.07368421052631578,0.05263157894736842,0.06315789473684211,0.021052631578947368,95
0.08053691275167785,0.053691275167785234,0.03355704697986577,0.04697986577181208,0.020134228187919462,0.040268456375838924,0.06711409395973154,0.040268456375838924,0.08053691275167785,0.06040268456375839,0.03355704697986577,0.026845637583892617,0.04697986577181208,0.040268456375838924,0.0738255033557047,0.06040268456375839,0.053691275167785234,0.06040268456375839,0.040268456375838924,0.040268456375838924,149
0.04065040650406504,0.056910569105691054,0.08130081300813008,0.024390243902439025,0.07317073170731707,0.06504065040650407,0.008130081300813009,0.08943089430894309,0.016260162601626018,0.04065040650406504,0.056910569105691054,0.032520325203252036,0.04065040650406504,0.06504065040650407,0.04878048780487805,0.032520325203252036,0.04065040650406504,0.04065040650406504,0.08943089430894309,0.056910569105691054,123
0.07246376811594203,0.07246376811594203,0.036231884057971016,0.028985507246376812,0.06521739130434782,0.043478260869565216,0.036231884057971016,0.057971014492753624,0.043478260869565216,0.043478260869565216,0.036231884057971016,0.043478260869565216,0.043478260869565216,0.07971014492753623,0.050724637681159424,0.06521739130434782,0.036231884057971016,0.036231884057971016,0.050724637681159424,0.057971014492753624,138
0.05785123966942149,0.06611570247933884,0.09090909090909091,0.01652892561983471,0.024793388429752067,0.0743801652892562,0.049586776859504134,0.024793388429752067,0.01652892561983471,0.03305785123966942,0.05785123966942149,0.06611570247933884,0.05785123966942149,0.0743801652892562,0.04132231404958678,0.06611570247933884,0.05785123966942149,0.01652892561983471,0.0743801652892562,0.03305785123966942,121
0.03597122302158273,0.050359712230215826,0.02877697841726619,0.04316546762589928,0.06474820143884892,0.05755395683453238,0.05755395683453238,0.050359712230215826,0.02877697841726619,0.04316546762589928,0.03597122302158273,0.050359712230215826,0.04316546762589928,0.02877697841726619,0.10071942446043165,0.07194244604316546,0.07913669064748201,0.06474820143884892,0.05755395683453238,0.007194244604316547,139
0.08421052631578947,0.042105263157894736,0.031578947368421054,0.031578947368421054,0.021052631578947368,0.042105263157894736,0.08421052631578947,0.06315789473684211,0.021052631578947368,0.021052631578947368,0.07368421052631578,0.05263157894736842,0.05263157894736842,0.06315789473684211,0.05263157894736842,0.07368421052631578,0.021052631578947368,0.021052631578947368,0.07368421052631578,0.07368421052631578,95
0.03225806451612903,0.03225806451612903,0.043010752688172046,0.053763440860215055,0.08602150537634409,0.03225806451612903,0.11827956989247312,0.03225806451612903,0.06451612903225806,0.07526881720430108,0.053763440860215055,0.043010752688172046,0.043010752688172046,0.021505376344086023,0.053763440860215055,0.043010752688172046,0.043010752688172046,0.03225806451612903,0.03225806451612903,0.06451612903225806,93
0.05303030303030303,0.030303030303030304,0.045454545454545456,0.07575757575757576,0.06060606060606061,0.03787878787878788,0.06060606060606061,0.045454545454545456,0.10606060606060606,0.07575757575757576,0.022727272727272728,0.03787878787878788,0.045454545454545456,0.015151515151515152,0.03787878787878788,0.06060606060606061,0.05303030303030303,0.06060606060606061,0.03787878787878788,0.03787878787878788,132
0.06306306306306306,0.04504504504504504,0.07207207207207207,0.07207207207207207,0.06306306306306306,0.14414414414414414,0.036036036036036036,0.08108108108108109,0.04504504504504504,0.02702702702702703,0.018018018018018018,0.036036036036036036,0.018018018018018018,0.07207207207207207,0.05405405405405406,0.05405405405405406,0.018018018018018018,0.0,0.06306306306306306,0.018018018018018018,111
0.016,0.032,0.048,0.072,0.024,0.024,0.072,0.032,0.072,0.04,0.056,0.064,0.048,0.056,0.064,0.056,0.024,0.072,0.08,0.048,125
0.029411764705882353,0.022058823529411766,0.03676470588235294,0.04411764705882353,0.022058823529411766,0.029411764705882353,0.08088235294117647,0.051470588235294115,0.07352941176470588,0.058823529411764705,0.051470588235294115,0.058823529411764705,0.08823529411764706,0.0661764705882353,0.0661764705882353,0.051470588235294115,0.03676470588235294,0.058823529411764705,0.029411764705882353,0.04411764705882353,136
0.07777777777777778,0.06666666666666667,0.03333333333333333,0.06666666666666667,0.044444444444444446,0.06666666666666667,0.03333333333333333,0.1111111111111111,0.044444444444444446,0.044444444444444446,0.1,0.044444444444444446,0.07777777777777778,0.022222222222222223,0.044444444444444446,0.06666666666666667,0.011111111111111112,0.011111111111111112,0.022222222222222223,0.011111111111111112,90
0.028037383177570093,0.04672897196261682,0.037383177570093455,0.04672897196261682,0.056074766355140186,0.056074766355140186,0.037383177570093455,0.028037383177570093,0.08411214953271028,0.09345794392523364,0.06542056074766354,0.04672897196261682,0.04672897196261682,0.028037383177570093,0.07476635514018691,0.056074766355140186,0.028037383177570093,0.028037383177570093,0.06542056074766354,0.04672897196261682,107
0.04065040650406504,0.016260162601626018,0.04065040650406504,0.04065040650406504,0.04065040650406504,0.06504065040650407,0.016260162601626018,0.056910569105691054,0.08130081300813008,0.04878048780487805,0.04065040650406504,0.06504065040650407,0.056910569105691054,0.056910569105691054,0.08130081300813008,0.04878048780487805,0.024390243902439025,0.07317073170731707,0.04878048780487805,0.056910569105691054,123
0.06481481481481481,0.06481481481481481,0.06481481481481481,0.018518518518518517,0.046296296296296294,0.05555555555555555,0.07407407407407407,0.05555555555555555,0.05555555555555555,0.018518518518518517,0.09259259259259259,0.009259259259259259,0.06481481481481481,0.07407407407407407,0.046296296296296294,0.05555555555555555,0.05555555555555555,0.009259259259259259,0.046296296296296294,0.027777777777777776,108
0.022988505747126436,0.08045977011494253,0.04597701149425287,0.05747126436781609,0.04597701149425287,0.05747126436781609,0.04597701149425287,0.05747126436781609,0.06896551724137931,0.09195402298850575,0.09195402298850575,0.034482758620689655,0.022988505747126436,0.04597701149425287,0.034482758620689655,0.022988505747126436,0.022988505747126436,0.034482758620689655,0.04597701149425287,0.06896551724137931,87
0.08653846153846154,0.028846153846153848,0.08653846153846154,0.0673076923076923,0.038461538461538464,0.019230769230769232,0.04807692307692308,0.04807692307692308,0.10576923076923077,0.028846153846153848,0.057692307692307696,0.07692307692307693,0.038461538461538464,0.04807692307692308,0.057692307692307696,0.028846153846153848,0.028846153846153848,0.038461538461538464,0.028846153846153848,0.038461538461538464,104
0.04504504504504504,0.036036036036036036,0.05405405405405406,0.036036036036036036,0.04504504504504504,0.04504504504504504,0.009009009009009009,0.06306306306306306,0.036036036036036036,0.04504504504504504,0.08108108108108109,0.08108108108108109,0.05405405405405406,0.08108108108108109,0.04504504504504504,0.05405405405405406,0.036036036036036036,0.06306306306306306,0.018018018018018018,0.07207207207207207,111
0.08181818181818182,0.01818181818181818,0.06363636363636363,0.07272727272727272,0.09090909090909091,0.03636363636363636,0.03636363636363636,0.05454545454545454,0.06363636363636363,0.02727272727272727,0.05454545454545454,0.03636363636363636,0.06363636363636363,0.03636363636363636,0.045454545454545456,0.045454545454545456,0.02727272727272727,0.02727272727272727,0.1,0.01818181818181818,110
0.061224489795918366,0.06802721088435375,0.05442176870748299,0.06802721088435375,0.04081632653061224,0.047619047619047616,0.034013605442176874,0.047619047619047616,0.047619047619047616,0.04081632653061224,0.05442176870748299,0.061224489795918366,0.05442176870748299,0.02040816326530612,0.05442176870748299,0.034013605442176874,0.047619047619047616,0.05442176870748299,0.047619047619047616,0.061224489795918366,147
0.04807692307692308,0.04807692307692308,0.04807692307692308,0.09615384615384616,0.0673076923076923,0.038461538461538464,0.028846153846153848,0.009615384615384616,0.019230769230769232,0.0673076923076923,0.038461538461538464,0.0673076923076923,0.04807692307692308,0.028846153846153848,0.07692307692307693,0.07692307692307693,0.009615384615384616,0.04807692307692308,0.057692307692307696,0.07692307692307693,104
0.020618556701030927,0.061855670103092786,0.061855670103092786,0.10309278350515463,0.030927835051546393,0.061855670103092786,0.030927835051546393,0.061855670103092786,0.05154639175257732,0.05154639175257732,0.07216494845360824,0.05154639175257732,0.0,0.030927835051546393,0.020618556701030927,0.07216494845360824,0.061855670103092786,0.030927835051546393,0.07216494845360824,0.05154639175257732,97
0.07407407407407407,0.04938271604938271,0.024691358024691357,0.07407407407407407,0.07407407407407407,0.06172839506172839,0.06172839506172839,0.024691358024691357,0.037037037037037035,0.024691358024691357,0.06172839506172839,0.06172839506172839,0.037037037037037035,0.04938271604938271,0.04938271604938271,0.07407407407407407,0.012345679012345678,0.037037037037037035,0.07407407407407407,0.037037037037037035,81
0.041666666666666664,0.05,0.025,0.041666666666666664,0.03333333333333333,0.058333333333333334,0.05,0.08333333333333333,0.06666666666666667,0.05,0.016666666666666666,0.025,0.041666666666666664,0.016666666666666666,0.1,0.058333333333333334,0.06666666666666667,0.06666666666666667,0.041666666666666664,0.06666666666666667,120
0.06818181818181818,0.03409090909090909,0.011363636363636364,0.045454545454545456,0.045454545454545456,0.07954545454545454,0.045454545454545456,0.045454545454545456,0.03409090909090909,0.07954545454545454,0.06818181818181818,0.07954545454545454,0.056818181818181816,0.022727272727272728,0.056818181818181816,0.022727272727272728,0.045454545454545456,0.045454545454545456,0.06818181818181818,0.045454545454545456,88
0.06153846153846154,0.06923076923076923,0.06923076923076923,0.03076923076923077,0.023076923076923078,0.08461538461538462,0.038461538461538464,0.03076923076923077,0.03076923076923077,0.038461538461538464,0.038461538461538464,0.03076923076923077,0.05384615384615385,0.06153846153846154,0.038461538461538464,0.06153846153846154,0.05384615384615385,0.05384615384615385,0.07692307692307693,0.05384615384615385,130
0.06716417910447761,0.13432835820895522,0.05223880597014925,0.06716417910447761,0.06716417910447761,0.03731343283582089,0.022388059701492536,0.05223880597014925,0.04477611940298507,0.05970149253731343,0.03731343283582089,0.022388059701492536,0.04477611940298507,0.04477611940298507,0.03731343283582089,0.029850746268656716,0.029850746268656716,0.05223880597014925,0.029850746268656716,0.06716417910447761,134
0.04807692307692308,0.04807692307692308,0.04807692307692308,0.0673076923076923,0.04807692307692308,0.04807692307692308,0.057692307692307696,0.057692307692307696,0.04807692307692308,0.038461538461538464,0.08653846153846154,0.08653846153846154,0.028846153846153848,0.057692307692307696,0.038461538461538464,0.028846153846153848,0.0673076923076923,0.028846153846153848,0.0,0.0673076923076923,104
0.07482993197278912,0.04081632653061224,0.02040816326530612,0.05442176870748299,0.034013605442176874,0.06802721088435375,0.047619047619047616,0.04081632653061224,0.05442176870748299,0.027210884353741496,0.047619047619047616,0.05442176870748299,0.047619047619047616,0.061224489795918366,0.08843537414965986,0.061224489795918366,0.02040816326530612,0.07482993197278912,0.06802721088435375,0.013605442176870748,147
0.055944055944055944,0.055944055944055944,0.055944055944055944,0.04895104895104895,0.03496503496503497,0.027972027972027972,0.11888111888111888,0.04895104895104895,0.06293706293706294,0.055944055944055944,0.055944055944055944,0.02097902097902098,0.04895104895104895,0.027972027972027972,0.04195804195804196,0.027972027972027972,0.055944055944055944,0.03496503496503497,0.06993006993006994,0.04895104895104895,143
0.05511811023622047,0.047244094488188976,0.03937007874015748,0.06299212598425197,0.047244094488188976,0.06299212598425197,0.047244094488188976,0.05511811023622047,0.023622047244094488,0.007874015748031496,0.08661417322834646,0.05511811023622047,0.07086614173228346,0.023622047244094488,0.05511811023622047,0.05511811023622047,0.07874015748031496,0.023622047244094488,0.06299212598425197,0.03937007874015748,127
0.04929577464788732,0.04929577464788732,0.04929577464788732,0.028169014084507043,0.014084507042253521,0.07042253521126761,0.04225352112676056,0.04929577464788732,0.04225352112676056,0.04225352112676056,0.06338028169014084,0.04929577464788732,0.06338028169014084,0.06338028169014084,0.056338028169014086,0.04225352112676056,0.04929577464788732,0.06338028169014084,0.028169014084507043,0.08450704225352113,142
0.031578947368421054,0.05263157894736842,0.021052631578947368,0.042105263157894736,0.07368421052631578,0.06315789473684211,0.042105263157894736,0.021052631578947368,0.021052631578947368,0.042105263157894736,0.042105263157894736,0.031578947368421054,0.07368421052631578,0.031578947368421054,0.09473684210526316,0.07368421052631578,0.06315789473684211,0.07368421052631578,0.042105263157894736,0.06315789473684211,95
0.064,0.072,0.064,0.032,0.056,0.008,0.016,0.072,0.056,0.064,0.04,0.064,0.032,0.048,0.04,0.024,0.04,0.056,0.08,0.072,125
0.06015037593984962,0.045112781954887216,0.045112781954887216,0.045112781954887216,0.03759398496240601,0.06015037593984962,0.03007518796992481,0.03759398496240601,0.05263157894736842,0.05263157894736842,0.045112781954887216,0.05263157894736842,0.05263157894736842,0.03007518796992481,0.05263157894736842,0.06766917293233082,0.06766917293233082,0.06015037593984962,0.05263157894736842,0.05263157894736842,133
0.07874015748031496,0.07874015748031496,0.03937007874015748,0.05511811023622047,0.047244094488188976,0.07874015748031496,0.03937007874015748,0.05511811023622047,0.047244094488188976,0.015748031496062992,0.08661417322834646,0.047244094488188976,0.031496062992125984,0.047244094488188976,0.047244094488188976,0.03937007874015748,0.03937007874015748,0.031496062992125984,0.05511811023622047,0.03937007874015748,127
0.021739130434782608,0.09782608695652174,0.043478260869565216,0.021739130434782608,0.010869565217391304,0.08695652173913043,0.07608695652173914,0.05434782608695652,0.021739130434782608,0.06521739130434782,0.05434782608695652,0.06521739130434782,0.07608695652173914,0.05434782608695652,0.021739130434782608,0.043478260869565216,0.03260869565217391,0.043478260869565216,0.06521739130434782,0.043478260869565216,92
0.04032258064516129,0.03225806451612903,0.07258064516129033,0.08064516129032258,0.06451612903225806,0.06451612903225806,0.04032258064516129,0.04838709677419355,0.03225806451612903,0.03225806451612903,0.04032258064516129,0.04032258064516129,0.03225806451612903,0.04032258064516129,0.04838709677419355,0.08870967741935484,0.04838709677419355,0.06451612903225806,0.056451612903225805,0.03225806451612903,124
0.12371134020618557,0.041237113402061855,0.09278350515463918,0.010309278350515464,0.05154639175257732,0.041237113402061855,0.041237113402061855,0.020618556701030927,0.061855670103092786,0.030927835051546393,0.05154639175257732,0.061855670103092786,0.08247422680412371,0.061855670103092786,0.020618556701030927,0.020618556701030927,0.041237113402061855,0.041237113402061855,0.061855670103092786,0.041237113402061855,97
0.05555555555555555,0.05555555555555555,0.1111111111111111,0.06666666666666667,0.022222222222222223,0.022222222222222223,0.06666666666666667,0.044444444444444446,0.011111111111111112,0.07777777777777778,0.044444444444444446,0.03333333333333333,0.06666666666666667,0.05555555555555555,0.05555555555555555,0.07777777777777778,0.044444444444444446,0.011111111111111112,0.05555555555555555,0.022222222222222223,90
0.024691358024691357,0.024691358024691357,0.04938271604938271,0.08641975308641975,0.024691358024691357,0.06172839506172839,0.037037037037037035,0.08641975308641975,0.06172839506172839,0.07407407407407407,0.06172839506172839,0.037037037037037035,0.0,0.06172839506172839,0.04938271604938271,0.06172839506172839,0.08641975308641975,0.04938271604938271,0.012345679012345678,0.04938271604938271,81
0.0963855421686747,0.024096385542168676,0.060240963855421686,0.060240963855421686,0.04819277108433735,0.03614457831325301,0.060240963855421686,0.0963855421686747,0.0,0.03614457831325301,0.07228915662650602,0.024096385542168676,0.04819277108433735,0.0963855421686747,0.024096385542168676,0.03614457831325301,0.060240963855421686,0.03614457831325301,0.024096385542168676,0.060240963855421686,83
0.049586776859504134,0.049586776859504134,0.06611570247933884,0.049586776859504134,0.09090909090909091,0.05785123966942149,0.06611570247933884,0.03305785123966942,0.03305785123966942,0.06611570247933884,0.049586776859504134,0.06611570247933884,0.03305785123966942,0.05785123966942149,0.03305785123966942,0.024793388429752067,0.049586776859504134,0.049586776859504134,0.04132231404958678,0.03305785123966942,121
0.03488372093023256,0.06976744186046512,0.05813953488372093,0.05813953488372093,0.03488372093023256,0.046511627906976744,0.05813953488372093,0.03488372093023256,0.05813953488372093,0.03488372093023256,0.03488372093023256,0.06976744186046512,0.023255813953488372,0.03488372093023256,0.046511627906976744,0.08139534883720931,0.05813953488372093,0.03488372093023256,0.09302325581395349,0.03488372093023256,86
0.04918032786885246,0.06557377049180328,0.07377049180327869,0.04918032786885246,0.03278688524590164,0.03278688524590164,0.040983606557377046,0.04918032786885246,0.06557377049180328,0.040983606557377046,0.09016393442622951,0.01639344262295082,0.07377049180327869,0.05737704918032787,0.07377049180327869,0.03278688524590164,0.04918032786885246,0.02459016393442623,0.02459016393442623,0.05737704918032787,122
0.02666666666666667,0.04,0.08,0.02666666666666667,0.06,0.05333333333333334,0.06,0.07333333333333333,0.06666666666666667,0.03333333333333333,0.04,0.02666666666666667,0.08666666666666667,0.04,0.03333333333333333,0.04,0.04666666666666667,0.06,0.09333333333333334,0.013333333333333334,150
0.06796116504854369,0.04854368932038835,0.06796116504854369,0.04854368932038835,0.07766990291262135,0.038834951456310676,0.038834951456310676,0.038834951456310676,0.02912621359223301,0.05825242718446602,0.10679611650485436,0.02912621359223301,0.038834951456310676,0.07766990291262135,0.009708737864077669,0.05825242718446602,0.019417475728155338,0.04854368932038835,0.038834951456310676,0.05825242718446602,103
0.0603448275862069,0.017241379310344827,0.02586206896551724,0.02586206896551724,0.1206896551724138,0.017241379310344827,0.0603448275862069,0.034482758620689655,0.06896551724137931,0.06896551724137931,0.0603448275862069,0.06896551724137931,0.05172413793103448,0.05172413793103448,0.05172413793103448,0.04310344827586207,0.02586206896551724,0.04310344827586207,0.07758620689655173,0.02586206896551724,116
0.05555555555555555,0.06481481481481481,0.05555555555555555,0.05555555555555555,0.05555555555555555,0.0,0.018518518518518517,0.07407407407407407,0.046296296296296294,0.046296296296296294,0.037037037037037035,0.05555555555555555,0.08333333333333333,0.10185185185185185,0.08333333333333333,0.027777777777777776,0.037037037037037035,0.07407407407407407,0.0,0.027777777777777776,108
0.05785123966942149,0.049586776859504134,0.04132231404958678,0.024793388429752067,0.05785123966942149,0.049586776859504134,0.06611570247933884,0.024793388429752067,0.09090909090909091,0.03305785123966942,0.05785123966942149,0.04132231404958678,0.04132231404958678,0.05785123966942149,0.09090909090909091,0.05785123966942149,0.04132231404958678,0.05785123966942149,0.01652892561983471,0.04132231404958678,121
0.06363636363636363,0.02727272727272727,0.06363636363636363,0.03636363636363636,0.06363636363636363,0.045454545454545456,0.02727272727272727,0.07272727272727272,0.06363636363636363,0.07272727272727272,0.07272727272727272,0.02727272727272727,0.05454545454545454,0.045454545454545456,0.045454545454545456,0.03636363636363636,0.03636363636363636,0.045454545454545456,0.03636363636363636,0.06363636363636363,110
0.008849557522123894,0.07964601769911504,0.05309734513274336,0.11504424778761062,0.02654867256637168,0.04424778761061947,0.061946902654867256,0.035398230088495575,0.05309734513274336,0.035398230088495575,0.05309734513274336,0.02654867256637168,0.02654867256637168,0.07079646017699115,0.07964601769911504,0.07079646017699115,0.035398230088495575,0.061946902654867256,0.04424778761061947,0.017699115044247787,113
0.052083333333333336,0.0625,0.07291666666666667,0.03125,0.041666666666666664,0.0625,0.052083333333333336,0.041666666666666664,0.07291666666666667,0.0625,0.041666666666666664,0.020833333333333332,0.07291666666666667,0.010416666666666666,0.020833333333333332,0.07291666666666667,0.0625,0.041666666666666664,0.041666666666666664,0.0625,96
0.06521739130434782,0.07246376811594203,0.028985507246376812,0.014492753623188406,0.014492753623188406,0.050724637681159424,0.028985507246376812,0.043478260869565216,0.014492753623188406,0.050724637681159424,0.057971014492753624,0.050724637681159424,0.06521739130434782,0.07971014492753623,0.043478260869565216,0.057971014492753624,0.043478260869565216,0.06521739130434782,0.07971014492753623,0.07246376811594203,138
0.07291666666666667,0.07291666666666667,0.052083333333333336,0.08333333333333333,0.07291666666666667,0.07291666666666667,0.020833333333333332,0.020833333333333332,0.03125,0.03125,0.041666666666666664,0.0625,0.020833333333333332,0.052083333333333336,0.041666666666666664,0.041666666666666664,0.052083333333333336,0.052083333333333336,0.0625,0.041666666666666664,96
0.06766917293233082,0.06015037593984962,0.03759398496240601,0.03759398496240601,0.05263157894736842,0.03759398496240601,0.03759398496240601,0.03007518796992481,0.07518796992481203,0.03759398496240601,0.045112781954887216,0.05263157894736842,0.07518796992481203,0.05263157894736842,0.05263157894736842,0.06015037593984962,0.03759398496240601,0.045112781954887216,0.05263157894736842,0.05263157894736842,133
0.05511811023622047,0.05511811023622047,0.031496062992125984,0.09448818897637795,0.03937007874015748,0.047244094488188976,0.07086614173228346,0.03937007874015748,0.03937007874015748,0.05511811023622047,0.05511811023622047,0.06299212598425197,0.047244094488188976,0.031496062992125984,0.06299212598425197,0.047244094488188976,0.03937007874015748,0.03937007874015748,0.023622047244094488,0.06299212598425197,127
0.0392156862745098,0.06862745098039216,0.0784313725490196,0.0392156862745098,0.08823529411764706,0.0392156862745098,0.0392156862745098,0.049019607843137254,0.0196078431372549,0.029411764705882353,0.0196078431372549,0.08823529411764706,0.029411764705882353,0.06862745098039216,0.049019607843137254,0.06862745098039216,0.0392156862745098,0.0392156862745098,0.0392156862745098,0.06862745098039216,102
0.05223880597014925,0.05970149253731343,0.029850746268656716,0.07462686567164178,0.05223880597014925,0.04477611940298507,0.014925373134328358,0.014925373134328358,0.03731343283582089,0.08208955223880597,0.05223880597014925,0.04477611940298507,0.05970149253731343,0.05223880597014925,0.05970149253731343,0.04477611940298507,0.029850746268656716,0.04477611940298507,0.08955223880597014,0.05970149253731343,134
0.01098901098901099,0.06593406593406594,0.04395604395604396,0.06593406593406594,0.06593406593406594,0.03296703296703297,0.054945054945054944,0.02197802197802198,0.06593406593406594,0.02197802197802198,0.01098901098901099,0.04395604395604396,0.054945054945054944,0.07692307692307693,0.03296703296703297,0.03296703296703297,0.10989010989010989,0.03296703296703297,0.054945054945054944,0.0989010989010989,91
0.03571428571428571,0.011904761904761904,0.08333333333333333,0.05952380952380952,0.03571428571428571,0.07142857142857142,0.047619047619047616,0.03571428571428571,0.03571428571428571,0.08333333333333333,0.047619047619047616,0.047619047619047616,0.05952380952380952,0.047619047619047616,0.047619047619047616,0.047619047619047616,0.03571428571428571,0.023809523809523808,0.07142857142857142,0.07142857142857142,84
0.06293706293706294,0.04895104895104895,0.0979020979020979,0.04195804195804196,0.055944055944055944,0.06993006993006994,0.04895104895104895,0.04895104895104895,0.06993006993006994,0.055944055944055944,0.027972027972027972,0.055944055944055944,0.06293706293706294,0.013986013986013986,0.02097902097902098,0.02097902097902098,0.03496503496503497,0.04895104895104895,0.055944055944055944,0.055944055944055944,143
0.037037037037037035,0.06172839506172839,0.012345679012345678,0.012345679012345678,0.04938271604938271,0.1111111111111111,0.024691358024691357,0.1111111111111111,0.07407407407407407,0.024691358024691357,0.08641975308641975,0.037037037037037035,0.04938271604938271,0.07407407407407407,0.037037037037037035,0.04938271604938271,0.012345679012345678,0.07407407407407407,0.037037037037037035,0.024691358024691357,81
0.05185185185185185,0.05185185185185185,0.044444444444444446,0.05185185185185185,0.037037037037037035,0.044444444444444446,0.022222222222222223,0.037037037037037035,0.08148148148148149,0.044444444444444446,0.044444444444444446,0.02962962962962963,0.044444444444444446,0.08148148148148149,0.02962962962962963,0.05185185185185185,0.05185185185185185,0.037037037037037035,0.0962962962962963,0.06666666666666667,135
0.08139534883720931,0.09302325581395349,0.06976744186046512,0.046511627906976744,0.023255813953488372,0.011627906976744186,0.05813953488372093,0.08139534883720931,0.011627906976744186,0.023255813953488372,0.09302325581395349,0.023255813953488372,0.03488372093023256,0.06976744186046512,0.08139534883720931,0.023255813953488372,0.023255813953488372,0.03488372093023256,0.09302325581395349,0.023255813953488372,86
0.06451612903225806,0.053763440860215055,0.021505376344086023,0.0967741935483871,0.053763440860215055,0.07526881720430108,0.021505376344086023,0.08602150537634409,0.053763440860215055,0.03225806451612903,0.021505376344086023,0.03225806451612903,0.03225806451612903,0.03225806451612903,0.06451612903225806,0.08602150537634409,0.07526881720430108,0.043010752688172046,0.021505376344086023,0.03225806451612903,93
0.06521739130434782,0.03260869565217391,0.08695652173913043,0.010869565217391304,0.043478260869565216,0.06521739130434782,0.043478260869565216,0.08695652173913043,0.06521739130434782,0.05434782608695652,0.010869565217391304,0.05434782608695652,0.06521739130434782,0.043478260869565216,0.03260869565217391,0.03260869565217391,0.05434782608695652,0.05434782608695652,0.021739130434782608,0.07608695652173914,92
0.04132231404958678,0.06611570247933884,0.05785123966942149,0.06611570247933884,0.049586776859504134,0.024793388429752067,0.04132231404958678,0.049586776859504134,0.06611570247933884,0.06611570247933884,0.0743801652892562,0.06611570247933884,0.049586776859504134,0.008264462809917356,0.049586776859504134,0.09090909090909091,0.01652892561983471,0.049586776859504134,0.01652892561983471,0.049586776859504134,121
0.06716417910447761,0.05970149253731343,0.06716417910447761,0.05970149253731343,0.05970149253731343,0.029850746268656716,0.08208955223880597,0.08208955223880597,0.029850746268656716,0.05970149253731343,0.029850746268656716,0.07462686567164178,0.04477611940298507,0.029850746268656716,0.029850746268656716,0.03731343283582089,0.022388059701492536,0.05970149253731343,0.05223880597014925,0.022388059701492536,134
0.03389830508474576,0.00847457627118644,0.0847457627118644,0.06779661016949153,0.059322033898305086,0.05084745762711865,0.025423728813559324,0.07627118644067797,0.05084745762711865,0.059322033898305086,0.0423728813559322,0.03389830508474576,0.059322033898305086,0.01694915254237288,0.059322033898305086,0.05084745762711865,0.06779661016949153,0.025423728813559324,0.07627118644067797,0.05084745762711865,118
0.0625,0.041666666666666664,0.03125,0.041666666666666664,0.0625,0.052083333333333336,0.052083333333333336,0.052083333333333336,0.041666666666666664,0.09375,0.041666666666666664,0.03125,0.08333333333333333,0.07291666666666667,0.052083333333333336,0.0625,0.010416666666666666,0.041666666666666664,0.052083333333333336,0.020833333333333332,96
0.05263157894736842,0.06015037593984962,0.03759398496240601,0.022556390977443608,0.045112781954887216,0.03007518796992481,0.06015037593984962,0.07518796992481203,0.07518796992481203,0.06015037593984962,0.05263157894736842,0.05263157894736842,0.03759398496240601,0.022556390977443608,0.03007518796992481,0.06766917293233082,0.06766917293233082,0.06015037593984962,0.045112781954887216,0.045112781954887216,133
0.036585365853658534,0.036585365853658534,0.04878048780487805,0.024390243902439025,0.04878048780487805,0.024390243902439025,0.07317073170731707,0.07317073170731707,0.036585365853658534,0.0,0.07317073170731707,0.07317073170731707,0.036585365853658534,0.07317073170731707,0.07317073170731707,0.07317073170731707,0.06097560975609756,0.06097560975609756,0.036585365853658534,0.036585365853658534,82
0.06474820143884892,0.05755395683453238,0.05755395683453238,0.09352517985611511,0.06474820143884892,0.04316546762589928,0.05755395683453238,0.05755395683453238,0.07194244604316546,0.02877697841726619,0.03597122302158273,0.02877697841726619,0.050359712230215826,0.03597122302158273,0.05755395683453238,0.050359712230215826,0.02158273381294964,0.05755395683453238,0.04316546762589928,0.02158273381294964,139
0.04032258064516129,0.04032258064516129,0.024193548387096774,0.008064516129032258,0.04032258064516129,0.08064516129032258,0.0967741935483871,0.07258064516129033,0.056451612903225805,0.0967741935483871,0.03225806451612903,0.04032258064516129,0.08064516129032258,0.03225806451612903,0.03225806451612903,0.056451612903225805,0.03225806451612903,0.024193548387096774,0.04032258064516129,0.07258064516129033,124
0.011904761904761904,0.05952380952380952,0.10714285714285714,0.047619047619047616,0.023809523809523808,0.05952380952380952,0.07142857142857142,0.05952380952380952,0.03571428571428571,0.03571428571428571,0.047619047619047616,0.03571428571428571,0.09523809523809523,0.03571428571428571,0.03571428571428571,0.05952380952380952,0.03571428571428571,0.047619047619047616,0.047619047619047616,0.047619047619047616,84
0.059322033898305086,0.01694915254237288,0.03389830508474576,0.0423728813559322,0.025423728813559324,0.07627118644067797,0.0847457627118644,0.0423728813559322,0.059322033898305086,0.03389830508474576,0.03389830508474576,0.0423728813559322,0.03389830508474576,0.07627118644067797,0.05084745762711865,0.09322033898305085,0.0423728813559322,0.06779661016949153,0.01694915254237288,0.06779661016949153,118
0.03355704697986577,0.06711409395973154,0.040268456375838924,0.06040268456375839,0.06711409395973154,0.06040268456375839,0.040268456375838924,0.013422818791946308,0.04697986577181208,0.026845637583892617,0.040268456375838924,0.04697986577181208,0.04697986577181208,0.0738255033557047,0.040268456375838924,0.0738255033557047,0.053691275167785234,0.06040268456375839,0.06711409395973154,0.040268456375838924,149
0.056910569105691054,0.07317073170731707,0.04878048780487805,0.056910569105691054,0.032520325203252036,0.024390243902439025,0.08130081300813008,0.04065040650406504,0.056910569105691054,0.04878048780487805,0.032520325203252036,0.04065040650406504,0.06504065040650407,0.04065040650406504,0.04878048780487805,0.032520325203252036,0.056910569105691054,0.06504065040650407,0.04065040650406504,0.056910569105691054,123
0.045454545454545456,0.09090909090909091,0.022727272727272728,0.11363636363636363,0.056818181818181816,0.045454545454545456,0.0,0.056818181818181816,0.056818181818181816,0.022727272727272728,0.045454545454545456,0.06818181818181818,0.10227272727272728,0.06818181818181818,0.045454545454545456,0.045454545454545456,0.011363636363636364,0.03409090909090909,0.03409090909090909,0.03409090909090909,88
0.027777777777777776,0.034722222222222224,0.027777777777777776,0.0625,0.027777777777777776,0.034722222222222224,0.04861111111111111,0.04861111111111111,0.0625,0.04861111111111111,0.013888888888888888,0.09722222222222222,0.04861111111111111,0.05555555555555555,0.04861111111111111,0.09027777777777778,0.04861111111111111,0.05555555555555555,0.041666666666666664,0.0763888888888889,144
0.0425531914893617,0.04964539007092199,0.02127659574468085,0.07801418439716312,0.04964539007092199,0.06382978723404255,0.07092198581560284,0.03546099290780142,0.03546099290780142,0.05673758865248227,0.05673758865248227,0.07801418439716312,0.05673758865248227,0.05673758865248227,0.02127659574468085,0.04964539007092199,0.07092198581560284,0.02127659574468085,0.03546099290780142,0.04964539007092199,141
0.04081632653061224,0.04081632653061224,0.030612244897959183,0.08163265306122448,0.030612244897959183,0.030612244897959183,0.05102040816326531,0.01020408163265306,0.061224489795918366,0.04081632653061224,0.11224489795918367,0.04081632653061224,0.05102040816326531,0.02040816326530612,0.11224489795918367,0.030612244897959183,0.07142857142857142,0.04081632653061224,0.04081632653061224,0.061224489795918366,98
0.03508771929824561,0.043859649122807015,0.017543859649122806,0.05263157894736842,0.02631578947368421,0.043859649122807015,0.06140350877192982,0.05263157894736842,0.043859649122807015,0.043859649122807015,0.043859649122807015,0.06140350877192982,0.08771929824561403,0.07017543859649122,0.043859649122807015,0.017543859649122806,0.07017543859649122,0.043859649122807015,0.07017543859649122,0.07017543859649122,114
0.05737704918032787,0.07377049180327869,0.04918032786885246,0.05737704918032787,0.04918032786885246,0.05737704918032787,0.05737704918032787,0.03278688524590164,0.00819672131147541,0.07377049180327869,0.08196721311475409,0.04918032786885246,0.04918032786885246,0.01639344262295082,0.07377049180327869,0.05737704918032787,0.03278688524590164,0.07377049180327869,0.03278688524590164,0.01639344262295082,122
0.03333333333333333,0.08,0.04666666666666667,0.02,0.04666666666666667,0.06,0.04666666666666667,0.04666666666666667,0.05333333333333334,0.04,0.06,0.02666666666666667,0.03333333333333333,0.06666666666666667,0.03333333333333333,0.07333333333333333,0.06666666666666667,0.04666666666666667,0.06666666666666667,0.05333333333333334,150
0.08888888888888889,0.022222222222222223,0.03333333333333333,0.03333333333333333,0.06666666666666667,0.06666666666666667,0.06666666666666667,0.044444444444444446,0.07777777777777778,0.07777777777777778,0.06666666666666667,0.022222222222222223,0.06666666666666667,0.011111111111111112,0.03333333333333333,0.022222222222222223,0.06666666666666667,0.044444444444444446,0.044444444444444446,0.044444444444444446,90
0.07317073170731707,0.08536585365853659,0.06097560975609756,0.036585365853658534,0.036585365853658534,0.0,0.07317073170731707,0.04878048780487805,0.036585365853658534,0.06097560975609756,0.036585365853658534,0.036585365853658534,0.036585365853658534,0.024390243902439025,0.036585365853658534,0.06097560975609756,0.0975609756097561,0.036585365853658534,0.04878048780487805,0.07317073170731707,82
0.06666666666666667,0.06666666666666667,0.03333333333333333,0.02666666666666667,0.04,0.05333333333333334,0.06,0.04666666666666667,0.03333333333333333,0.05333333333333334,0.07333333333333333,0.04,0.02,0.04666666666666667,0.04666666666666667,0.1,0.04666666666666667,0.04666666666666667,0.04,0.06,150
0.03278688524590164,0.07377049180327869,0.04918032786885246,0.05737704918032787,0.08196721311475409,0.05737704918032787,0.08196721311475409,0.03278688524590164,0.01639344262295082,0.02459016393442623,0.040983606557377046,0.04918032786885246,0.08196721311475409,0.03278688524590164,0.040983606557377046,0.040983606557377046,0.01639344262295082,0.09016393442622951,0.06557377049180328,0.03278688524590164,122
0.031914893617021274,0.07446808510638298,0.0425531914893617,0.06382978723404255,0.05319148936170213,0.0425531914893617,0.05319148936170213,0.07446808510638298,0.031914893617021274,0.05319148936170213,0.07446808510638298,0.0425531914893617,0.0851063829787234,0.031914893617021274,0.0425531914893617,0.031914893617021274,0.0425531914893617,0.0425531914893617,0.05319148936170213,0.031914893617021274,94
0.02654867256637168,0.035398230088495575,0.04424778761061947,0.04424778761061947,0.035398230088495575,0.02654867256637168,0.04424778761061947,0.08849557522123894,0.061946902654867256,0.035398230088495575,0.05309734513274336,0.04424778761061947,0.07964601769911504,0.061946902654867256,0.02654867256637168,0.07964601769911504,0.08849557522123894,0.061946902654867256,0.05309734513274336,0.008849557522123894,113
0.04032258064516129,0.04032258064516129,0.04838709677419355,0.04838709677419355,0.04032258064516129,0.07258064516129033,0.03225806451612903,0.03225806451612903,0.056451612903225805,0.024193548387096774,0.024193548387096774,0.06451612903225806,0.06451612903225806,0.10483870967741936,0.04838709677419355,0.056451612903225805,0.056451612903225805,0.04032258064516129,0.04032258064516129,0.06451612903225806,124
0.02247191011235955,0.02247191011235955,0.07865168539325842,0.06741573033707865,0.033707865168539325,0.06741573033707865,0.0449438202247191,0.02247191011235955,0.056179775280898875,0.0449438202247191,0.0449438202247191,0.056179775280898875,0.07865168539325842,0.0449438202247191,0.06741573033707865,0.02247191011235955,0.033707865168539325,0.056179775280898875,0.06741573033707865,0.06741573033707865,89
0.041379310344827586,0.05517241379310345,0.06896551724137931,0.05517241379310345,0.08275862068965517,0.034482758620689655,0.027586206896551724,0.027586206896551724,0.06896551724137931,0.04827586206896552,0.04827586206896552,0.04827586206896552,0.041379310344827586,0.07586206896551724,0.041379310344827586,0.05517241379310345,0.04827586206896552,0.034482758620689655,0.05517241379310345,0.041379310344827586,145
0.0,0.05434782608695652,0.10869565217391304,0.043478260869565216,0.043478260869565216,0.021739130434782608,0.03260869565217391,0.010869565217391304,0.021739130434782608,0.08695652173913043,0.10869565217391304,0.043478260869565216,0.07608695652173914,0.05434782608695652,0.05434782608695652,0.06521739130434782,0.03260869565217391,0.010869565217391304,0.07608695652173914,0.05434782608695652,92
0.050359712230215826,0.04316546762589928,0.03597122302158273,0.07913669064748201,0.050359712230215826,0.03597122302158273,0.04316546762589928,0.04316546762589928,0.06474820143884892,0.050359712230215826,0.05755395683453238,0.06474820143884892,0.04316546762589928,0.050359712230215826,0.05755395683453238,0.05755395683453238,0.050359712230215826,0.04316546762589928,0.014388489208633094,0.06474820143884892,139
0.009708737864077669,0.0970873786407767,0.05825242718446602,0.06796116504854369,0.038834951456310676,0.019417475728155338,0.05825242718446602,0.05825242718446602,0.05825242718446602,0.04854368932038835,0.05825242718446602,0.06796116504854369,0.05825242718446602,0.04854368932038835,0.02912621359223301,0.02912621359223301,0.02912621359223301,0.05825242718446602,0.04854368932038835,0.05825242718446602,103
0.04032258064516129,0.03225806451612903,0.056451612903225805,0.03225806451612903,0.07258064516129033,0.04838709677419355,0.04032258064516129,0.008064516129032258,0.07258064516129033,0.04838709677419355,0.06451612903225806,0.04032258064516129,0.06451612903225806,0.03225806451612903,0.08064516129032258,0.056451612903225805,0.04032258064516129,0.06451612903225806,0.04838709677419355,0.056451612903225805,124
0.03076923076923077,0.023076923076923078,0.09230769230769231,0.05384615384615385,0.03076923076923077,0.046153846153846156,0.06923076923076923,0.046153846153846156,0.046153846153846156,0.038461538461538464,0.09230769230769231,0.038461538461538464,0.015384615384615385,0.046153846153846156,0.06153846153846154,0.046153846153846156,0.06153846153846154,0.038461538461538464,0.05384615384615385,0.06923076923076923,130
0.02,0.08,0.08,0.04666666666666667,0.02666666666666667,0.06,0.04666666666666667,0.05333333333333334,0.06,0.04666666666666667,0.06666666666666667,0.04,0.06,0.07333333333333333,0.03333333333333333,0.013333333333333334,0.04,0.03333333333333333,0.06666666666666667,0.05333333333333334,150
0.06956521739130435,0.034782608695652174,0.034782608695652174,0.05217391304347826,0.05217391304347826,0.043478260869565216,0.09565217391304348,0.02608695652173913,0.06086956521739131,0.034782608695652174,0.034782608695652174,0.02608695652173913,0.02608695652173913,0.05217391304347826,0.06086956521739131,0.0782608695652174,0.034782608695652174,0.034782608695652174,0.05217391304347826,0.09565217391304348,115
0.053763440860215055,0.021505376344086023,0.06451612903225806,0.043010752688172046,0.08602150537634409,0.053763440860215055,0.053763440860215055,0.021505376344086023,0.021505376344086023,0.053763440860215055,0.053763440860215055,0.021505376344086023,0.06451612903225806,0.043010752688172046,0.021505376344086023,0.03225806451612903,0.053763440860215055,0.053763440860215055,0.11827956989247312,0.06451612903225806,93
0.06956521739130435,0.034782608695652174,0.043478260869565216,0.02608695652173913,0.043478260869565216,0.05217391304347826,0.05217391304347826,0.06956521739130435,0.05217391304347826,0.034782608695652174,0.02608695652173913,0.06086956521739131,0.008695652173913044,0.05217391304347826,0.05217391304347826,0.0782608695652174,0.08695652173913043,0.043478260869565216,0.06086956521739131,0.05217391304347826,115
0.0390625,0.0546875,0.0234375,0.0546875,0.078125,0.0234375,0.078125,0.046875,0.0703125,0.0234375,0.0703125,0.0390625,0.0390625,0.0546875,0.0546875,0.0546875,0.0546875,0.0390625,0.03125,0.0703125,128
0.03571428571428571,0.026785714285714284,0.08035714285714286,0.03571428571428571,0.03571428571428571,0.05357142857142857,0.0625,0.017857142857142856,0.03571428571428571,0.09821428571428571,0.0625,0.044642857142857144,0.07142857142857142,0.07142857142857142,0.044642857142857144,0.0625,0.044642857142857144,0.008928571428571428,0.008928571428571428,0.09821428571428571,112
0.05,0.06666666666666667,0.03333333333333333,0.06666666666666667,0.025,0.025,0.041666666666666664,0.0,0.06666666666666667,0.041666666666666664,0.11666666666666667,0.1,0.075,0.008333333333333333,0.05,0.03333333333333333,0.008333333333333333,0.06666666666666667,0.03333333333333333,0.09166666666666666,120
0.014705882352941176,0.04411764705882353,0.03676470588235294,0.0661764705882353,0.04411764705882353,0.058823529411764705,0.04411764705882353,0.03676470588235294,0.08088235294117647,0.058823529411764705,0.058823529411764705,0.058823529411764705,0.04411764705882353,0.03676470588235294,0.0661764705882353,0.0661764705882353,0.08088235294117647,0.051470588235294115,0.03676470588235294,0.014705882352941176,136
0.06542056074766354,0.009345794392523364,0.07476635514018691,0.04672897196261682,0.028037383177570093,0.028037383177570093,0.056074766355140186,0.028037383177570093,0.037383177570093455,0.037383177570093455,0.056074766355140186,0.04672897196261682,0.08411214953271028,0.09345794392523364,0.09345794392523364,0.037383177570093455,0.037383177570093455,0.04672897196261682,0.028037383177570093,0.06542056074766354,107
0.06818181818181818,0.03409090909090909,0.045454545454545456,0.022727272727272728,0.056818181818181816,0.06818181818181818,0.045454545454545456,0.045454545454545456,0.045454545454545456,0.03409090909090909,0.06818181818181818,0.022727272727272728,0.03409090909090909,0.011363636363636364,0.056818181818181816,0.03409090909090909,0.045454545454545456,0.10227272727272728,0.10227272727272728,0.056818181818181816,88
0.05263157894736842,0.06766917293233082,0.06766917293233082,0.03007518796992481,0.03759398496240601,0.03759398496240601,0.045112781954887216,0.05263157894736842,0.07518796992481203,0.03759398496240601,0.03759398496240601,0.07518796992481203,0.06766917293233082,0.03759398496240601,0.022556390977443608,0.03007518796992481,0.045112781954887216,0.09022556390977443,0.045112781954887216,0.045112781954887216,133
0.058823529411764705,0.0661764705882353,0.029411764705882353,0.007352941176470588,0.04411764705882353,0.0661764705882353,0.051470588235294115,0.04411764705882353,0.051470588235294115,0.058823529411764705,0.051470588235294115,0.051470588235294115,0.051470588235294115,0.058823529411764705,0.07352941176470588,0.04411764705882353,0.04411764705882353,0.03676470588235294,0.022058823529411766,0.08823529411764706,136
0.043478260869565216,0.06521739130434782,0.021739130434782608,0.021739130434782608,0.10869565217391304,0.06521739130434782,0.06521739130434782,0.06521739130434782,0.06521739130434782,0.021739130434782608,0.06521739130434782,0.03260869565217391,0.043478260869565216,0.043478260869565216,0.021739130434782608,0.03260869565217391,0.05434782608695652,0.03260869565217391,0.06521739130434782,0.06521739130434782,92
0.0603448275862069,0.04310344827586207,0.04310344827586207,0.05172413793103448,0.04310344827586207,0.10344827586206896,0.06896551724137931,0.02586206896551724,0.05172413793103448,0.02586206896551724,0.06896551724137931,0.04310344827586207,0.05172413793103448,0.008620689655172414,0.034482758620689655,0.034482758620689655,0.11206896551724138,0.04310344827586207,0.05172413793103448,0.034482758620689655,116
0.015748031496062992,0.05511811023622047,0.06299212598425197,0.05511811023622047,0.07874015748031496,0.031496062992125984,0.06299212598425197,0.031496062992125984,0.06299212598425197,0.031496062992125984,0.07874015748031496,0.031496062992125984,0.031496062992125984,0.06299212598425197,0.05511811023622047,0.03937007874015748,0.07874015748031496,0.03937007874015748,0.03937007874015748,0.05511811023622047,127
0.05128205128205128,0.05128205128205128,0.03418803418803419,0.05982905982905983,0.02564102564102564,0.05982905982905983,0.03418803418803419,0.03418803418803419,0.07692307692307693,0.05982905982905983,0.07692307692307693,0.02564102564102564,0.042735042735042736,0.05982905982905983,0.06837606837606838,0.042735042735042736,0.08547008547008547,0.05128205128205128,0.03418803418803419,0.02564102564102564,117
0.04807692307692308,0.07692307692307693,0.04807692307692308,0.07692307692307693,0.019230769230769232,0.028846153846153848,0.08653846153846154,0.038461538461538464,0.057692307692307696,0.07692307692307693,0.038461538461538464,0.038461538461538464,0.028846153846153848,0.038461538461538464,0.057692307692307696,0.038461538461538464,0.0673076923076923,0.04807692307692308,0.028846153846153848,0.057692307692307696,104
0.06666666666666667,0.05185185185185185,0.014814814814814815,0.02962962962962963,0.02962962962962963,0.022222222222222223,0.05185185185185185,0.05185185185185185,0.08148148148148149,0.05925925925925926,0.08888888888888889,0.06666666666666667,0.044444444444444446,0.037037037037037035,0.037037037037037035,0.044444444444444446,0.06666666666666667,0.06666666666666667,0.037037037037037035,0.05185185185185185,135
0.08450704225352113,0.04929577464788732,0.028169014084507043,0.06338028169014084,0.04929577464788732,0.09154929577464789,0.02112676056338028,0.04225352112676056,0.04929577464788732,0.04929577464788732,0.04929577464788732,0.04929577464788732,0.04929577464788732,0.04225352112676056,0.07042253521126761,0.014084507042253521,0.04929577464788732,0.06338028169014084,0.035211267605633804,0.04929577464788732,142
0.04132231404958678,0.024793388429752067,0.0743801652892562,0.05785123966942149,0.024793388429752067,0.06611570247933884,0.01652892561983471,0.03305785123966942,0.024793388429752067,0.04132231404958678,0.09917355371900827,0.04132231404958678,0.03305785123966942,0.04132231404958678,0.05785123966942149,0.0743801652892562,0.08264462809917356,0.049586776859504134,0.03305785123966942,0.08264462809917356,121
0.0,0.04819277108433735,0.060240963855421686,0.04819277108433735,0.060240963855421686,0.03614457831325301,0.024096385542168676,0.03614457831325301,0.060240963855421686,0.07228915662650602,0.060240963855421686,0.0963855421686747,0.0963855421686747,0.03614457831325301,0.060240963855421686,0.03614457831325301,0.060240963855421686,0.03614457831325301,0.03614457831325301,0.03614457831325301,83
0.0684931506849315,0.04794520547945205,0.0821917808219178,0.0547945205479452,0.0547945205479452,0.04794520547945205,0.0410958904109589,0.0547945205479452,0.03424657534246575,0.03424657534246575,0.0273972602739726,0.0273972602739726,0.07534246575342465,0.0273972602739726,0.07534246575342465,0.0410958904109589,0.0273972602739726,0.03424657534246575,0.0547945205479452,0.08904109589041095,146
0.0449438202247191,0.07865168539325842,0.056179775280898875,0.0449438202247191,0.056179775280898875,0.056179775280898875,0.033707865168539325,0.0449438202247191,0.033707865168539325,0.056179775280898875,0.011235955056179775,0.011235955056179775,0.056179775280898875,0.033707865168539325,0.0449438202247191,0.0898876404494382,0.056179775280898875,0.07865168539325842,0.06741573033707865,0.0449438202247191,89
0.01098901098901099,0.03296703296703297,0.02197802197802198,0.04395604395604396,0.03296703296703297,0.10989010989010989,0.04395604395604396,0.03296703296703297,0.01098901098901099,0.04395604395604396,0.054945054945054944,0.08791208791208792,0.04395604395604396,0.054945054945054944,0.02197802197802198,0.06593406593406594,0.08791208791208792,0.04395604395604396,0.07692307692307693,0.07692307692307693,91
0.027972027972027972,0.06993006993006994,0.055944055944055944,0.04195804195804196,0.07692307692307693,0.055944055944055944,0.03496503496503497,0.06293706293706294,0.055944055944055944,0.013986013986013986,0.055944055944055944,0.03496503496503497,0.027972027972027972,0.06993006993006994,0.027972027972027972,0.06293706293706294,0.07692307692307693,0.04195804195804196,0.04195804195804196,0.06293706293706294,143
0.05454545454545454,0.08181818181818182,0.07272727272727272,0.00909090909090909,0.03636363636363636,0.08181818181818182,0.03636363636363636,0.07272727272727272,0.045454545454545456,0.02727272727272727,0.03636363636363636,0.05454545454545454,0.07272727272727272,0.1,0.03636363636363636,0.03636363636363636,0.02727272727272727,0.045454545454545456,0.045454545454545456,0.02727272727272727,110
0.03759398496240601,0.045112781954887216,0.045112781954887216,0.06766917293233082,0.05263157894736842,0.05263157894736842,0.03759398496240601,0.045112781954887216,0.03759398496240601,0.03759398496240601,0.09022556390977443,0.045112781954887216,0.045112781954887216,0.05263157894736842,0.06015037593984962,0.06766917293233082,0.03007518796992481,0.07518796992481203,0.03007518796992481,0.045112781954887216,133
0.09523809523809523,0.05952380952380952,0.047619047619047616,0.047619047619047616,0.047619047619047616,0.047619047619047616,0.047619047619047616,0.047619047619047616,0.047619047619047616,0.08333333333333333,0.03571428571428571,0.03571428571428571,0.03571428571428571,0.05952380952380952,0.03571428571428571,0.05952380952380952,0.07142857142857142,0.011904761904761904,0.03571428571428571,0.047619047619047616,84
0.04807692307692308,0.057692307692307696,0.07692307692307693,0.08653846153846154,0.038461538461538464,0.0673076923076923,0.019230769230769232,0.04807692307692308,0.09615384615384616,0.057692307692307696,0.009615384615384616,0.04807692307692308,0.028846153846153848,0.057692307692307696,0.057692307692307696,0.057692307692307696,0.028846153846153848,0.0673076923076923,0.04807692307692308,0.0,104
0.05384615384615385,0.05384615384615385,0.06923076923076923,0.046153846153846156,0.05384615384615385,0.07692307692307693,0.038461538461538464,0.05384615384615385,0.046153846153846156,0.023076923076923078,0.046153846153846156,0.038461538461538464,0.05384615384615385,0.06923076923076923,0.06153846153846154,0.046153846153846156,0.038461538461538464,0.038461538461538464,0.038461538461538464,0.05384615384615385,130
0.08823529411764706,0.10784313725490197,0.0392156862745098,0.0392156862745098,0.0196078431372549,0.029411764705882353,0.049019607843137254,0.06862745098039216,0.0392156862745098,0.029411764705882353,0.10784313725490197,0.0392156862745098,0.049019607843137254,0.06862745098039216,0.0392156862745098,0.029411764705882353,0.0196078431372549,0.029411764705882353,0.08823529411764706,0.0196078431372549,102
0.0425531914893617,0.09574468085106383,0.031914893617021274,0.010638297872340425,0.031914893617021274,0.05319148936170213,0.02127659574468085,0.0425531914893617,0.031914893617021274,0.07446808510638298,0.0425531914893617,0.05319148936170213,0.05319148936170213,0.05319148936170213,0.0425531914893617,0.031914893617021274,0.0851063829787234,0.09574468085106383,0.02127659574468085,0.0851063829787234,94
0.041666666666666664,0.034722222222222224,0.027777777777777776,0.06944444444444445,0.0625,0.04861111111111111,0.05555555555555555,0.041666666666666664,0.027777777777777776,0.1111111111111111,0.0625,0.020833333333333332,0.041666666666666664,0.041666666666666664,0.041666666666666664,0.04861111111111111,0.0625,0.0625,0.04861111111111111,0.04861111111111111,144
0.02912621359223301,0.05825242718446602,0.06796116504854369,0.0970873786407767,0.04854368932038835,0.019417475728155338,0.038834951456310676,0.02912621359223301,0.07766990291262135,0.04854368932038835,0.07766990291262135,0.06796116504854369,0.038834951456310676,0.05825242718446602,0.009708737864077669,0.04854368932038835,0.04854368932038835,0.02912621359223301,0.038834951456310676,0.06796116504854369,103
0.021505376344086023,0.10752688172043011,0.053763440860215055,0.03225806451612903,0.06451612903225806,0.03225806451612903,0.03225806451612903,0.06451612903225806,0.043010752688172046,0.08602150537634409,0.03225806451612903,0.053763440860215055,0.07526881720430108,0.021505376344086023,0.053763440860215055,0.053763440860215055,0.06451612903225806,0.021505376344086023,0.053763440860215055,0.03225806451612903,93
0.06923076923076923,0.06153846153846154,0.05384615384615385,0.023076923076923078,0.03076923076923077,0.038461538461538464,0.046153846153846156,0.09230769230769231,0.038461538461538464,0.038461538461538464,0.03076923076923077,0.023076923076923078,0.05384615384615385,0.06923076923076923,0.03076923076923077,0.06923076923076923,0.06153846153846154,0.05384615384615385,0.06153846153846154,0.05384615384615385,130
0.027777777777777776,0.07407407407407407,0.06481481481481481,0.037037037037037035,0.046296296296296294,0.018518518518518517,0.08333333333333333,0.05555555555555555,0.027777777777777776,0.037037037037037035,0.06481481481481481,0.046296296296296294,0.037037037037037035,0.037037037037037035,0.07407407407407407,0.037037037037037035,0.027777777777777776,0.09259259259259259,0.046296296296296294,0.06481481481481481,108
0.029197080291970802,0.043795620437956206,0.06569343065693431,0.021897810218978103,0.043795620437956206,0.06569343065693431,0.06569343065693431,0.0364963503649635,0.08029197080291971,0.072992700729927,0.043795620437956206,0.051094890510948905,0.029197080291970802,0.043795620437956206,0.051094890510948905,0.08029197080291971,0.043795620437956206,0.051094890510948905,0.0364963503649635,0.043795620437956206,137
0.05102040816326531,0.08163265306122448,0.07142857142857142,0.0,0.02040816326530612,0.02040816326530612,0.07142857142857142,0.04081632653061224,0.05102040816326531,0.04081632653061224,0.05102040816326531,0.061224489795918366,0.07142857142857142,0.061224489795918366,0.05102040816326531,0.09183673469387756,0.02040816326530612,0.061224489795918366,0.05102040816326531,0.030612244897959183,98
0.08333333333333333,0.05952380952380952,0.023809523809523808,0.047619047619047616,0.011904761904761904,0.07142857142857142,0.047619047619047616,0.011904761904761904,0.023809523809523808,0.03571428571428571,0.047619047619047616,0.07142857142857142,0.03571428571428571,0.05952380952380952,0.05952380952380952,0.07142857142857142,0.011904761904761904,0.08333333333333333,0.05952380952380952,0.08333333333333333,84
0.06097560975609756,0.036585365853658534,0.036585365853658534,0.012195121951219513,0.04878048780487805,0.04878048780487805,0.04878048780487805,0.04878048780487805,0.07317073170731707,0.024390243902439025,0.13414634146341464,0.012195121951219513,0.04878048780487805,0.07317073170731707,0.036585365853658534,0.036585365853658534,0.036585365853658534,0.06097560975609756,0.07317073170731707,0.04878048780487805,82
0.031007751937984496,0.015503875968992248,0.07751937984496124,0.023255813953488372,0.031007751937984496,0.05426356589147287,0.07751937984496124,0.09302325581395349,0.046511627906976744,0.031007751937984496,0.07751937984496124,0.031007751937984496,0.07751937984496124,0.06201550387596899,0.031007751937984496,0.015503875968992248,0.046511627906976744,0.06201550387596899,0.06201550387596899,0.05426356589147287,129
0.02247191011235955,0.07865168539325842,0.056179775280898875,0.056179775280898875,0.06741573033707865,0.056179775280898875,0.011235955056179775,0.0449438202247191,0.06741573033707865,0.011235955056179775,0.033707865168539325,0.12359550561797752,0.07865168539325842,0.02247191011235955,0.033707865168539325,0.033707865168539325,0.0898876404494382,0.02247191011235955,0.011235955056179775,0.07865168539325842,89
0.061224489795918366,0.05102040816326531,0.030612244897959183,0.061224489795918366,0.04081632653061224,0.04081632653061224,0.04081632653061224,0.11224489795918367,0.05102040816326531,0.04081632653061224,0.02040816326530612,0.061224489795918366,0.030612244897959183,0.061224489795918366,0.09183673469387756,0.05102040816326531,0.030612244897959183,0.02040816326530612,0.04081632653061224,0.061224489795918366,98
0.05042016806722689,0.07563025210084033,0.058823529411764705,0.058823529411764705,0.04201680672268908,0.06722689075630252,0.03361344537815126,0.01680672268907563,0.03361344537815126,0.09243697478991597,0.01680672268907563,0.05042016806722689,0.058823529411764705,0.04201680672268908,0.03361344537815126,0.05042016806722689,0.03361344537815126,0.07563025210084033,0.06722689075630252,0.04201680672268908,119
0.06666666666666667,0.058333333333333334,0.09166666666666666,0.016666666666666666,0.025,0.025,0.03333333333333333,0.05,0.03333333333333333,0.06666666666666667,0.05,0.041666666666666664,0.06666666666666667,0.05,0.05,0.08333333333333333,0.075,0.05,0.05,0.016666666666666666,120
0.058394160583941604,0.051094890510948905,0.0364963503649635,0.06569343065693431,0.072992700729927,0.051094890510948905,0.051094890510948905,0.043795620437956206,0.051094890510948905,0.043795620437956206,0.043795620437956206,0.058394160583941604,0.058394160583941604,0.051094890510948905,0.043795620437956206,0.043795620437956206,0.021897810218978103,0.051094890510948905,0.051094890510948905,0.051094890510948905,137
0.03361344537815126,0.03361344537815126,0.07563025210084033,0.058823529411764705,0.10084033613445378,0.04201680672268908,0.025210084033613446,0.04201680672268908,0.05042016806722689,0.058823529411764705,0.058823529411764705,0.05042016806722689,0.025210084033613446,0.025210084033613446,0.06722689075630252,0.06722689075630252,0.06722689075630252,0.05042016806722689,0.025210084033613446,0.04201680672268908,119
0.05813953488372093,0.023255813953488372,0.046511627906976744,0.046511627906976744,0.046511627906976744,0.05813953488372093,0.06976744186046512,0.12790697674418605,0.046511627906976744,0.03488372093023256,0.03488372093023256,0.046511627906976744,0.011627906976744186,0.023255813953488372,0.05813953488372093,0.05813953488372093,0.05813953488372093,0.09302325581395349,0.023255813953488372,0.03488372093023256,86
0.058823529411764705,0.03529411764705882,0.07058823529411765,0.03529411764705882,0.023529411764705882,0.058823529411764705,0.047058823529411764,0.023529411764705882,0.058823529411764705,0.058823529411764705,0.058823529411764705,0.047058823529411764,0.058823529411764705,0.07058823529411765,0.07058823529411765,0.023529411764705882,0.023529411764705882,0.0,0.058823529411764705,0.11764705882352941,85
0.07476635514018691,0.06542056074766354,0.018691588785046728,0.056074766355140186,0.009345794392523364,0.018691588785046728,0.07476635514018691,0.07476635514018691,0.04672897196261682,0.08411214953271028,0.028037383177570093,0.056074766355140186,0.037383177570093455,0.04672897196261682,0.056074766355140186,0.07476635514018691,0.056074766355140186,0.04672897196261682,0.018691588785046728,0.056074766355140186,107
0.04827586206896552,0.05517241379310345,0.04827586206896552,0.06206896551724138,0.04827586206896552,0.04827586206896552,0.06206896551724138,0.041379310344827586,0.020689655172413793,0.020689655172413793,0.06206896551724138,0.05517241379310345,0.05517241379310345,0.04827586206896552,0.05517241379310345,0.034482758620689655,0.05517241379310345,0.05517241379310345,0.05517241379310345,0.06896551724137931,145
0.031746031746031744,0.06349206349206349,0.05555555555555555,0.05555555555555555,0.0873015873015873,0.031746031746031744,0.015873015873015872,0.047619047619047616,0.031746031746031744,0.023809523809523808,0.06349206349206349,0.07936507936507936,0.023809523809523808,0.07142857142857142,0.07936507936507936,0.05555555555555555,0.031746031746031744,0.023809523809523808,0.047619047619047616,0.07936507936507936,126
0.05172413793103448,0.0603448275862069,0.09482758620689655,0.017241379310344827,0.0603448275862069,0.02586206896551724,0.0603448275862069,0.02586206896551724,0.034482758620689655,0.06896551724137931,0.05172413793103448,0.034482758620689655,0.05172413793103448,0.05172413793103448,0.05172413793103448,0.04310344827586207,0.05172413793103448,0.06896551724137931,0.05172413793103448,0.04310344827586207,116
0.058823529411764705,0.07563025210084033,0.04201680672268908,0.025210084033613446,0.058823529411764705,0.07563025210084033,0.025210084033613446,0.025210084033613446,0.03361344537815126,0.05042016806722689,0.08403361344537816,0.03361344537815126,0.05042016806722689,0.08403361344537816,0.025210084033613446,0.05042016806722689,0.025210084033613446,0.058823529411764705,0.04201680672268908,0.07563025210084033,119
0.008333333333333333,0.06666666666666667,0.05,0.058333333333333334,0.041666666666666664,0.05,0.041666666666666664,0.08333333333333333,0.03333333333333333,0.058333333333333334,0.058333333333333334,0.058333333333333334,0.08333333333333333,0.03333333333333333,0.058333333333333334,0.041666666666666664,0.041666666666666664,0.03333333333333333,0.05,0.05,120
0.03759398496240601,0.03759398496240601,0.03759398496240601,0.05263157894736842,0.06015037593984962,0.03007518796992481,0.06766917293233082,0.06015037593984962,0.03759398496240601,0.03007518796992481,0.045112781954887216,0.045112781954887216,0.05263157894736842,0.03759398496240601,0.09022556390977443,0.05263157894736842,0.09022556390977443,0.05263157894736842,0.045112781954887216,0.03759398496240601,133
0.04716981132075472,0.02830188679245283,0.04716981132075472,0.04716981132075472,0.04716981132075472,0.05660377358490566,0.04716981132075472,0.04716981132075472,0.05660377358490566,0.03773584905660377,0.0660377358490566,0.018867924528301886,0.04716981132075472,0.0660377358490566,0.0660377358490566,0.08490566037735849,0.03773584905660377,0.0660377358490566,0.0660377358490566,0.018867924528301886,106
0.03409090909090909,0.045454545454545456,0.045454545454545456,0.056818181818181816,0.07954545454545454,0.03409090909090909,0.07954545454545454,0.056818181818181816,0.022727272727272728,0.056818181818181816,0.056818181818181816,0.07954545454545454,0.03409090909090909,0.03409090909090909,0.022727272727272728,0.07954545454545454,0.045454545454545456,0.03409090909090909,0.07954545454545454,0.022727272727272728,88
0.046153846153846156,0.023076923076923078,0.023076923076923078,0.05384615384615385,0.038461538461538464,0.046153846153846156,0.06153846153846154,0.06153846153846154,0.038461538461538464,0.046153846153846156,0.07692307692307693,0.06153846153846154,0.038461538461538464,0.06153846153846154,0.046153846153846156,0.046153846153846156,0.08461538461538462,0.07692307692307693,0.015384615384615385,0.05384615384615385,130
0.037037037037037035,0.024691358024691357,0.04938271604938271,0.04938271604938271,0.012345679012345678,0.06172839506172839,0.07407407407407407,0.06172839506172839,0.037037037037037035,0.06172839506172839,0.07407407407407407,0.012345679012345678,0.04938271604938271,0.04938271604938271,0.07407407407407407,0.024691358024691357,0.07407407407407407,0.07407407407407407,0.07407407407407407,0.024691358024691357,81
0.04477611940298507,0.04477611940298507,0.03731343283582089,0.022388059701492536,0.07462686567164178,0.08955223880597014,0.04477611940298507,0.05223880597014925,0.05223880597014925,0.05223880597014925,0.06716417910447761,0.05223880597014925,0.03731343283582089,0.03731343283582089,0.09701492537313433,0.03731343283582089,0.03731343283582089,0.05223880597014925,0.022388059701492536,0.04477611940298507,134
0.037037037037037035,0.012345679012345678,0.07407407407407407,0.037037037037037035,0.04938271604938271,0.06172839506172839,0.024691358024691357,0.04938271604938271,0.037037037037037035,0.04938271604938271,0.12345679012345678,0.024691358024691357,0.04938271604938271,0.1111111111111111,0.037037037037037035,0.06172839506172839,0.04938271604938271,0.024691358024691357,0.024691358024691357,0.06172839506172839,81
0.042105263157894736,0.07368421052631578,0.042105263157894736,0.042105263157894736,0.06315789473684211,0.031578947368421054,0.07368421052631578,0.042105263157894736,0.06315789473684211,0.05263157894736842,0.06315789473684211,0.010526315789473684,0.031578947368421054,0.031578947368421054,0.07368421052631578,0.09473684210526316,0.07368421052631578,0.042105263157894736,0.042105263157894736,0.010526315789473684,95
0.03389830508474576,0.05084745762711865,0.025423728813559324,0.03389830508474576,0.05084745762711865,0.05084745762711865,0.059322033898305086,0.05084745762711865,0.06779661016949153,0.0423728813559322,0.059322033898305086,0.07627118644067797,0.07627118644067797,0.059322033898305086,0.01694915254237288,0.059322033898305086,0.025423728813559324,0.059322033898305086,0.06779661016949153,0.03389830508474576,118
0.0364963503649635,0.043795620437956206,0.072992700729927,0.021897810218978103,0.08029197080291971,0.0364963503649635,0.051094890510948905,0.043795620437956206,0.051094890510948905,0.029197080291970802,0.043795620437956206,0.051094890510948905,0.029197080291970802,0.0364963503649635,0.072992700729927,0.051094890510948905,0.043795620437956206,0.06569343065693431,0.10948905109489052,0.029197080291970802,137
0.043010752688172046,0.053763440860215055,0.03225806451612903,0.053763440860215055,0.021505376344086023,0.06451612903225806,0.043010752688172046,0.0967741935483871,0.03225806451612903,0.010752688172043012,0.07526881720430108,0.03225806451612903,0.043010752688172046,0.03225806451612903,0.053763440860215055,0.06451612903225806,0.07526881720430108,0.0967741935483871,0.043010752688172046,0.03225806451612903,93
0.06153846153846154,0.05384615384615385,0.046153846153846156,0.03076923076923077,0.038461538461538464,0.07692307692307693,0.023076923076923078,0.08461538461538462,0.07692307692307693,0.06923076923076923,0.046153846153846156,0.038461538461538464,0.046153846153846156,0.05384615384615385,0.06923076923076923,0.06153846153846154,0.06153846153846154,0.015384615384615385,0.038461538461538464,0.007692307692307693,130
0.07563025210084033,0.04201680672268908,0.03361344537815126,0.025210084033613446,0.05042016806722689,0.025210084033613446,0.058823529411764705,0.06722689075630252,0.07563025210084033,0.04201680672268908,0.05042016806722689,0.07563025210084033,0.04201680672268908,0.025210084033613446,0.058823529411764705,0.04201680672268908,0.06722689075630252,0.06722689075630252,0.06722689075630252,0.008403361344537815,119
0.04854368932038835,0.02912621359223301,0.038834951456310676,0.019417475728155338,0.02912621359223301,0.08737864077669903,0.05825242718446602,0.019417475728155338,0.0970873786407767,0.019417475728155338,0.019417475728155338,0.04854368932038835,0.10679611650485436,0.038834951456310676,0.05825242718446602,0.08737864077669903,0.06796116504854369,0.04854368932038835,0.05825242718446602,0.019417475728155338,103
0.0425531914893617,0.05673758865248227,0.04964539007092199,0.03546099290780142,0.02127659574468085,0.05673758865248227,0.028368794326241134,0.06382978723404255,0.0425531914893617,0.04964539007092199,0.07092198581560284,0.0425531914893617,0.0425531914893617,0.0425531914893617,0.04964539007092199,0.06382978723404255,0.0425531914893617,0.0851063829787234,0.06382978723404255,0.04964539007092199,141
0.047058823529411764,0.023529411764705882,0.011764705882352941,0.07058823529411765,0.07058823529411765,0.07058823529411765,0.023529411764705882,0.08235294117647059,0.058823529411764705,0.10588235294117647,0.058823529411764705,0.08235294117647059,0.023529411764705882,0.058823529411764705,0.058823529411764705,0.0,0.03529411764705882,0.047058823529411764,0.011764705882352941,0.058823529411764705,85
0.04938271604938271,0.06172839506172839,0.037037037037037035,0.04938271604938271,0.1111111111111111,0.08641975308641975,0.012345679012345678,0.06172839506172839,0.06172839506172839,0.04938271604938271,0.037037037037037035,0.037037037037037035,0.037037037037037035,0.037037037037037035,0.037037037037037035,0.037037037037037035,0.04938271604938271,0.037037037037037035,0.04938271604938271,0.06172839506172839,81
0.04672897196261682,0.07476635514018691,0.018691588785046728,0.07476635514018691,0.037383177570093455,0.04672897196261682,0.056074766355140186,0.04672897196261682,0.028037383177570093,0.037383177570093455,0.056074766355140186,0.056074766355140186,0.07476635514018691,0.04672897196261682,0.056074766355140186,0.028037383177570093,0.07476635514018691,0.04672897196261682,0.056074766355140186,0.037383177570093455,107
0.056179775280898875,0.0449438202247191,0.056179775280898875,0.10112359550561797,0.02247191011235955,0.0449438202247191,0.056179775280898875,0.02247191011235955,0.056179775280898875,0.06741573033707865,0.02247191011235955,0.056179775280898875,0.033707865168539325,0.0449438202247191,0.0898876404494382,0.06741573033707865,0.02247191011235955,0.033707865168539325,0.06741573033707865,0.033707865168539325,89
0.024,0.04,0.056,0.056,0.008,0.024,0.056,0.04,0.064,0.04,0.08,0.048,0.024,0.08,0.032,0.096,0.048,0.08,0.048,0.056,125
0.08791208791208792,0.02197802197802198,0.07692307692307693,0.04395604395604396,0.06593406593406594,0.06593406593406594,0.08791208791208792,0.054945054945054944,0.01098901098901099,0.07692307692307693,0.04395604395604396,0.10989010989010989,0.03296703296703297,0.04395604395604396,0.02197802197802198,0.02197802197802198,0.02197802197802198,0.01098901098901099,0.02197802197802198,0.07692307692307693,91
0.06818181818181818,0.045454545454545456,0.09090909090909091,0.022727272727272728,0.03409090909090909,0.022727272727272728,0.03409090909090909,0.056818181818181816,0.06818181818181818,0.045454545454545456,0.045454545454545456,0.011363636363636364,0.045454545454545456,0.045454545454545456,0.056818181818181816,0.06818181818181818,0.056818181818181816,0.06818181818181818,0.045454545454545456,0.06818181818181818,88
0.02459016393442623,0.08196721311475409,0.040983606557377046,0.03278688524590164,0.07377049180327869,0.04918032786885246,0.040983606557377046,0.07377049180327869,0.05737704918032787,0.06557377049180328,0.07377049180327869,0.04918032786885246,0.040983606557377046,0.02459016393442623,0.04918032786885246,0.06557377049180328,0.040983606557377046,0.040983606557377046,0.03278688524590164,0.040983606557377046,122
0.06382978723404255,0.028368794326241134,0.06382978723404255,0.05673758865248227,0.04964539007092199,0.06382978723404255,0.05673758865248227,0.0425531914893617,0.06382978723404255,0.014184397163120567,0.07801418439716312,0.05673758865248227,0.0425531914893617,0.04964539007092199,0.04964539007092199,0.04964539007092199,0.02127659574468085,0.05673758865248227,0.04964539007092199,0.0425531914893617,141
0.04310344827586207,0.05172413793103448,0.034482758620689655,0.07758620689655173,0.034482758620689655,0.05172413793103448,0.06896551724137931,0.11206896551724138,0.04310344827586207,0.0603448275862069,0.04310344827586207,0.05172413793103448,0.05172413793103448,0.02586206896551724,0.02586206896551724,0.0603448275862069,0.05172413793103448,0.034482758620689655,0.02586206896551724,0.05172413793103448,116
0.025,0.058333333333333334,0.06666666666666667,0.058333333333333334,0.08333333333333333,0.06666666666666667,0.08333333333333333,0.05,0.058333333333333334,0.041666666666666664,0.025,0.05,0.025,0.041666666666666664,0.03333333333333333,0.041666666666666664,0.06666666666666667,0.041666666666666664,0.041666666666666664,0.041666666666666664,120
0.07633587786259542,0.061068702290076333,0.03816793893129771,0.022900763358778626,0.04580152671755725,0.06870229007633588,0.022900763358778626,0.061068702290076333,0.061068702290076333,0.05343511450381679,0.022900763358778626,0.06870229007633588,0.06870229007633588,0.022900763358778626,0.04580152671755725,0.04580152671755725,0.04580152671755725,0.04580152671755725,0.06870229007633588,0.05343511450381679,131
0.0,0.036585365853658534,0.07317073170731707,0.0975609756097561,0.012195121951219513,0.036585365853658534,0.04878048780487805,0.012195121951219513,0.04878048780487805,0.036585365853658534,0.08536585365853659,0.07317073170731707,0.04878048780487805,0.06097560975609756,0.04878048780487805,0.06097560975609756,0.06097560975609756,0.04878048780487805,0.06097560975609756,0.04878048780487805,82
0.051470588235294115,0.051470588235294115,0.0661764705882353,0.058823529411764705,0.04411764705882353,0.051470588235294115,0.058823529411764705,0.022058823529411766,0.029411764705882353,0.022058823529411766,0.07352941176470588,0.0661764705882353,0.058823529411764705,0.07352941176470588,0.022058823529411766,0.0661764705882353,0.051470588235294115,0.04411764705882353,0.022058823529411766,0.0661764705882353,136
0.08333333333333333,0.05555555555555555,0.06481481481481481,0.06481481481481481,0.018518518518518517,0.05555555555555555,0.027777777777777776,0.06481481481481481,0.037037037037037035,0.027777777777777776,0.046296296296296294,0.09259259259259259,0.046296296296296294,0.046296296296296294,0.09259259259259259,0.027777777777777776,0.009259259259259259,0.06481481481481481,0.046296296296296294,0.027777777777777776,108
0.034482758620689655,0.05747126436781609,0.06896551724137931,0.09195402298850575,0.034482758620689655,0.09195402298850575,0.04597701149425287,0.08045977011494253,0.022988505747126436,0.05747126436781609,0.034482758620689655,0.04597701149425287,0.022988505747126436,0.022988505747126436,0.05747126436781609,0.05747126436781609,0.06896551724137931,0.04597701149425287,0.04597701149425287,0.011494252873563218,87
0.015267175572519083,0.061068702290076333,0.05343511450381679,0.07633587786259542,0.03816793893129771,0.03816793893129771,0.04580152671755725,0.06870229007633588,0.030534351145038167,0.061068702290076333,0.05343511450381679,0.015267175572519083,0.0916030534351145,0.05343511450381679,0.05343511450381679,0.05343511450381679,0.061068702290076333,0.03816793893129771,0.04580152671755725,0.04580152671755725,131
0.03968253968253968,0.023809523809523808,0.03968253968253968,0.03968253968253968,0.03968253968253968,0.03968253968253968,0.10317460317460317,0.07142857142857142,0.03968253968253968,0.047619047619047616,0.03968253968253968,0.047619047619047616,0.03968253968253968,0.03968253968253968,0.047619047619047616,0.07142857142857142,0.047619047619047616,0.03968253968253968,0.06349206349206349,0.07936507936507936,126
0.05263157894736842,0.07017543859649122,0.06140350877192982,0.05263157894736842,0.05263157894736842,0.03508771929824561,0.03508771929824561,0.03508771929824561,0.05263157894736842,0.02631578947368421,0.017543859649122806,0.043859649122807015,0.06140350877192982,0.043859649122807015,0.05263157894736842,0.07894736842105263,0.03508771929824561,0.07017543859649122,0.07894736842105263,0.043859649122807015,114
0.05660377358490566,0.05660377358490566,0.03773584905660377,0.07547169811320754,0.03773584905660377,0.08490566037735849,0.018867924528301886,0.0660377358490566,0.04716981132075472,0.08490566037735849,0.02830188679245283,0.03773584905660377,0.04716981132075472,0.04716981132075472,0.02830188679245283,0.05660377358490566,0.02830188679245283,0.08490566037735849,0.04716981132075472,0.02830188679245283,106
0.03389830508474576,0.03389830508474576,0.05084745762711865,0.05084745762711865,0.01694915254237288,0.025423728813559324,0.01694915254237288,0.05084745762711865,0.06779661016949153,0.07627118644067797,0.059322033898305086,0.03389830508474576,0.05084745762711865,0.07627118644067797,0.05084745762711865,0.06779661016949153,0.059322033898305086,0.025423728813559324,0.07627118644067797,0.07627118644067797,118
0.034722222222222224,0.05555555555555555,0.04861111111111111,0.08333333333333333,0.027777777777777776,0.05555555555555555,0.034722222222222224,0.0625,0.034722222222222224,0.04861111111111111,0.06944444444444445,0.034722222222222224,0.034722222222222224,0.027777777777777776,0.05555555555555555,0.05555555555555555,0.06944444444444445,0.0763888888888889,0.04861111111111111,0.041666666666666664,144
0.06976744186046512,0.0,0.06976744186046512,0.03488372093023256,0.09302325581395349,0.011627906976744186,0.046511627906976744,0.09302325581395349,0.03488372093023256,0.011627906976744186,0.046511627906976744,0.046511627906976744,0.09302325581395349,0.08139534883720931,0.06976744186046512,0.03488372093023256,0.03488372093023256,0.03488372093023256,0.06976744186046512,0.023255813953488372,86
0.02027027027027027,0.02702702702702703,0.060810810810810814,0.05405405405405406,0.006756756756756757,0.04054054054054054,0.05405405405405406,0.033783783783783786,0.02702702702702703,0.07432432432432433,0.10135135135135136,0.0472972972972973,0.11486486486486487,0.0472972972972973,0.02027027027027027,0.02027027027027027,0.08783783783783784,0.04054054054054054,0.06756756756756757,0.05405405405405406,148
0.064,0.056,0.072,0.072,0.032,0.032,0.04,0.04,0.056,0.024,0.04,0.056,0.056,0.048,0.056,0.064,0.032,0.08,0.032,0.048,125
0.07339449541284404,0.03669724770642202,0.03669724770642202,0.08256880733944955,0.05504587155963303,0.03669724770642202,0.07339449541284404,0.05504587155963303,0.05504587155963303,0.009174311926605505,0.06422018348623854,0.01834862385321101,0.045871559633027525,0.027522935779816515,0.027522935779816515,0.03669724770642202,0.06422018348623854,0.06422018348623854,0.06422018348623854,0.07339449541284404,109
0.0392156862745098,0.058823529411764705,0.049019607843137254,0.049019607843137254,0.0196078431372549,0.058823529411764705,0.058823529411764705,0.058823529411764705,0.0392156862745098,0.06862745098039216,0.0392156862745098,0.058823529411764705,0.058823529411764705,0.058823529411764705,0.06862745098039216,0.049019607843137254,0.0784313725490196,0.029411764705882353,0.00980392156862745,0.049019607843137254,102
0.04878048780487805,0.08536585365853659,0.07317073170731707,0.04878048780487805,0.08536585365853659,0.08536585365853659,0.036585365853658534,0.08536585365853659,0.036585365853658534,0.024390243902439025,0.06097560975609756,0.07317073170731707,0.024390243902439025,0.06097560975609756,0.0,0.04878048780487805,0.04878048780487805,0.04878048780487805,0.024390243902439025,0.0,82
0.02608695652173913,0.06086956521739131,0.06956521739130435,0.09565217391304348,0.02608695652173913,0.02608695652173913,0.043478260869565216,0.06956521739130435,0.06086956521739131,0.02608695652173913,0.0782608695652174,0.06086956521739131,0.017391304347826087,0.05217391304347826,0.06956521739130435,0.034782608695652174,0.02608695652173913,0.06956521739130435,0.06086956521739131,0.02608695652173913,115
0.06666666666666667,0.01904761904761905,0.02857142857142857,0.0761904761904762,0.0380952380952381,0.0761904761904762,0.05714285714285714,0.06666666666666667,0.0380952380952381,0.0380952380952381,0.08571428571428572,0.02857142857142857,0.05714285714285714,0.05714285714285714,0.05714285714285714,0.05714285714285714,0.0380952380952381,0.0380952380952381,0.0380952380952381,0.0380952380952381,105
0.03389830508474576,0.059322033898305086,0.05084745762711865,0.09322033898305085,0.03389830508474576,0.05084745762711865,0.0423728813559322,0.025423728813559324,0.025423728813559324,0.0847457627118644,0.05084745762711865,0.0423728813559322,0.1016949152542373,0.01694915254237288,0.07627118644067797,0.03389830508474576,0.03389830508474576,0.025423728813559324,0.09322033898305085,0.025423728813559324,118
0.06451612903225806,0.06451612903225806,0.03225806451612903,0.03225806451612903,0.043010752688172046,0.06451612903225806,0.06451612903225806,0.043010752688172046,0.07526881720430108,0.043010752688172046,0.053763440860215055,0.043010752688172046,0.10752688172043011,0.053763440860215055,0.06451612903225806,0.03225806451612903,0.03225806451612903,0.043010752688172046,0.021505376344086023,0.021505376344086023,93
0.0625,0.0390625,0.046875,0.0625,0.046875,0.0703125,0.0390625,0.046875,0.046875,0.046875,0.078125,0.0625,0.0546875,0.0234375,0.0390625,0.0703125,0.03125,0.0234375,0.046875,0.0625,128
0.05511811023622047,0.09448818897637795,0.047244094488188976,0.023622047244094488,0.047244094488188976,0.03937007874015748,0.03937007874015748,0.06299212598425197,0.05511811023622047,0.05511811023622047,0.03937007874015748,0.023622047244094488,0.05511811023622047,0.03937007874015748,0.05511811023622047,0.03937007874015748,0.07874015748031496,0.05511811023622047,0.03937007874015748,0.05511811023622047,127
0.027522935779816515,0.05504587155963303,0.05504587155963303,0.07339449541284404,0.08256880733944955,0.05504587155963303,0.05504587155963303,0.009174311926605505,0.027522935779816515,0.0,0.06422018348623854,0.027522935779816515,0.05504587155963303,0.06422018348623854,0.045871559633027525,0.05504587155963303,0.06422018348623854,0.027522935779816515,0.09174311926605505,0.06422018348623854,109
0.07920792079207921,0.0297029702970297,0.019801980198019802,0.0594059405940594,0.06930693069306931,0.06930693069306931,0.07920792079207921,0.019801980198019802,0.0297029702970297,0.039603960396039604,0.06930693069306931,0.039603960396039604,0.07920792079207921,0.019801980198019802,0.06930693069306931,0.0297029702970297,0.04950495049504951,0.04950495049504951,0.04950495049504951,0.04950495049504951,101
0.06504065040650407,0.04065040650406504,0.07317073170731707,0.04065040650406504,0.024390243902439025,0.024390243902439025,0.04065040650406504,0.06504065040650407,0.04878048780487805,0.07317073170731707,0.06504065040650407,0.04065040650406504,0.07317073170731707,0.032520325203252036,0.04065040650406504,0.032520325203252036,0.0975609756097561,0.032520325203252036,0.04878048780487805,0.04065040650406504,123
0.05785123966942149,0.08264462809917356,0.01652892561983471,0.05785123966942149,0.024793388429752067,0.08264462809917356,0.049586776859504134,0.03305785123966942,0.03305785123966942,0.04132231404958678,0.049586776859504134,0.024793388429752067,0.049586776859504134,0.049586776859504134,0.024793388429752067,0.03305785123966942,0.049586776859504134,0.0743801652892562,0.08264462809917356,0.08264462809917356,121
0.05825242718446602,0.019417475728155338,0.02912621359223301,0.05825242718446602,0.06796116504854369,0.07766990291262135,0.05825242718446602,0.02912621359223301,0.04854368932038835,0.05825242718446602,0.05825242718446602,0.019417475728155338,0.038834951456310676,0.05825242718446602,0.019417475728155338,0.05825242718446602,0.08737864077669903,0.038834951456310676,0.07766990291262135,0.038834951456310676,103
0.04838709677419355,0.056451612903225805,0.06451612903225806,0.03225806451612903,0.06451612903225806,0.08064516129032258,0.016129032258064516,0.06451612903225806,0.03225806451612903,0.056451612903225805,0.03225806451612903,0.04032258064516129,0.08064516129032258,0.04032258064516129,0.056451612903225805,0.06451612903225806,0.024193548387096774,0.056451612903225805,0.04032258064516129,0.04838709677419355,124
0.04032258064516129,0.056451612903225805,0.04838709677419355,0.024193548387096774,0.024193548387096774,0.04838709677419355,0.056451612903225805,0.04838709677419355,0.08064516129032258,0.06451612903225806,0.056451612903225805,0.024193548387096774,0.056451612903225805,0.04032258064516129,0.07258064516129033,0.03225806451612903,0.056451612903225805,0.056451612903225805,0.06451612903225806,0.04838709677419355,124
0.07216494845360824,0.07216494845360824,0.05154639175257732,0.061855670103092786,0.030927835051546393,0.010309278350515464,0.061855670103092786,0.020618556701030927,0.010309278350515464,0.08247422680412371,0.08247422680412371,0.041237113402061855,0.10309278350515463,0.030927835051546393,0.07216494845360824,0.041237113402061855,0.020618556701030927,0.030927835051546393,0.061855670103092786,0.041237113402061855,97
0.05303030303030303,0.030303030303030304,0.03787878787878788,0.08333333333333333,0.05303030303030303,0.06060606060606061,0.045454545454545456,0.05303030303030303,0.03787878787878788,0.06818181818181818,0.022727272727272728,0.03787878787878788,0.06818181818181818,0.06818181818181818,0.05303030303030303,0.03787878787878788,0.030303030303030304,0.05303030303030303,0.05303030303030303,0.05303030303030303,132
0.029197080291970802,0.051094890510948905,0.051094890510948905,0.043795620437956206,0.072992700729927,0.06569343065693431,0.0364963503649635,0.029197080291970802,0.051094890510948905,0.0364963503649635,0.051094890510948905,0.029197080291970802,0.051094890510948905,0.06569343065693431,0.058394160583941604,0.06569343065693431,0.0948905109489051,0.029197080291970802,0.051094890510948905,0.0364963503649635,137
0.05,0.07142857142857142,0.05714285714285714,0.03571428571428571,0.04285714285714286,0.05,0.05714285714285714,0.07142857142857142,0.06428571428571428,0.05,0.04285714285714286,0.03571428571428571,0.05714285714285714,0.02142857142857143,0.07142857142857142,0.02857142857142857,0.05,0.04285714285714286,0.06428571428571428,0.03571428571428571,140
0.040268456375838924,0.06711409395973154,0.026845637583892617,0.08053691275167785,0.08053691275167785,0.040268456375838924,0.04697986577181208,0.026845637583892617,0.053691275167785234,0.053691275167785234,0.0738255033557047,0.026845637583892617,0.0738255033557047,0.026845637583892617,0.053691275167785234,0.04697986577181208,0.04697986577181208,0.040268456375838924,0.04697986577181208,0.04697986577181208,149
0.044642857142857144,0.0625,0.03571428571428571,0.008928571428571428,0.017857142857142856,0.026785714285714284,0.07142857142857142,0.05357142857142857,0.017857142857142856,0.08035714285714286,0.08928571428571429,0.07142857142857142,0.0625,0.08035714285714286,0.026785714285714284,0.044642857142857144,0.026785714285714284,0.044642857142857144,0.09821428571428571,0.03571428571428571,112
0.04132231404958678,0.03305785123966942,0.049586776859504134,0.049586776859504134,0.04132231404958678,0.024793388429752067,0.049586776859504134,0.01652892561983471,0.06611570247933884,0.04132231404958678,0.049586776859504134,0.049586776859504134,0.05785123966942149,0.08264462809917356,0.05785123966942149,0.049586776859504134,0.049586776859504134,0.08264462809917356,0.03305785123966942,0.0743801652892562,121
0.09154929577464789,0.056338028169014086,0.04225352112676056,0.08450704225352113,0.04929577464788732,0.02112676056338028,0.056338028169014086,0.035211267605633804,0.07746478873239436,0.04225352112676056,0.035211267605633804,0.028169014084507043,0.035211267605633804,0.04929577464788732,0.07746478873239436,0.028169014084507043,0.06338028169014084,0.056338028169014086,0.04225352112676056,0.028169014084507043,142
0.038461538461538464,0.08653846153846154,0.038461538461538464,0.0673076923076923,0.057692307692307696,0.0673076923076923,0.0673076923076923,0.038461538461538464,0.057692307692307696,0.07692307692307693,0.019230769230769232,0.07692307692307693,0.028846153846153848,0.009615384615384616,0.038461538461538464,0.019230769230769232,0.057692307692307696,0.019230769230769232,0.10576923076923077,0.028846153846153848,104
0.03636363636363636,0.02727272727272727,0.01818181818181818,0.06363636363636363,0.05454545454545454,0.07272727272727272,0.05454545454545454,0.045454545454545456,0.00909090909090909,0.01818181818181818,0.05454545454545454,0.03636363636363636,0.05454545454545454,0.03636363636363636,0.03636363636363636,0.08181818181818182,0.02727272727272727,0.08181818181818182,0.1,0.09090909090909091,110
0.05555555555555555,0.0625,0.06944444444444445,0.06944444444444445,0.06944444444444445,0.04861111111111111,0.041666666666666664,0.05555555555555555,0.04861111111111111,0.05555555555555555,0.034722222222222224,0.05555555555555555,0.020833333333333332,0.04861111111111111,0.05555555555555555,0.034722222222222224,0.027777777777777776,0.09027777777777778,0.020833333333333332,0.034722222222222224,144
0.0546875,0.0625,0.0625,0.046875,0.046875,0.015625,0.046875,0.046875,0.046875,0.0703125,0.0546875,0.078125,0.046875,0.046875,0.015625,0.0546875,0.078125,0.0390625,0.046875,0.0390625,128
0.03305785123966942,0.049586776859504134,0.04132231404958678,0.05785123966942149,0.03305785123966942,0.024793388429752067,0.04132231404958678,0.08264462809917356,0.008264462809917356,0.049586776859504134,0.024793388429752067,0.05785123966942149,0.06611570247933884,0.08264462809917356,0.06611570247933884,0.04132231404958678,0.06611570247933884,0.0743801652892562,0.06611570247933884,0.03305785123966942,121
0.04411764705882353,0.022058823529411766,0.051470588235294115,0.03676470588235294,0.04411764705882353,0.022058823529411766,0.08088235294117647,0.051470588235294115,0.051470588235294115,0.0661764705882353,0.0661764705882353,0.04411764705882353,0.08823529411764706,0.058823529411764705,0.029411764705882353,0.03676470588235294,0.051470588235294115,0.08088235294117647,0.029411764705882353,0.04411764705882353,136
0.061224489795918366,0.030612244897959183,0.04081632653061224,0.05102040816326531,0.061224489795918366,0.05102040816326531,0.04081632653061224,0.04081632653061224,0.08163265306122448,0.030612244897959183,0.05102040816326531,0.030612244897959183,0.02040816326530612,0.061224489795918366,0.061224489795918366,0.061224489795918366,0.030612244897959183,0.030612244897959183,0.09183673469387756,0.07142857142857142,98
0.047619047619047616,0.047619047619047616,0.10714285714285714,0.03571428571428571,0.047619047619047616,0.05952380952380952,0.03571428571428571,0.011904761904761904,0.03571428571428571,0.05952380952380952,0.07142857142857142,0.011904761904761904,0.03571428571428571,0.05952380952380952,0.05952380952380952,0.03571428571428571,0.05952380952380952,0.07142857142857142,0.03571428571428571,0.07142857142857142,84
0.03007518796992481,0.03759398496240601,0.03007518796992481,0.06015037593984962,0.06015037593984962,0.015037593984962405,0.06015037593984962,0.03759398496240601,0.03759398496240601,0.03007518796992481,0.07518796992481203,0.07518796992481203,0.08270676691729323,0.06766917293233082,0.05263157894736842,0.06766917293233082,0.05263157894736842,0.03759398496240601,0.06015037593984962,0.03007518796992481,133
0.04838709677419355,0.024193548387096774,0.04838709677419355,0.07258064516129033,0.024193548387096774,0.08870967741935484,0.04838709677419355,0.056451612903225805,0.04032258064516129,0.07258064516129033,0.06451612903225806,0.024193548387096774,0.04838709677419355,0.024193548387096774,0.056451612903225805,0.04838709677419355,0.024193548387096774,0.06451612903225806,0.08870967741935484,0.03225806451612903,124
0.02459016393442623,0.04918032786885246,0.07377049180327869,0.05737704918032787,0.040983606557377046,0.04918032786885246,0.04918032786885246,0.05737704918032787,0.02459016393442623,0.040983606557377046,0.03278688524590164,0.07377049180327869,0.08196721311475409,0.01639344262295082,0.01639344262295082,0.06557377049180328,0.07377049180327869,0.04918032786885246,0.02459016393442623,0.09836065573770492,122
0.06741573033707865,0.06741573033707865,0.0449438202247191,0.06741573033707865,0.07865168539325842,0.011235955056179775,0.0449438202247191,0.056179775280898875,0.056179775280898875,0.02247191011235955,0.02247191011235955,0.0449438202247191,0.07865168539325842,0.0449438202247191,0.07865168539325842,0.033707865168539325,0.0449438202247191,0.0449438202247191,0.0449438202247191,0.0449438202247191,89
0.04938271604938271,0.024691358024691357,0.012345679012345678,0.04938271604938271,0.04938271604938271,0.04938271604938271,0.04938271604938271,0.012345679012345678,0.06172839506172839,0.06172839506172839,0.08641975308641975,0.09876543209876543,0.037037037037037035,0.08641975308641975,0.04938271604938271,0.04938271604938271,0.037037037037037035,0.024691358024691357,0.07407407407407407,0.037037037037037035,81
0.0661764705882353,0.058823529411764705,0.029411764705882353,0.051470588235294115,0.0661764705882353,0.058823529411764705,0.022058823529411766,0.0661764705882353,0.058823529411764705,0.051470588235294115,0.03676470588235294,0.0661764705882353,0.051470588235294115,0.03676470588235294,0.029411764705882353,0.029411764705882353,0.03676470588235294,0.07352941176470588,0.058823529411764705,0.051470588235294115,136
0.03614457831325301,0.04819277108433735,0.024096385542168676,0.03614457831325301,0.07228915662650602,0.024096385542168676,0.03614457831325301,0.03614457831325301,0.04819277108433735,0.04819277108433735,0.012048192771084338,0.060240963855421686,0.060240963855421686,0.03614457831325301,0.060240963855421686,0.08433734939759036,0.0963855421686747,0.0963855421686747,0.04819277108433735,0.03614457831325301,83
0.0364963503649635,0.051094890510948905,0.029197080291970802,0.08759124087591241,0.043795620437956206,0.10218978102189781,0.0364963503649635,0.051094890510948905,0.0364963503649635,0.051094890510948905,0.0364963503649635,0.051094890510948905,0.029197080291970802,0.043795620437956206,0.06569343065693431,0.0364963503649635,0.051094890510948905,0.029197080291970802,0.058394160583941604,0.072992700729927,137
0.061224489795918366,0.047619047619047616,0.04081632653061224,0.08843537414965986,0.04081632653061224,0.034013605442176874,0.061224489795918366,0.047619047619047616,0.047619047619047616,0.047619047619047616,0.05442176870748299,0.05442176870748299,0.047619047619047616,0.027210884353741496,0.04081632653061224,0.06802721088435375,0.061224489795918366,0.061224489795918366,0.034013605442176874,0.034013605442176874,147
0.041379310344827586,0.041379310344827586,0.034482758620689655,0.07586206896551724,0.04827586206896552,0.06896551724137931,0.013793103448275862,0.05517241379310345,0.06896551724137931,0.034482758620689655,0.041379310344827586,0.041379310344827586,0.020689655172413793,0.04827586206896552,0.06896551724137931,0.04827586206896552,0.07586206896551724,0.06206896551724138,0.05517241379310345,0.05517241379310345,145
0.04950495049504951,0.0594059405940594,0.039603960396039604,0.0594059405940594,0.039603960396039604,0.039603960396039604,0.04950495049504951,0.04950495049504951,0.04950495049504951,0.07920792079207921,0.0594059405940594,0.04950495049504951,0.07920792079207921,0.019801980198019802,0.039603960396039604,0.019801980198019802,0.0297029702970297,0.0594059405940594,0.0594059405940594,0.06930693069306931,101
0.0,0.075,0.025,0.075,0.0375,0.025,0.075,0.075,0.05,0.0875,0.0625,0.0375,0.0375,0.0625,0.0375,0.025,0.0375,0.0875,0.025,0.0625,80
0.046153846153846156,0.05384615384615385,0.03076923076923077,0.06153846153846154,0.06923076923076923,0.046153846153846156,0.06923076923076923,0.06923076923076923,0.0,0.015384615384615385,0.05384615384615385,0.09230769230769231,0.07692307692307693,0.023076923076923078,0.046153846153846156,0.06923076923076923,0.05384615384615385,0.046153846153846156,0.023076923076923078,0.05384615384615385,130
0.041666666666666664,0.058333333333333334,0.05,0.075,0.03333333333333333,0.016666666666666666,0.03333333333333333,0.05,0.016666666666666666,0.041666666666666664,0.041666666666666664,0.06666666666666667,0.041666666666666664,0.06666666666666667,0.075,0.05,0.075,0.09166666666666666,0.041666666666666664,0.03333333333333333,120
0.04854368932038835,0.038834951456310676,0.06796116504854369,0.02912621359223301,0.0,0.038834951456310676,0.08737864077669903,0.05825242718446602,0.06796116504854369,0.07766990291262135,0.02912621359223301,0.02912621359223301,0.07766990291262135,0.019417475728155338,0.07766990291262135,0.06796116504854369,0.038834951456310676,0.07766990291262135,0.04854368932038835,0.019417475728155338,103
0.0297029702970297,0.039603960396039604,0.06930693069306931,0.04950495049504951,0.0594059405940594,0.019801980198019802,0.04950495049504951,0.0297029702970297,0.07920792079207921,0.0297029702970297,0.0297029702970297,0.039603960396039604,0.0891089108910891,0.0297029702970297,0.039603960396039604,0.04950495049504951,0.07920792079207921,0.019801980198019802,0.0594059405940594,0.10891089108910891,101
0.03389830508474576,0.05084745762711865,0.03389830508474576,0.025423728813559324,0.03389830508474576,0.07627118644067797,0.05084745762711865,0.09322033898305085,0.025423728813559324,0.0423728813559322,0.0847457627118644,0.0423728813559322,0.11016949152542373,0.059322033898305086,0.025423728813559324,0.01694915254237288,0.05084745762711865,0.07627118644067797,0.0423728813559322,0.025423728813559324,118
0.05303030303030303,0.015151515151515152,0.06060606060606061,0.03787878787878788,0.03787878787878788,0.030303030303030304,0.08333333333333333,0.06818181818181818,0.05303030303030303,0.07575757575757576,0.045454545454545456,0.022727272727272728,0.06818181818181818,0.05303030303030303,0.045454545454545456,0.022727272727272728,0.03787878787878788,0.07575757575757576,0.06060606060606061,0.05303030303030303,132
0.041666666666666664,0.034722222222222224,0.05555555555555555,0.0625,0.05555555555555555,0.04861111111111111,0.0625,0.04861111111111111,0.05555555555555555,0.027777777777777776,0.05555555555555555,0.0625,0.04861111111111111,0.04861111111111111,0.027777777777777776,0.04861111111111111,0.041666666666666664,0.05555555555555555,0.0625,0.05555555555555555,144
0.05384615384615385,0.046153846153846156,0.046153846153846156,0.03076923076923077,0.046153846153846156,0.03076923076923077,0.046153846153846156,0.08461538461538462,0.06923076923076923,0.046153846153846156,0.06153846153846154,0.038461538461538464,0.038461538461538464,0.05384615384615385,0.07692307692307693,0.038461538461538464,0.03076923076923077,0.038461538461538464,0.05384615384615385,0.06923076923076923,130
0.03,0.05,0.04,0.1,0.02,0.05,0.05,0.02,0.08,0.03,0.06,0.06,0.07,0.06,0.06,0.03,0.05,0.06,0.06,0.02,100
0.08888888888888889,0.05555555555555555,0.03333333333333333,0.011111111111111112,0.06666666666666667,0.022222222222222223,0.044444444444444446,0.044444444444444446,0.022222222222222223,0.03333333333333333,0.03333333333333333,0.044444444444444446,0.044444444444444446,0.08888888888888889,0.07777777777777778,0.08888888888888889,0.022222222222222223,0.06666666666666667,0.05555555555555555,0.05555555555555555,90
0.05319148936170213,0.0425531914893617,0.05319148936170213,0.031914893617021274,0.05319148936170213,0.031914893617021274,0.0425531914893617,0.0425531914893617,0.0851063829787234,0.05319148936170213,0.0851063829787234,0.05319148936170213,0.0851063829787234,0.0425531914893617,0.05319148936170213,0.010638297872340425,0.02127659574468085,0.07446808510638298,0.0425531914893617,0.0425531914893617,94
0.05,0.058333333333333334,0.06666666666666667,0.06666666666666667,0.075,0.03333333333333333,0.025,0.058333333333333334,0.041666666666666664,0.075,0.041666666666666664,0.041666666666666664,0.03333333333333333,0.075,0.041666666666666664,0.016666666666666666,0.058333333333333334,0.025,0.06666666666666667,0.05,120
0.048,0.024,0.056,0.048,0.104,0.048,0.072,0.04,0.072,0.072,0.024,0.024,0.048,0.048,0.032,0.056,0.048,0.04,0.072,0.024,125
0.06796116504854369,0.04854368932038835,0.04854368932038835,0.04854368932038835,0.05825242718446602,0.06796116504854369,0.04854368932038835,0.04854368932038835,0.038834951456310676,0.038834951456310676,0.05825242718446602,0.009708737864077669,0.06796116504854369,0.019417475728155338,0.04854368932038835,0.05825242718446602,0.04854368932038835,0.04854368932038835,0.05825242718446602,0.06796116504854369,103
0.021739130434782608,0.043478260869565216,0.09782608695652174,0.03260869565217391,0.05434782608695652,0.021739130434782608,0.03260869565217391,0.043478260869565216,0.08695652173913043,0.06521739130434782,0.043478260869565216,0.021739130434782608,0.010869565217391304,0.06521739130434782,0.021739130434782608,0.021739130434782608,0.043478260869565216,0.08695652173913043,0.06521739130434782,0.11956521739130435,92
0.03968253968253968,0.03968253968253968,0.03968253968253968,0.031746031746031744,0.03968253968253968,0.047619047619047616,0.07142857142857142,0.031746031746031744,0.05555555555555555,0.09523809523809523,0.03968253968253968,0.05555555555555555,0.05555555555555555,0.05555555555555555,0.023809523809523808,0.05555555555555555,0.05555555555555555,0.05555555555555555,0.031746031746031744,0.07936507936507936,126
0.046511627906976744,0.05813953488372093,0.09302325581395349,0.06976744186046512,0.046511627906976744,0.03488372093023256,0.046511627906976744,0.06976744186046512,0.03488372093023256,0.03488372093023256,0.011627906976744186,0.06976744186046512,0.08139534883720931,0.03488372093023256,0.03488372093023256,0.03488372093023256,0.08139534883720931,0.03488372093023256,0.03488372093023256,0.046511627906976744,86
0.03968253968253968,0.05555555555555555,0.015873015873015872,0.023809523809523808,0.031746031746031744,0.07142857142857142,0.05555555555555555,0.015873015873015872,0.047619047619047616,0.06349206349206349,0.09523809523809523,0.031746031746031744,0.10317460317460317,0.05555555555555555,0.0873015873015873,0.031746031746031744,0.07142857142857142,0.047619047619047616,0.03968253968253968,0.015873015873015872,126
0.043478260869565216,0.02608695652173913,0.043478260869565216,0.06086956521739131,0.02608695652173913,0.043478260869565216,0.034782608695652174,0.06956521739130435,0.034782608695652174,0.034782608695652174,0.06086956521739131,0.13043478260869565,0.034782608695652174,0.06956521739130435,0.043478260869565216,0.017391304347826087,0.043478260869565216,0.06956521739130435,0.043478260869565216,0.06956521739130435,115
0.020134228187919462,0.06711409395973154,0.013422818791946308,0.04697986577181208,0.040268456375838924,0.026845637583892617,0.053691275167785234,0.06040268456375839,0.026845637583892617,0.053691275167785234,0.06711409395973154,0.053691275167785234,0.06711409395973154,0.06711409395973154,0.053691275167785234,0.053691275167785234,0.06711409395973154,0.06711409395973154,0.053691275167785234,0.040268456375838924,149
0.04929577464788732,0.028169014084507043,0.035211267605633804,0.056338028169014086,0.04929577464788732,0.056338028169014086,0.07042253521126761,0.028169014084507043,0.035211267605633804,0.06338028169014084,0.04225352112676056,0.04929577464788732,0.02112676056338028,0.09859154929577464,0.07746478873239436,0.04225352112676056,0.056338028169014086,0.056338028169014086,0.028169014084507043,0.056338028169014086,142
0.05042016806722689,0.058823529411764705,0.03361344537815126,0.025210084033613446,0.1092436974789916,0.07563025210084033,0.058823529411764705,0.04201680672268908,0.01680672268907563,0.05042016806722689,0.058823529411764705,0.05042016806722689,0.04201680672268908,0.058823529411764705,0.04201680672268908,0.03361344537815126,0.01680672268907563,0.04201680672268908,0.08403361344537816,0.05042016806722689,119
0.09523809523809523,0.03571428571428571,0.023809523809523808,0.05952380952380952,0.047619047619047616,0.047619047619047616,0.03571428571428571,0.05952380952380952,0.05952380952380952,0.03571428571428571,0.011904761904761904,0.09523809523809523,0.023809523809523808,0.03571428571428571,0.10714285714285714,0.023809523809523808,0.08333333333333333,0.03571428571428571,0.011904761904761904,0.07142857142857142,84
0.0547945205479452,0.0821917808219178,0.04794520547945205,0.0547945205479452,0.0410958904109589,0.0547945205479452,0.0684931506849315,0.0273972602739726,0.0547945205479452,0.0410958904109589,0.04794520547945205,0.03424657534246575,0.07534246575342465,0.0273972602739726,0.0273972602739726,0.06164383561643835,0.0410958904109589,0.0547945205479452,0.03424657534246575,0.0684931506849315,146
0.0673076923076923,0.057692307692307696,0.0673076923076923,0.07692307692307693,0.019230769230769232,0.04807692307692308,0.028846153846153848,0.08653846153846154,0.04807692307692308,0.057692307692307696,0.009615384615384616,0.009615384615384616,0.057692307692307696,0.028846153846153848,0.04807692307692308,0.057692307692307696,0.0673076923076923,0.038461538461538464,0.0673076923076923,0.057692307692307696,104
0.04411764705882353,0.029411764705882353,0.058823529411764705,0.09558823529411764,0.03676470588235294,0.08823529411764706,0.04411764705882353,0.022058823529411766,0.0661764705882353,0.03676470588235294,0.03676470588235294,0.051470588235294115,0.0661764705882353,0.03676470588235294,0.0661764705882353,0.03676470588235294,0.0661764705882353,0.04411764705882353,0.051470588235294115,0.022058823529411766,136
0.04,0.032,0.032,0.032,0.024,0.056,0.032,0.032,0.04,0.104,0.064,0.064,0.048,0.04,0.064,0.08,0.064,0.072,0.056,0.024,125
0.05357142857142857,0.0625,0.0625,0.08928571428571429,0.03571428571428571,0.03571428571428571,0.026785714285714284,0.044642857142857144,0.07142857142857142,0.0625,0.05357142857142857,0.008928571428571428,0.026785714285714284,0.05357142857142857,0.044642857142857144,0.0625,0.05357142857142857,0.07142857142857142,0.017857142857142856,0.0625,112
0.039603960396039604,0.0297029702970297,0.0594059405940594,0.009900990099009901,0.04950495049504951,0.0594059405940594,0.0594059405940594,0.039603960396039604,0.06930693069306931,0.039603960396039604,0.0297029702970297,0.06930693069306931,0.0297029702970297,0.04950495049504951,0.0594059405940594,0.07920792079207921,0.04950495049504951,0.0594059405940594,0.07920792079207921,0.039603960396039604,101
0.02247191011235955,0.0898876404494382,0.0449438202247191,0.0449438202247191,0.056179775280898875,0.06741573033707865,0.0,0.056179775280898875,0.0449438202247191,0.033707865168539325,0.0449438202247191,0.0449438202247191,0.02247191011235955,0.11235955056179775,0.056179775280898875,0.033707865168539325,0.06741573033707865,0.033707865168539325,0.02247191011235955,0.10112359550561797,89
0.0625,0.025,0.05,0.0375,0.075,0.0625,0.0375,0.0625,0.05,0.05,0.0375,0.075,0.0625,0.0375,0.025,0.0625,0.0625,0.0375,0.05,0.0375,80
0.03260869565217391,0.08695652173913043,0.03260869565217391,0.05434782608695652,0.021739130434782608,0.043478260869565216,0.043478260869565216,0.021739130434782608,0.08695652173913043,0.043478260869565216,0.07608695652173914,0.03260869565217391,0.043478260869565216,0.03260869565217391,0.07608695652173914,0.06521739130434782,0.010869565217391304,0.07608695652173914,0.06521739130434782,0.05434782608695652,92
0.04065040650406504,0.06504065040650407,0.04065040650406504,0.032520325203252036,0.024390243902439025,0.06504065040650407,0.056910569105691054,0.04878048780487805,0.04878048780487805,0.024390243902439025,0.08130081300813008,0.016260162601626018,0.04878048780487805,0.06504065040650407,0.07317073170731707,0.08130081300813008,0.056910569105691054,0.032520325203252036,0.04878048780487805,0.04878048780487805,123
0.022222222222222223,0.07777777777777778,0.03333333333333333,0.05555555555555555,0.044444444444444446,0.011111111111111112,0.05555555555555555,0.06666666666666667,0.044444444444444446,0.07777777777777778,0.03333333333333333,0.03333333333333333,0.08888888888888889,0.044444444444444446,0.06666666666666667,0.05555555555555555,0.022222222222222223,0.06666666666666667,0.06666666666666667,0.03333333333333333,90
0.09090909090909091,0.05303030303030303,0.045454545454545456,0.05303030303030303,0.022727272727272728,0.08333333333333333,0.030303030303030304,0.07575757575757576,0.05303030303030303,0.05303030303030303,0.06060606060606061,0.045454545454545456,0.030303030303030304,0.030303030303030304,0.022727272727272728,0.03787878787878788,0.045454545454545456,0.022727272727272728,0.07575757575757576,0.06818181818181818,132
0.00980392156862745,0.0784313725490196,0.058823529411764705,0.058823529411764705,0.049019607843137254,0.029411764705882353,0.049019607843137254,0.049019607843137254,0.029411764705882353,0.0196078431372549,0.029411764705882353,0.0784313725490196,0.058823529411764705,0.0196078431372549,0.058823529411764705,0.06862745098039216,0.06862745098039216,0.06862745098039216,0.049019607843137254,0.06862745098039216,102
0.035398230088495575,0.061946902654867256,0.05309734513274336,0.061946902654867256,0.07079646017699115,0.05309734513274336,0.035398230088495575,0.05309734513274336,0.04424778761061947,0.035398230088495575,0.035398230088495575,0.035398230088495575,0.035398230088495575,0.061946902654867256,0.061946902654867256,0.061946902654867256,0.017699115044247787,0.05309734513274336,0.061946902654867256,0.07079646017699115,113
0.07692307692307693,0.03296703296703297,0.06593406593406594,0.01098901098901099,0.04395604395604396,0.03296703296703297,0.02197802197802198,0.04395604395604396,0.06593406593406594,0.02197802197802198,0.06593406593406594,0.06593406593406594,0.02197802197802198,0.06593406593406594,0.08791208791208792,0.054945054945054944,0.054945054945054944,0.054945054945054944,0.06593406593406594,0.04395604395604396,91
0.04,0.064,0.072,0.064,0.056,0.064,0.056,0.064,0.032,0.032,0.064,0.048,0.048,0.016,0.032,0.032,0.08,0.04,0.04,0.056,125
0.04040404040404041,0.04040404040404041,0.04040404040404041,0.020202020202020204,0.10101010101010101,0.030303030303030304,0.0707070707070707,0.030303030303030304,0.010101010101010102,0.04040404040404041,0.050505050505050504,0.10101010101010101,0.0707070707070707,0.08080808080808081,0.04040404040404041,0.08080808080808081,0.020202020202020204,0.030303030303030304,0.0707070707070707,0.030303030303030304,99
0.023529411764705882,0.023529411764705882,0.047058823529411764,0.023529411764705882,0.047058823529411764,0.047058823529411764,0.11764705882352941,0.047058823529411764,0.058823529411764705,0.011764705882352941,0.023529411764705882,0.058823529411764705,0.047058823529411764,0.058823529411764705,0.047058823529411764,0.09411764705882353,0.011764705882352941,0.09411764705882353,0.09411764705882353,0.023529411764705882,85
0.0898876404494382,0.056179775280898875,0.0449438202247191,0.06741573033707865,0.011235955056179775,0.02247191011235955,0.033707865168539325,0.011235955056179775,0.0449438202247191,0.056179775280898875,0.07865168539325842,0.07865168539325842,0.10112359550561797,0.02247191011235955,0.0449438202247191,0.056179775280898875,0.07865168539325842,0.02247191011235955,0.011235955056179775,0.06741573033707865,89
0.05309734513274336,0.02654867256637168,0.017699115044247787,0.035398230088495575,0.035398230088495575,0.05309734513274336,0.061946902654867256,0.13274336283185842,0.035398230088495575,0.07079646017699115,0.017699115044247787,0.035398230088495575,0.05309734513274336,0.04424778761061947,0.02654867256637168,0.07964601769911504,0.05309734513274336,0.07964601769911504,0.035398230088495575,0.05309734513274336,113
0.0449438202247191,0.07865168539325842,0.056179775280898875,0.0449438202247191,0.056179775280898875,0.06741573033707865,0.0449438202247191,0.033707865168539325,0.033707865168539325,0.056179775280898875,0.06741573033707865,0.06741573033707865,0.033707865168539325,0.07865168539325842,0.02247191011235955,0.0449438202247191,0.0449438202247191,0.0449438202247191,0.033707865168539325,0.0449438202247191,89
0.04132231404958678,0.049586776859504134,0.03305785123966942,0.0,0.04132231404958678,0.06611570247933884,0.049586776859504134,0.04132231404958678,0.05785123966942149,0.09917355371900827,0.01652892561983471,0.049586776859504134,0.049586776859504134,0.06611570247933884,0.049586776859504134,0.05785123966942149,0.03305785123966942,0.09090909090909091,0.04132231404958678,0.06611570247933884,121
0.08163265306122448,0.01020408163265306,0.030612244897959183,0.05102040816326531,0.04081632653061224,0.07142857142857142,0.05102040816326531,0.05102040816326531,0.030612244897959183,0.08163265306122448,0.11224489795918367,0.030612244897959183,0.05102040816326531,0.030612244897959183,0.0,0.030612244897959183,0.05102040816326531,0.11224489795918367,0.04081632653061224,0.04081632653061224,98
0.018018018018018018,0.05405405405405406,0.02702702702702703,0.04504504504504504,0.036036036036036036,0.018018018018018018,0.04504504504504504,0.07207207207207207,0.018018018018018018,0.07207207207207207,0.04504504504504504,0.018018018018018018,0.05405405405405406,0.0990990990990991,0.036036036036036036,0.05405405405405406,0.08108108108108109,0.08108108108108109,0.07207207207207207,0.05405405405405406,111
0.03937007874015748,0.007874015748031496,0.047244094488188976,0.07086614173228346,0.07874015748031496,0.07086614173228346,0.05511811023622047,0.03937007874015748,0.05511811023622047,0.047244094488188976,0.03937007874015748,0.12598425196850394,0.03937007874015748,0.06299212598425197,0.05511811023622047,0.047244094488188976,0.031496062992125984,0.031496062992125984,0.015748031496062992,0.03937007874015748,127
0.05454545454545454,0.01818181818181818,0.03636363636363636,0.05454545454545454,0.045454545454545456,0.08181818181818182,0.06363636363636363,0.06363636363636363,0.02727272727272727,0.09090909090909091,0.01818181818181818,0.06363636363636363,0.03636363636363636,0.06363636363636363,0.05454545454545454,0.05454545454545454,0.07272727272727272,0.045454545454545456,0.03636363636363636,0.01818181818181818,110
0.05217391304347826,0.02608695652173913,0.05217391304347826,0.05217391304347826,0.05217391304347826,0.017391304347826087,0.02608695652173913,0.043478260869565216,0.06956521739130435,0.017391304347826087,0.06086956521739131,0.05217391304347826,0.05217391304347826,0.05217391304347826,0.06086956521739131,0.034782608695652174,0.08695652173913043,0.02608695652173913,0.13043478260869565,0.034782608695652174,115
0.08928571428571429,0.026785714285714284,0.05357142857142857,0.05357142857142857,0.026785714285714284,0.026785714285714284,0.07142857142857142,0.026785714285714284,0.08035714285714286,0.044642857142857144,0.026785714285714284,0.08928571428571429,0.05357142857142857,0.05357142857142857,0.03571428571428571,0.03571428571428571,0.10714285714285714,0.03571428571428571,0.017857142857142856,0.044642857142857144,112
0.04895104895104895,0.055944055944055944,0.04195804195804196,0.055944055944055944,0.04895104895104895,0.06993006993006994,0.07692307692307693,0.055944055944055944,0.04895104895104895,0.027972027972027972,0.055944055944055944,0.04895104895104895,0.04895104895104895,0.04195804195804196,0.03496503496503497,0.055944055944055944,0.04195804195804196,0.07692307692307693,0.04895104895104895,0.013986013986013986,143
0.07751937984496124,0.08527131782945736,0.046511627906976744,0.046511627906976744,0.05426356589147287,0.015503875968992248,0.046511627906976744,0.08527131782945736,0.05426356589147287,0.023255813953488372,0.046511627906976744,0.046511627906976744,0.031007751937984496,0.046511627906976744,0.031007751937984496,0.03875968992248062,0.06201550387596899,0.06976744186046512,0.046511627906976744,0.046511627906976744,129
0.07142857142857142,0.11904761904761904,0.03571428571428571,0.023809523809523808,0.011904761904761904,0.07142857142857142,0.03571428571428571,0.09523809523809523,0.09523809523809523,0.05952380952380952,0.07142857142857142,0.023809523809523808,0.023809523809523808,0.047619047619047616,0.047619047619047616,0.03571428571428571,0.03571428571428571,0.03571428571428571,0.047619047619047616,0.011904761904761904,84
0.05426356589147287,0.031007751937984496,0.06201550387596899,0.031007751937984496,0.07751937984496124,0.03875968992248062,0.07751937984496124,0.03875968992248062,0.06976744186046512,0.023255813953488372,0.023255813953488372,0.05426356589147287,0.03875968992248062,0.05426356589147287,0.05426356589147287,0.10077519379844961,0.05426356589147287,0.031007751937984496,0.05426356589147287,0.031007751937984496,129
0.06796116504854369,0.04854368932038835,0.07766990291262135,0.02912621359223301,0.04854368932038835,0.02912621359223301,0.06796116504854369,0.05825242718446602,0.05825242718446602,0.04854368932038835,0.019417475728155338,0.02912621359223301,0.07766990291262135,0.02912621359223301,0.06796116504854369,0.038834951456310676,0.04854368932038835,0.06796116504854369,0.038834951456310676,0.04854368932038835,103
0.07692307692307693,0.057692307692307696,0.057692307692307696,0.057692307692307696,0.0673076923076923,0.0,0.08653846153846154,0.04807692307692308,0.028846153846153848,0.04807692307692308,0.038461538461538464,0.038461538461538464,0.028846153846153848,0.04807692307692308,0.0673076923076923,0.07692307692307693,0.038461538461538464,0.057692307692307696,0.057692307692307696,0.019230769230769232,104
0.09243697478991597,0.058823529411764705,0.05042016806722689,0.025210084033613446,0.05042016806722689,0.07563025210084033,0.06722689075630252,0.07563025210084033,0.025210084033613446,0.04201680672268908,0.058823529411764705,0.06722689075630252,0.06722689075630252,0.03361344537815126,0.06722689075630252,0.04201680672268908,0.025210084033613446,0.03361344537815126,0.04201680672268908,0.0,119
0.0898876404494382,0.0449438202247191,0.02247191011235955,0.033707865168539325,0.033707865168539325,0.07865168539325842,0.056179775280898875,0.056179775280898875,0.0449438202247191,0.06741573033707865,0.011235955056179775,0.033707865168539325,0.07865168539325842,0.011235955056179775,0.033707865168539325,0.07865168539325842,0.033707865168539325,0.10112359550561797,0.033707865168539325,0.056179775280898875,89
0.03875968992248062,0.05426356589147287,0.03875968992248062,0.03875968992248062,0.03875968992248062,0.08527131782945736,0.05426356589147287,0.06201550387596899,0.05426356589147287,0.05426356589147287,0.07751937984496124,0.05426356589147287,0.031007751937984496,0.031007751937984496,0.023255813953488372,0.06976744186046512,0.046511627906976744,0.06976744186046512,0.023255813953488372,0.05426356589147287,129
0.0472972972972973,0.033783783783783786,0.033783783783783786,0.07432432432432433,0.02702702702702703,0.060810810810810814,0.0472972972972973,0.0472972972972973,0.0945945945945946,0.07432432432432433,0.04054054054054054,0.02027027027027027,0.033783783783783786,0.0472972972972973,0.05405405405405406,0.02702702702702703,0.06756756756756757,0.06756756756756757,0.04054054054054054,0.060810810810810814,148
0.08264462809917356,0.049586776859504134,0.05785123966942149,0.024793388429752067,0.049586776859504134,0.04132231404958678,0.049586776859504134,0.03305785123966942,0.06611570247933884,0.024793388429752067,0.0743801652892562,0.06611570247933884,0.04132231404958678,0.03305785123966942,0.024793388429752067,0.049586776859504134,0.05785123966942149,0.01652892561983471,0.09090909090909091,0.06611570247933884,121
0.06172839506172839,0.08641975308641975,0.024691358024691357,0.06172839506172839,0.037037037037037035,0.06172839506172839,0.06172839506172839,0.037037037037037035,0.04938271604938271,0.04938271604938271,0.06172839506172839,0.04938271604938271,0.04938271604938271,0.037037037037037035,0.037037037037037035,0.04938271604938271,0.012345679012345678,0.037037037037037035,0.06172839506172839,0.07407407407407407,81
0.023076923076923078,0.05384615384615385,0.007692307692307693,0.05384615384615385,0.06923076923076923,0.06923076923076923,0.07692307692307693,0.038461538461538464,0.03076923076923077,0.08461538461538462,0.07692307692307693,0.03076923076923077,0.03076923076923077,0.03076923076923077,0.06153846153846154,0.023076923076923078,0.038461538461538464,0.07692307692307693,0.06923076923076923,0.05384615384615385,130
0.04666666666666667,0.05333333333333334,0.04666666666666667,0.04666666666666667,0.05333333333333334,0.02666666666666667,0.06,0.06,0.06,0.07333333333333333,0.07333333333333333,0.04666666666666667,0.08,0.05333333333333334,0.02,0.07333333333333333,0.03333333333333333,0.02666666666666667,0.02,0.04666666666666667,150
0.051470588235294115,0.022058823529411766,0.014705882352941176,0.0661764705882353,0.04411764705882353,0.08088235294117647,0.051470588235294115,0.08823529411764706,0.0661764705882353,0.04411764705882353,0.051470588235294115,0.04411764705882353,0.04411764705882353,0.08088235294117647,0.04411764705882353,0.029411764705882353,0.04411764705882353,0.03676470588235294,0.051470588235294115,0.04411764705882353,136
0.07207207207207207,0.02702702702702703,0.06306306306306306,0.09009009009009009,0.07207207207207207,0.018018018018018018,0.09009009009009009,0.05405405405405406,0.04504504504504504,0.036036036036036036,0.02702702702702703,0.04504504504504504,0.05405405405405406,0.08108108108108109,0.036036036036036036,0.04504504504504504,0.02702702702702703,0.02702702702702703,0.02702702702702703,0.06306306306306306,111
0.05785123966942149,0.05785123966942149,0.024793388429752067,0.08264462809917356,0.049586776859504134,0.049586776859504134,0.11570247933884298,0.03305785123966942,0.024793388429752067,0.05785123966942149,0.008264462809917356,0.04132231404958678,0.024793388429752067,0.04132231404958678,0.04132231404958678,0.04132231404958678,0.0743801652892562,0.08264462809917356,0.05785123966942149,0.03305785123966942,121
0.0603448275862069,0.07758620689655173,0.06896551724137931,0.04310344827586207,0.0603448275862069,0.06896551724137931,0.034482758620689655,0.0603448275862069,0.04310344827586207,0.034482758620689655,0.05172413793103448,0.034482758620689655,0.0603448275862069,0.017241379310344827,0.034482758620689655,0.06896551724137931,0.06896551724137931,0.02586206896551724,0.04310344827586207,0.04310344827586207,116
0.04827586206896552,0.020689655172413793,0.06896551724137931,0.05517241379310345,0.041379310344827586,0.034482758620689655,0.027586206896551724,0.04827586206896552,0.034482758620689655,0.07586206896551724,0.05517241379310345,0.027586206896551724,0.06896551724137931,0.04827586206896552,0.020689655172413793,0.08275862068965517,0.020689655172413793,0.07586206896551724,0.06896551724137931,0.07586206896551724,145
0.043478260869565216,0.043478260869565216,0.034782608695652174,0.06956521739130435,0.06956521739130435,0.017391304347826087,0.05217391304347826,0.06086956521739131,0.05217391304347826,0.017391304347826087,0.043478260869565216,0.043478260869565216,0.06086956521739131,0.06086956521739131,0.034782608695652174,0.06956521739130435,0.06956521739130435,0.017391304347826087,0.05217391304347826,0.08695652173913043,115
0.05785123966942149,0.01652892561983471,0.03305785123966942,0.04132231404958678,0.04132231404958678,0.049586776859504134,0.05785123966942149,0.01652892561983471,0.05785123966942149,0.049586776859504134,0.01652892561983471,0.05785123966942149,0.05785123966942149,0.05785123966942149,0.049586776859504134,0.04132231404958678,0.05785123966942149,0.049586776859504134,0.09917355371900827,0.09090909090909091,121
0.056179775280898875,0.0,0.056179775280898875,0.07865168539325842,0.011235955056179775,0.0898876404494382,0.02247191011235955,0.07865168539325842,0.056179775280898875,0.033707865168539325,0.056179775280898875,0.02247191011235955,0.02247191011235955,0.10112359550561797,0.011235955056179775,0.06741573033707865,0.0449438202247191,0.06741573033707865,0.056179775280898875,0.06741573033707865,89
0.030303030303030304,0.08333333333333333,0.015151515151515152,0.03787878787878788,0.05303030303030303,0.11363636363636363,0.06060606060606061,0.03787878787878788,0.03787878787878788,0.03787878787878788,0.030303030303030304,0.05303030303030303,0.05303030303030303,0.045454545454545456,0.022727272727272728,0.08333333333333333,0.03787878787878788,0.030303030303030304,0.06818181818181818,0.06818181818181818,132
0.05825242718446602,0.05825242718446602,0.038834951456310676,0.07766990291262135,0.07766990291262135,0.04854368932038835,0.019417475728155338,0.02912621359223301,0.05825242718446602,0.05825242718446602,0.04854368932038835,0.04854368932038835,0.038834951456310676,0.05825242718446602,0.019417475728155338,0.009708737864077669,0.07766990291262135,0.038834951456310676,0.06796116504854369,0.06796116504854369,103
0.0423728813559322,0.06779661016949153,0.05084745762711865,0.01694915254237288,0.0423728813559322,0.0847457627118644,0.0423728813559322,0.05084745762711865,0.03389830508474576,0.06779661016949153,0.06779661016949153,0.03389830508474576,0.03389830508474576,0.07627118644067797,0.01694915254237288,0.09322033898305085,0.0423728813559322,0.059322033898305086,0.0423728813559322,0.03389830508474576,118
0.06097560975609756,0.08536585365853659,0.024390243902439025,0.036585365853658534,0.06097560975609756,0.07317073170731707,0.04878048780487805,0.0,0.012195121951219513,0.024390243902439025,0.036585365853658534,0.07317073170731707,0.07317073170731707,0.10975609756097561,0.024390243902439025,0.07317073170731707,0.06097560975609756,0.07317073170731707,0.024390243902439025,0.024390243902439025,82
0.06299212598425197,0.031496062992125984,0.07086614173228346,0.07874015748031496,0.047244094488188976,0.06299212598425197,0.031496062992125984,0.03937007874015748,0.03937007874015748,0.031496062992125984,0.047244094488188976,0.047244094488188976,0.03937007874015748,0.031496062992125984,0.07086614173228346,0.06299212598425197,0.06299212598425197,0.07874015748031496,0.015748031496062992,0.047244094488188976,127
0.020202020202020204,0.020202020202020204,0.04040404040404041,0.050505050505050504,0.10101010101010101,0.06060606060606061,0.030303030303030304,0.0707070707070707,0.050505050505050504,0.030303030303030304,0.0707070707070707,0.050505050505050504,0.020202020202020204,0.10101010101010101,0.030303030303030304,0.050505050505050504,0.04040404040404041,0.06060606060606061,0.06060606060606061,0.04040404040404041,99
0.02962962962962963,0.05925925925925926,0.06666666666666667,0.044444444444444446,0.044444444444444446,0.05925925925925926,0.044444444444444446,0.06666666666666667,0.044444444444444446,0.037037037037037035,0.06666666666666667,0.044444444444444446,0.044444444444444446,0.08888888888888889,0.044444444444444446,0.014814814814814815,0.037037037037037035,0.044444444444444446,0.05925925925925926,0.05925925925925926,135
0.04950495049504951,0.019801980198019802,0.0297029702970297,0.019801980198019802,0.0891089108910891,0.04950495049504951,0.0594059405940594,0.04950495049504951,0.06930693069306931,0.09900990099009901,0.06930693069306931,0.019801980198019802,0.06930693069306931,0.039603960396039604,0.0594059405940594,0.039603960396039604,0.0891089108910891,0.04950495049504951,0.009900990099009901,0.019801980198019802,101
0.046511627906976744,0.046511627906976744,0.031007751937984496,0.06976744186046512,0.03875968992248062,0.023255813953488372,0.046511627906976744,0.023255813953488372,0.05426356589147287,0.05426356589147287,0.06201550387596899,0.07751937984496124,0.023255813953488372,0.05426356589147287,0.06201550387596899,0.06201550387596899,0.031007751937984496,0.046511627906976744,0.06976744186046512,0.07751937984496124,129
0.05517241379310345,0.07586206896551724,0.04827586206896552,0.013793103448275862,0.034482758620689655,0.06206896551724138,0.027586206896551724,0.06206896551724138,0.04827586206896552,0.027586206896551724,0.08275862068965517,0.05517241379310345,0.020689655172413793,0.07586206896551724,0.04827586206896552,0.10344827586206896,0.020689655172413793,0.04827586206896552,0.034482758620689655,0.05517241379310345,145
0.06521739130434782,0.08695652173913043,0.028985507246376812,0.014492753623188406,0.028985507246376812,0.050724637681159424,0.043478260869565216,0.07971014492753623,0.028985507246376812,0.050724637681159424,0.036231884057971016,0.028985507246376812,0.043478260869565216,0.057971014492753624,0.07246376811594203,0.07246376811594203,0.057971014492753624,0.0,0.08695652173913043,0.06521739130434782,138
0.07317073170731707,0.024390243902439025,0.016260162601626018,0.056910569105691054,0.032520325203252036,0.04065040650406504,0.056910569105691054,0.056910569105691054,0.032520325203252036,0.032520325203252036,0.06504065040650407,0.056910569105691054,0.04878048780487805,0.08130081300813008,0.032520325203252036,0.08943089430894309,0.06504065040650407,0.06504065040650407,0.032520325203252036,0.04065040650406504,123
0.03787878787878788,0.022727272727272728,0.07575757575757576,0.06818181818181818,0.045454545454545456,0.030303030303030304,0.045454545454545456,0.06060606060606061,0.015151515151515152,0.05303030303030303,0.06818181818181818,0.09090909090909091,0.07575757575757576,0.05303030303030303,0.05303030303030303,0.05303030303030303,0.045454545454545456,0.03787878787878788,0.030303030303030304,0.03787878787878788,132
0.05263157894736842,0.06140350877192982,0.05263157894736842,0.07017543859649122,0.06140350877192982,0.043859649122807015,0.043859649122807015,0.02631578947368421,0.05263157894736842,0.07894736842105263,0.06140350877192982,0.043859649122807015,0.07017543859649122,0.043859649122807015,0.08771929824561403,0.008771929824561403,0.017543859649122806,0.017543859649122806,0.05263157894736842,0.05263157894736842,114
0.038461538461538464,0.038461538461538464,0.038461538461538464,0.057692307692307696,0.028846153846153848,0.0673076923076923,0.04807692307692308,0.08653846153846154,0.0673076923076923,0.028846153846153848,0.04807692307692308,0.0673076923076923,0.038461538461538464,0.0673076923076923,0.07692307692307693,0.019230769230769232,0.08653846153846154,0.038461538461538464,0.028846153846153848,0.028846153846153848,104
0.07865168539325842,0.0898876404494382,0.06741573033707865,0.033707865168539325,0.033707865168539325,0.02247191011235955,0.033707865168539325,0.02247191011235955,0.033707865168539325,0.06741573033707865,0.033707865168539325,0.0898876404494382,0.0449438202247191,0.06741573033707865,0.0449438202247191,0.02247191011235955,0.033707865168539325,0.06741573033707865,0.0449438202247191,0.06741573033707865,89
0.05343511450381679,0.03816793893129771,0.061068702290076333,0.03816793893129771,0.03816793893129771,0.03816793893129771,0.022900763358778626,0.05343511450381679,0.07633587786259542,0.061068702290076333,0.05343511450381679,0.022900763358778626,0.04580152671755725,0.061068702290076333,0.03816793893129771,0.08396946564885496,0.05343511450381679,0.04580152671755725,0.05343511450381679,0.061068702290076333,131
0.07291666666666667,0.0,0.03125,0.020833333333333332,0.041666666666666664,0.07291666666666667,0.07291666666666667,0.08333333333333333,0.03125,0.052083333333333336,0.0625,0.052083333333333336,0.020833333333333332,0.0625,0.125,0.020833333333333332,0.0625,0.010416666666666666,0.03125,0.07291666666666667,96
0.04895104895104895,0.04895104895104895,0.06293706293706294,0.027972027972027972,0.03496503496503497,0.06293706293706294,0.06293706293706294,0.04895104895104895,0.08391608391608392,0.02097902097902098,0.08391608391608392,0.04895104895104895,0.06293706293706294,0.055944055944055944,0.06293706293706294,0.04195804195804196,0.04895104895104895,0.027972027972027972,0.02097902097902098,0.04195804195804196,143
0.05319148936170213,0.02127659574468085,0.05319148936170213,0.0425531914893617,0.031914893617021274,0.0851063829787234,0.0851063829787234,0.09574468085106383,0.05319148936170213,0.0851063829787234,0.05319148936170213,0.010638297872340425,0.07446808510638298,0.05319148936170213,0.06382978723404255,0.02127659574468085,0.05319148936170213,0.02127659574468085,0.010638297872340425,0.031914893617021274,94
0.053763440860215055,0.043010752688172046,0.06451612903225806,0.03225806451612903,0.021505376344086023,0.08602150537634409,0.021505376344086023,0.043010752688172046,0.053763440860215055,0.03225806451612903,0.08602150537634409,0.07526881720430108,0.053763440860215055,0.043010752688172046,0.03225806451612903,0.03225806451612903,0.08602150537634409,0.03225806451612903,0.043010752688172046,0.06451612903225806,93
0.050505050505050504,0.020202020202020204,0.04040404040404041,0.0707070707070707,0.050505050505050504,0.04040404040404041,0.06060606060606061,0.04040404040404041,0.050505050505050504,0.08080808080808081,0.04040404040404041,0.050505050505050504,0.06060606060606061,0.06060606060606061,0.06060606060606061,0.0707070707070707,0.050505050505050504,0.010101010101010102,0.04040404040404041,0.050505050505050504,99
0.04032258064516129,0.08064516129032258,0.04838709677419355,0.04032258064516129,0.03225806451612903,0.04838709677419355,0.04032258064516129,0.06451612903225806,0.04032258064516129,0.03225806451612903,0.04838709677419355,0.056451612903225805,0.03225806451612903,0.056451612903225805,0.04838709677419355,0.06451612903225806,0.06451612903225806,0.07258064516129033,0.04032258064516129,0.04838709677419355,124
0.043859649122807015,0.0,0.017543859649122806,0.08771929824561403,0.07017543859649122,0.05263157894736842,0.07894736842105263,0.02631578947368421,0.008771929824561403,0.09649122807017543,0.07017543859649122,0.06140350877192982,0.05263157894736842,0.06140350877192982,0.02631578947368421,0.07017543859649122,0.06140350877192982,0.03508771929824561,0.03508771929824561,0.043859649122807015,114
0.04861111111111111,0.05555555555555555,0.034722222222222224,0.041666666666666664,0.034722222222222224,0.041666666666666664,0.05555555555555555,0.0625,0.041666666666666664,0.027777777777777776,0.06944444444444445,0.08333333333333333,0.04861111111111111,0.041666666666666664,0.05555555555555555,0.041666666666666664,0.041666666666666664,0.09027777777777778,0.041666666666666664,0.041666666666666664,144
0.04929577464788732,0.035211267605633804,0.04225352112676056,0.04929577464788732,0.06338028169014084,0.04225352112676056,0.035211267605633804,0.028169014084507043,0.07746478873239436,0.056338028169014086,0.035211267605633804,0.056338028169014086,0.08450704225352113,0.04929577464788732,0.04225352112676056,0.06338028169014084,0.04929577464788732,0.04225352112676056,0.056338028169014086,0.04225352112676056,142
0.05303030303030303,0.07575757575757576,0.045454545454545456,0.03787878787878788,0.06060606060606061,0.07575757575757576,0.06060606060606061,0.045454545454545456,0.03787878787878788,0.022727272727272728,0.03787878787878788,0.045454545454545456,0.030303030303030304,0.06818181818181818,0.030303030303030304,0.05303030303030303,0.06060606060606061,0.05303030303030303,0.06060606060606061,0.045454545454545456,132
0.10434782608695652,0.05217391304347826,0.043478260869565216,0.05217391304347826,0.05217391304347826,0.06956521739130435,0.02608695652173913,0.05217391304347826,0.02608695652173913,0.02608695652173913,0.034782608695652174,0.05217391304347826,0.05217391304347826,0.034782608695652174,0.05217391304347826,0.06956521739130435,0.06086956521739131,0.06086956521739131,0.043478260869565216,0.034782608695652174,115
0.04201680672268908,0.025210084033613446,0.058823529411764705,0.04201680672268908,0.03361344537815126,0.07563025210084033,0.01680672268907563,0.05042016806722689,0.025210084033613446,0.058823529411764705,0.03361344537815126,0.008403361344537815,0.07563025210084033,0.07563025210084033,0.03361344537815126,0.04201680672268908,0.11764705882352941,0.06722689075630252,0.05042016806722689,0.06722689075630252,119
0.05673758865248227,0.02127659574468085,0.04964539007092199,0.0425531914893617,0.06382978723404255,0.04964539007092199,0.04964539007092199,0.04964539007092199,0.07092198581560284,0.03546099290780142,0.0425531914893617,0.04964539007092199,0.05673758865248227,0.03546099290780142,0.06382978723404255,0.03546099290780142,0.05673758865248227,0.07092198581560284,0.04964539007092199,0.04964539007092199,141
0.0594059405940594,0.039603960396039604,0.06930693069306931,0.04950495049504951,0.0297029702970297,0.07920792079207921,0.0594059405940594,0.0297029702970297,0.04950495049504951,0.019801980198019802,0.0594059405940594,0.04950495049504951,0.0891089108910891,0.039603960396039604,0.0297029702970297,0.06930693069306931,0.039603960396039604,0.0297029702970297,0.04950495049504951,0.0594059405940594,101
0.06382978723404255,0.06382978723404255,0.07446808510638298,0.06382978723404255,0.0425531914893617,0.06382978723404255,0.05319148936170213,0.0425531914893617,0.0851063829787234,0.031914893617021274,0.05319148936170213,0.031914893617021274,0.010638297872340425,0.02127659574468085,0.031914893617021274,0.07446808510638298,0.02127659574468085,0.07446808510638298,0.06382978723404255,0.031914893617021274,94
0.041237113402061855,0.041237113402061855,0.061855670103092786,0.041237113402061855,0.041237113402061855,0.05154639175257732,0.05154639175257732,0.041237113402061855,0.061855670103092786,0.061855670103092786,0.030927835051546393,0.05154639175257732,0.061855670103092786,0.05154639175257732,0.07216494845360824,0.030927835051546393,0.030927835051546393,0.061855670103092786,0.07216494845360824,0.041237113402061855,97
0.06716417910447761,0.014925373134328358,0.05970149253731343,0.029850746268656716,0.029850746268656716,0.04477611940298507,0.07462686567164178,0.03731343283582089,0.06716417910447761,0.05223880597014925,0.05223880597014925,0.007462686567164179,0.05970149253731343,0.07462686567164178,0.05970149253731343,0.03731343283582089,0.05970149253731343,0.03731343283582089,0.06716417910447761,0.06716417910447761,134
0.04132231404958678,0.06611570247933884,0.049586776859504134,0.05785123966942149,0.0743801652892562,0.05785123966942149,0.04132231404958678,0.06611570247933884,0.06611570247933884,0.03305785123966942,0.024793388429752067,0.05785123966942149,0.05785123966942149,0.08264462809917356,0.03305785123966942,0.03305785123966942,0.05785123966942149,0.049586776859504134,0.008264462809917356,0.04132231404958678,121
0.08571428571428572,0.047619047619047616,0.0380952380952381,0.01904761904761905,0.06666666666666667,0.0761904761904762,0.02857142857142857,0.02857142857142857,0.06666666666666667,0.02857142857142857,0.06666666666666667,0.009523809523809525,0.05714285714285714,0.06666666666666667,0.0380952380952381,0.047619047619047616,0.05714285714285714,0.0380952380952381,0.08571428571428572,0.047619047619047616,105
0.03571428571428571,0.08333333333333333,0.047619047619047616,0.047619047619047616,0.047619047619047616,0.09523809523809523,0.05952380952380952,0.03571428571428571,0.03571428571428571,0.03571428571428571,0.08333333333333333,0.05952380952380952,0.011904761904761904,0.03571428571428571,0.03571428571428571,0.05952380952380952,0.08333333333333333,0.03571428571428571,0.023809523809523808,0.047619047619047616,84
0.04081632653061224,0.05442176870748299,0.034013605442176874,0.04081632653061224,0.047619047619047616,0.013605442176870748,0.09523809523809523,0.08843537414965986,0.04081632653061224,0.05442176870748299,0.05442176870748299,0.06802721088435375,0.05442176870748299,0.006802721088435374,0.07482993197278912,0.047619047619047616,0.05442176870748299,0.02040816326530612,0.05442176870748299,0.05442176870748299,147
0.05,0.05,0.0625,0.0125,0.05,0.05,0.05,0.0375,0.0125,0.0375,0.05,0.05,0.075,0.0625,0.025,0.075,0.075,0.0625,0.075,0.0375,80
0.02586206896551724,0.06896551724137931,0.02586206896551724,0.04310344827586207,0.034482758620689655,0.0603448275862069,0.034482758620689655,0.0603448275862069,0.02586206896551724,0.0603448275862069,0.07758620689655173,0.05172413793103448,0.05172413793103448,0.04310344827586207,0.07758620689655173,0.05172413793103448,0.07758620689655173,0.034482758620689655,0.06896551724137931,0.02586206896551724,116
0.022388059701492536,0.022388059701492536,0.03731343283582089,0.05223880597014925,0.09701492537313433,0.07462686567164178,0.05223880597014925,0.029850746268656716,0.04477611940298507,0.03731343283582089,0.05970149253731343,0.05223880597014925,0.05970149253731343,0.04477611940298507,0.08208955223880597,0.05970149253731343,0.029850746268656716,0.05223880597014925,0.05970149253731343,0.029850746268656716,134
0.03875968992248062,0.046511627906976744,0.06201550387596899,0.023255813953488372,0.06976744186046512,0.06976744186046512,0.06976744186046512,0.03875968992248062,0.031007751937984496,0.07751937984496124,0.046511627906976744,0.046511627906976744,0.046511627906976744,0.06201550387596899,0.09302325581395349,0.023255813953488372,0.05426356589147287,0.015503875968992248,0.046511627906976744,0.03875968992248062,129
0.0625,0.05555555555555555,0.041666666666666664,0.041666666666666664,0.020833333333333332,0.034722222222222224,0.0625,0.04861111111111111,0.041666666666666664,0.04861111111111111,0.027777777777777776,0.05555555555555555,0.08333333333333333,0.05555555555555555,0.05555555555555555,0.04861111111111111,0.06944444444444445,0.05555555555555555,0.034722222222222224,0.05555555555555555,144
0.04878048780487805,0.08130081300813008,0.04065040650406504,0.032520325203252036,0.04878048780487805,0.032520325203252036,0.032520325203252036,0.024390243902439025,0.032520325203252036,0.06504065040650407,0.024390243902439025,0.06504065040650407,0.08943089430894309,0.04878048780487805,0.056910569105691054,0.0975609756097561,0.04878048780487805,0.04065040650406504,0.04878048780487805,0.04065040650406504,123
0.056,0.032,0.056,0.064,0.032,0.032,0.04,0.056,0.056,0.048,0.048,0.064,0.056,0.08,0.04,0.088,0.016,0.056,0.048,0.032,125
0.0449438202247191,0.056179775280898875,0.033707865168539325,0.0,0.02247191011235955,0.033707865168539325,0.0449438202247191,0.06741573033707865,0.02247191011235955,0.056179775280898875,0.06741573033707865,0.056179775280898875,0.06741573033707865,0.056179775280898875,0.02247191011235955,0.07865168539325842,0.0898876404494382,0.0449438202247191,0.056179775280898875,0.07865168539325842,89
0.05555555555555555,0.07407407407407407,0.046296296296296294,0.009259259259259259,0.05555555555555555,0.037037037037037035,0.07407407407407407,0.10185185185185185,0.06481481481481481,0.018518518518518517,0.037037037037037035,0.046296296296296294,0.05555555555555555,0.018518518518518517,0.05555555555555555,0.037037037037037035,0.027777777777777776,0.05555555555555555,0.09259259259259259,0.037037037037037035,108
0.03731343283582089,0.07462686567164178,0.03731343283582089,0.05970149253731343,0.06716417910447761,0.08955223880597014,0.04477611940298507,0.05223880597014925,0.03731343283582089,0.05223880597014925,0.05970149253731343,0.04477611940298507,0.05970149253731343,0.022388059701492536,0.04477611940298507,0.029850746268656716,0.029850746268656716,0.029850746268656716,0.06716417910447761,0.05970149253731343,134
0.05755395683453238,0.05755395683453238,0.05755395683453238,0.050359712230215826,0.02158273381294964,0.03597122302158273,0.02158273381294964,0.05755395683453238,0.04316546762589928,0.04316546762589928,0.050359712230215826,0.04316546762589928,0.050359712230215826,0.05755395683453238,0.05755395683453238,0.050359712230215826,0.05755395683453238,0.07913669064748201,0.04316546762589928,0.06474820143884892,139
0.09649122807017543,0.10526315789473684,0.03508771929824561,0.06140350877192982,0.05263157894736842,0.06140350877192982,0.03508771929824561,0.043859649122807015,0.05263157894736842,0.06140350877192982,0.03508771929824561,0.043859649122807015,0.05263157894736842,0.043859649122807015,0.08771929824561403,0.008771929824561403,0.017543859649122806,0.0,0.043859649122807015,0.06140350877192982,114
0.050505050505050504,0.030303030303030304,0.04040404040404041,0.030303030303030304,0.0707070707070707,0.010101010101010102,0.08080808080808081,0.09090909090909091,0.06060606060606061,0.04040404040404041,0.050505050505050504,0.04040404040404041,0.04040404040404041,0.06060606060606061,0.050505050505050504,0.030303030303030304,0.020202020202020204,0.0707070707070707,0.0707070707070707,0.06060606060606061,99
0.03,0.05,0.01,0.05,0.08,0.07,0.01,0.07,0.07,0.05,0.04,0.08,0.06,0.03,0.01,0.06,0.06,0.04,0.08,0.05,100
0.05673758865248227,0.0851063829787234,0.07801418439716312,0.05673758865248227,0.04964539007092199,0.05673758865248227,0.0425531914893617,0.05673758865248227,0.02127659574468085,0.04964539007092199,0.05673758865248227,0.02127659574468085,0.04964539007092199,0.04964539007092199,0.04964539007092199,0.07092198581560284,0.028368794326241134,0.02127659574468085,0.06382978723404255,0.03546099290780142,141
0.03418803418803419,0.05982905982905983,0.06837606837606838,0.03418803418803419,0.05128205128205128,0.03418803418803419,0.017094017094017096,0.042735042735042736,0.05982905982905983,0.02564102564102564,0.05128205128205128,0.10256410256410256,0.05128205128205128,0.05982905982905983,0.05982905982905983,0.08547008547008547,0.042735042735042736,0.05982905982905983,0.02564102564102564,0.03418803418803419,117
0.025210084033613446,0.04201680672268908,0.07563025210084033,0.05042016806722689,0.058823529411764705,0.025210084033613446,0.03361344537815126,0.07563025210084033,0.05042016806722689,0.04201680672268908,0.09243697478991597,0.03361344537815126,0.05042016806722689,0.025210084033613446,0.05042016806722689,0.04201680672268908,0.07563025210084033,0.08403361344537816,0.025210084033613446,0.04201680672268908,119
0.0703125,0.0390625,0.0234375,0.046875,0.03125,0.0703125,0.046875,0.0625,0.0390625,0.03125,0.0859375,0.0625,0.046875,0.046875,0.0234375,0.0546875,0.0390625,0.0703125,0.046875,0.0625,128
0.061068702290076333,0.030534351145038167,0.08396946564885496,0.03816793893129771,0.05343511450381679,0.04580152671755725,0.05343511450381679,0.08396946564885496,0.015267175572519083,0.05343511450381679,0.06870229007633588,0.05343511450381679,0.08396946564885496,0.05343511450381679,0.030534351145038167,0.015267175572519083,0.05343511450381679,0.04580152671755725,0.061068702290076333,0.015267175572519083,131
0.040268456375838924,0.0738255033557047,0.06040268456375839,0.040268456375838924,0.026845637583892617,0.06040268456375839,0.053691275167785234,0.06040268456375839,0.053691275167785234,0.020134228187919462,0.03355704697986577,0.053691275167785234,0.040268456375838924,0.03355704697986577,0.0738255033557047,0.053691275167785234,0.053691275167785234,0.087248322147651,0.040268456375838924,0.040268456375838924,149
0.04201680672268908,0.03361344537815126,0.05042016806722689,0.06722689075630252,0.08403361344537816,0.058823529411764705,0.03361344537815126,0.08403361344537816,0.01680672268907563,0.06722689075630252,0.08403361344537816,0.04201680672268908,0.04201680672268908,0.04201680672268908,0.05042016806722689,0.04201680672268908,0.01680672268907563,0.058823529411764705,0.03361344537815126,0.05042016806722689,119
0.03409090909090909,0.022727272727272728,0.07954545454545454,0.022727272727272728,0.045454545454545456,0.06818181818181818,0.07954545454545454,0.022727272727272728,0.10227272727272728,0.07954545454545454,0.022727272727272728,0.03409090909090909,0.07954545454545454,0.045454545454545456,0.06818181818181818,0.045454545454545456,0.011363636363636364,0.03409090909090909,0.03409090909090909,0.06818181818181818,88
0.06741573033707865,0.056179775280898875,0.02247191011235955,0.056179775280898875,0.0449438202247191,0.06741573033707865,0.0,0.056179775280898875,0.0449438202247191,0.02247191011235955,0.02247191011235955,0.07865168539325842,0.07865168539325842,0.056179775280898875,0.056179775280898875,0.033707865168539325,0.033707865168539325,0.07865168539325842,0.02247191011235955,0.10112359550561797,89
0.06338028169014084,0.09859154929577464,0.056338028169014086,0.06338028169014084,0.056338028169014086,0.07746478873239436,0.02112676056338028,0.04929577464788732,0.04929577464788732,0.007042253521126761,0.028169014084507043,0.028169014084507043,0.09859154929577464,0.02112676056338028,0.09154929577464789,0.07042253521126761,0.02112676056338028,0.02112676056338028,0.028169014084507043,0.04929577464788732,142
0.041237113402061855,0.030927835051546393,0.05154639175257732,0.020618556701030927,0.07216494845360824,0.030927835051546393,0.020618556701030927,0.061855670103092786,0.020618556701030927,0.030927835051546393,0.07216494845360824,0.05154639175257732,0.08247422680412371,0.030927835051546393,0.061855670103092786,0.061855670103092786,0.030927835051546393,0.041237113402061855,0.10309278350515463,0.08247422680412371,97
0.03125,0.0546875,0.0625,0.03125,0.046875,0.078125,0.0546875,0.0625,0.0390625,0.0390625,0.0546875,0.0546875,0.015625,0.078125,0.0625,0.0859375,0.03125,0.0546875,0.046875,0.015625,128
0.025423728813559324,0.05084745762711865,0.06779661016949153,0.0847457627118644,0.03389830508474576,0.03389830508474576,0.059322033898305086,0.01694915254237288,0.0423728813559322,0.0847457627118644,0.06779661016949153,0.0423728813559322,0.025423728813559324,0.059322033898305086,0.025423728813559324,0.059322033898305086,0.01694915254237288,0.07627118644067797,0.03389830508474576,0.09322033898305085,118
0.06896551724137931,0.05517241379310345,0.034482758620689655,0.034482758620689655,0.020689655172413793,0.05517241379310345,0.04827586206896552,0.04827586206896552,0.034482758620689655,0.041379310344827586,0.06206896551724138,0.027586206896551724,0.06896551724137931,0.04827586206896552,0.07586206896551724,0.07586206896551724,0.05517241379310345,0.04827586206896552,0.04827586206896552,0.04827586206896552,145
0.04929577464788732,0.04929577464788732,0.09154929577464789,0.04225352112676056,0.056338028169014086,0.056338028169014086,0.056338028169014086,0.04225352112676056,0.04225352112676056,0.035211267605633804,0.035211267605633804,0.056338028169014086,0.035211267605633804,0.06338028169014084,0.056338028169014086,0.028169014084507043,0.07746478873239436,0.028169014084507043,0.04929577464788732,0.04929577464788732,142
0.10576923076923077,0.057692307692307696,0.019230769230769232,0.038461538461538464,0.07692307692307693,0.08653846153846154,0.038461538461538464,0.04807692307692308,0.0673076923076923,0.057692307692307696,0.0,0.057692307692307696,0.028846153846153848,0.038461538461538464,0.019230769230769232,0.04807692307692308,0.057692307692307696,0.04807692307692308,0.0673076923076923,0.038461538461538464,104
0.049019607843137254,0.0392156862745098,0.06862745098039216,0.029411764705882353,0.08823529411764706,0.00980392156862745,0.06862745098039216,0.0784313725490196,0.049019607843137254,0.0392156862745098,0.0392156862745098,0.058823529411764705,0.029411764705882353,0.0392156862745098,0.029411764705882353,0.0392156862745098,0.029411764705882353,0.08823529411764706,0.06862745098039216,0.058823529411764705,102
0.07272727272727272,0.05454545454545454,0.07272727272727272,0.045454545454545456,0.045454545454545456,0.05454545454545454,0.05454545454545454,0.02727272727272727,0.07272727272727272,0.07272727272727272,0.09090909090909091,0.01818181818181818,0.03636363636363636,0.05454545454545454,0.05454545454545454,0.03636363636363636,0.05454545454545454,0.00909090909090909,0.03636363636363636,0.03636363636363636,110
0.0392156862745098,0.058823529411764705,0.06862745098039216,0.058823529411764705,0.0392156862745098,0.0392156862745098,0.049019607843137254,0.058823529411764705,0.058823529411764705,0.049019607843137254,0.0392156862745098,0.0392156862745098,0.029411764705882353,0.049019607843137254,0.0784313725490196,0.049019607843137254,0.049019607843137254,0.0784313725490196,0.0392156862745098,0.029411764705882353,102
0.0782608695652174,0.043478260869565216,0.043478260869565216,0.034782608695652174,0.06086956521739131,0.08695652173913043,0.05217391304347826,0.043478260869565216,0.043478260869565216,0.034782608695652174,0.034782608695652174,0.043478260869565216,0.06956521739130435,0.034782608695652174,0.05217391304347826,0.02608695652173913,0.043478260869565216,0.043478260869565216,0.06956521739130435,0.06086956521739131,115
0.04132231404958678,0.024793388429752067,0.06611570247933884,0.03305785123966942,0.04132231404958678,0.09090909090909091,0.06611570247933884,0.03305785123966942,0.06611570247933884,0.06611570247933884,0.05785123966942149,0.05785123966942149,0.05785123966942149,0.05785123966942149,0.04132231404958678,0.03305785123966942,0.04132231404958678,0.049586776859504134,0.04132231404958678,0.03305785123966942,121
0.05084745762711865,0.05084745762711865,0.09322033898305085,0.0847457627118644,0.05084745762711865,0.0423728813559322,0.05084745762711865,0.0423728813559322,0.07627118644067797,0.059322033898305086,0.059322033898305086,0.00847457627118644,0.03389830508474576,0.09322033898305085,0.03389830508474576,0.01694915254237288,0.0423728813559322,0.025423728813559324,0.03389830508474576,0.05084745762711865,118
0.0392156862745098,0.0392156862745098,0.058823529411764705,0.029411764705882353,0.0196078431372549,0.0784313725490196,0.049019607843137254,0.029411764705882353,0.0392156862745098,0.029411764705882353,0.049019607843137254,0.058823529411764705,0.058823529411764705,0.058823529411764705,0.029411764705882353,0.06862745098039216,0.08823529411764706,0.0392156862745098,0.0392156862745098,0.09803921568627451,102
0.031578947368421054,0.05263157894736842,0.06315789473684211,0.042105263157894736,0.031578947368421054,0.021052631578947368,0.05263157894736842,0.08421052631578947,0.042105263157894736,0.05263157894736842,0.05263157894736842,0.06315789473684211,0.06315789473684211,0.05263157894736842,0.05263157894736842,0.042105263157894736,0.06315789473684211,0.05263157894736842,0.06315789473684211,0.021052631578947368,95
0.03937007874015748,0.023622047244094488,0.023622047244094488,0.023622047244094488,0.047244094488188976,0.031496062992125984,0.03937007874015748,0.07086614173228346,0.07874015748031496,0.07086614173228346,0.03937007874015748,0.05511811023622047,0.08661417322834646,0.05511811023622047,0.06299212598425197,0.047244094488188976,0.031496062992125984,0.05511811023622047,0.03937007874015748,0.07874015748031496,127
0.08771929824561403,0.07017543859649122,0.03508771929824561,0.09649122807017543,0.043859649122807015,0.02631578947368421,0.043859649122807015,0.03508771929824561,0.07894736842105263,0.043859649122807015,0.043859649122807015,0.0,0.02631578947368421,0.05263157894736842,0.05263157894736842,0.043859649122807015,0.06140350877192982,0.03508771929824561,0.08771929824561403,0.03508771929824561,114
0.04285714285714286,0.07857142857142857,0.07142857142857142,0.06428571428571428,0.02857142857142857,0.03571428571428571,0.03571428571428571,0.07142857142857142,0.05,0.03571428571428571,0.014285714285714285,0.07142857142857142,0.04285714285714286,0.04285714285714286,0.07857142857142857,0.02857142857142857,0.04285714285714286,0.02857142857142857,0.04285714285714286,0.09285714285714286,140
0.051094890510948905,0.0364963503649635,0.029197080291970802,0.043795620437956206,0.051094890510948905,0.043795620437956206,0.0364963503649635,0.0364963503649635,0.06569343065693431,0.058394160583941604,0.06569343065693431,0.029197080291970802,0.08759124087591241,0.08029197080291971,0.043795620437956206,0.06569343065693431,0.029197080291970802,0.029197080291970802,0.08029197080291971,0.0364963503649635,137
0.011111111111111112,0.1,0.022222222222222223,0.06666666666666667,0.06666666666666667,0.022222222222222223,0.044444444444444446,0.03333333333333333,0.022222222222222223,0.05555555555555555,0.044444444444444446,0.06666666666666667,0.07777777777777778,0.044444444444444446,0.1,0.06666666666666667,0.022222222222222223,0.03333333333333333,0.044444444444444446,0.05555555555555555,90
0.031914893617021274,0.05319148936170213,0.031914893617021274,0.06382978723404255,0.031914893617021274,0.02127659574468085,0.0,0.07446808510638298,0.06382978723404255,0.0851063829787234,0.0425531914893617,0.0425531914893617,0.02127659574468085,0.031914893617021274,0.0851063829787234,0.07446808510638298,0.05319148936170213,0.05319148936170213,0.06382978723404255,0.07446808510638298,94
0.0684931506849315,0.07534246575342465,0.02054794520547945,0.0273972602739726,0.0410958904109589,0.02054794520547945,0.0684931506849315,0.08904109589041095,0.0410958904109589,0.0684931506849315,0.0410958904109589,0.0684931506849315,0.07534246575342465,0.02054794520547945,0.04794520547945205,0.02054794520547945,0.07534246575342465,0.07534246575342465,0.03424657534246575,0.02054794520547945,146
0.04032258064516129,0.04838709677419355,0.024193548387096774,0.03225806451612903,0.03225806451612903,0.06451612903225806,0.04032258064516129,0.08064516129032258,0.07258064516129033,0.04032258064516129,0.04838709677419355,0.008064516129032258,0.056451612903225805,0.024193548387096774,0.056451612903225805,0.04032258064516129,0.056451612903225805,0.10483870967741936,0.06451612903225806,0.06451612903225806,124
0.058823529411764705,0.058823529411764705,0.07352941176470588,0.04411764705882353,0.051470588235294115,0.051470588235294115,0.03676470588235294,0.04411764705882353,0.051470588235294115,0.03676470588235294,0.029411764705882353,0.051470588235294115,0.058823529411764705,0.058823529411764705,0.014705882352941176,0.08823529411764706,0.051470588235294115,0.07352941176470588,0.04411764705882353,0.022058823529411766,136
0.02040816326530612,0.05102040816326531,0.04081632653061224,0.09183673469387756,0.05102040816326531,0.04081632653061224,0.04081632653061224,0.05102040816326531,0.030612244897959183,0.04081632653061224,0.04081632653061224,0.061224489795918366,0.061224489795918366,0.05102040816326531,0.030612244897959183,0.05102040816326531,0.05102040816326531,0.04081632653061224,0.07142857142857142,0.08163265306122448,98
0.02564102564102564,0.05982905982905983,0.05982905982905983,0.03418803418803419,0.05982905982905983,0.05982905982905983,0.042735042735042736,0.05982905982905983,0.07692307692307693,0.05982905982905983,0.03418803418803419,0.02564102564102564,0.07692307692307693,0.05982905982905983,0.02564102564102564,0.06837606837606838,0.042735042735042736,0.03418803418803419,0.042735042735042736,0.05128205128205128,117
0.046296296296296294,0.037037037037037035,0.027777777777777776,0.027777777777777776,0.018518518518518517,0.05555555555555555,0.046296296296296294,0.037037037037037035,0.10185185185185185,0.09259259259259259,0.08333333333333333,0.018518518518518517,0.046296296296296294,0.0,0.046296296296296294,0.046296296296296294,0.06481481481481481,0.07407407407407407,0.09259259259259259,0.037037037037037035,108
0.0684931506849315,0.04794520547945205,0.0547945205479452,0.0136986301369863,0.0410958904109589,0.07534246575342465,0.06164383561643835,0.04794520547945205,0.06164383561643835,0.0410958904109589,0.06164383561643835,0.0547945205479452,0.04794520547945205,0.02054794520547945,0.04794520547945205,0.0547945205479452,0.0547945205479452,0.0547945205479452,0.02054794520547945,0.0684931506849315,146
0.02912621359223301,0.06796116504854369,0.04854368932038835,0.038834951456310676,0.038834951456310676,0.05825242718446602,0.02912621359223301,0.038834951456310676,0.04854368932038835,0.04854368932038835,0.05825242718446602,0.06796116504854369,0.04854368932038835,0.06796116504854369,0.08737864077669903,0.038834951456310676,0.038834951456310676,0.038834951456310676,0.05825242718446602,0.04854368932038835,103
0.03076923076923077,0.023076923076923078,0.038461538461538464,0.05384615384615385,0.046153846153846156,0.038461538461538464,0.05384615384615385,0.06923076923076923,0.046153846153846156,0.06153846153846154,0.08461538461538462,0.05384615384615385,0.05384615384615385,0.07692307692307693,0.038461538461538464,0.023076923076923078,0.07692307692307693,0.03076923076923077,0.05384615384615385,0.046153846153846156,130
0.05,0.06,0.03,0.04,0.09,0.0,0.03,0.04,0.05,0.03,0.1,0.03,0.07,0.06,0.07,0.02,0.05,0.06,0.07,0.05,100
0.03508771929824561,0.02631578947368421,0.03508771929824561,0.03508771929824561,0.05263157894736842,0.07894736842105263,0.043859649122807015,0.06140350877192982,0.08771929824561403,0.03508771929824561,0.03508771929824561,0.07017543859649122,0.05263157894736842,0.07017543859649122,0.07894736842105263,0.043859649122807015,0.043859649122807015,0.017543859649122806,0.03508771929824561,0.06140350877192982,114
0.060810810810810814,0.04054054054054054,0.060810810810810814,0.033783783783783786,0.06756756756756757,0.0472972972972973,0.013513513513513514,0.05405405405405406,0.04054054054054054,0.05405405405405406,0.060810810810810814,0.08108108108108109,0.04054054054054054,0.033783783783783786,0.05405405405405406,0.060810810810810814,0.0472972972972973,0.0472972972972973,0.05405405405405406,0.0472972972972973,148
0.04861111111111111,0.027777777777777776,0.04861111111111111,0.034722222222222224,0.10416666666666667,0.041666666666666664,0.04861111111111111,0.020833333333333332,0.05555555555555555,0.041666666666666664,0.041666666666666664,0.04861111111111111,0.05555555555555555,0.041666666666666664,0.0625,0.0625,0.04861111111111111,0.06944444444444445,0.034722222222222224,0.0625,144
0.05434782608695652,0.06521739130434782,0.03260869565217391,0.021739130434782608,0.06521739130434782,0.08695652173913043,0.08695652173913043,0.043478260869565216,0.043478260869565216,0.03260869565217391,0.08695652173913043,0.021739130434782608,0.021739130434782608,0.043478260869565216,0.05434782608695652,0.09782608695652174,0.043478260869565216,0.03260869565217391,0.03260869565217391,0.03260869565217391,92
0.04411764705882353,0.0661764705882353,0.029411764705882353,0.0661764705882353,0.0661764705882353,0.0661764705882353,0.04411764705882353,0.04411764705882353,0.051470588235294115,0.029411764705882353,0.04411764705882353,0.029411764705882353,0.029411764705882353,0.058823529411764705,0.04411764705882353,0.058823529411764705,0.08823529411764706,0.0661764705882353,0.04411764705882353,0.029411764705882353,136
0.09090909090909091,0.05454545454545454,0.08181818181818182,0.045454545454545456,0.03636363636363636,0.01818181818181818,0.02727272727272727,0.03636363636363636,0.02727272727272727,0.08181818181818182,0.05454545454545454,0.08181818181818182,0.02727272727272727,0.02727272727272727,0.045454545454545456,0.06363636363636363,0.05454545454545454,0.045454545454545456,0.045454545454545456,0.05454545454545454,110
0.04878048780487805,0.036585365853658534,0.04878048780487805,0.036585365853658534,0.036585365853658534,0.08536585365853659,0.024390243902439025,0.08536585365853659,0.036585365853658534,0.07317073170731707,0.036585365853658534,0.036585365853658534,0.036585365853658534,0.024390243902439025,0.07317073170731707,0.07317073170731707,0.04878048780487805,0.024390243902439025,0.10975609756097561,0.024390243902439025,82
0.05384615384615385,0.03076923076923077,0.023076923076923078,0.03076923076923077,0.023076923076923078,0.05384615384615385,0.046153846153846156,0.03076923076923077,0.03076923076923077,0.023076923076923078,0.07692307692307693,0.038461538461538464,0.03076923076923077,0.06923076923076923,0.09230769230769231,0.06923076923076923,0.046153846153846156,0.07692307692307693,0.06153846153846154,0.09230769230769231,130
0.02962962962962963,0.05185185185185185,0.05185185185185185,0.037037037037037035,0.05925925925925926,0.1037037037037037,0.07407407407407407,0.044444444444444446,0.037037037037037035,0.044444444444444446,0.037037037037037035,0.02962962962962963,0.05185185185185185,0.05185185185185185,0.02962962962962963,0.08148148148148149,0.05185185185185185,0.037037037037037035,0.044444444444444446,0.05185185185185185,135
0.03937007874015748,0.031496062992125984,0.05511811023622047,0.07086614173228346,0.05511811023622047,0.03937007874015748,0.07086614173228346,0.047244094488188976,0.03937007874015748,0.023622047244094488,0.047244094488188976,0.031496062992125984,0.05511811023622047,0.03937007874015748,0.06299212598425197,0.07874015748031496,0.06299212598425197,0.015748031496062992,0.08661417322834646,0.047244094488188976,127
0.05309734513274336,0.08849557522123894,0.017699115044247787,0.035398230088495575,0.04424778761061947,0.07964601769911504,0.07964601769911504,0.07079646017699115,0.061946902654867256,0.05309734513274336,0.035398230088495575,0.02654867256637168,0.02654867256637168,0.05309734513274336,0.061946902654867256,0.02654867256637168,0.035398230088495575,0.07079646017699115,0.04424778761061947,0.035398230088495575,113
0.06956521739130435,0.034782608695652174,0.008695652173913044,0.10434782608695652,0.10434782608695652,0.02608695652173913,0.05217391304347826,0.05217391304347826,0.05217391304347826,0.02608695652173913,0.06086956521739131,0.034782608695652174,0.05217391304347826,0.02608695652173913,0.06086956521739131,0.043478260869565216,0.02608695652173913,0.06086956521739131,0.02608695652173913,0.0782608695652174,115
0.019801980198019802,0.06930693069306931,0.0594059405940594,0.0594059405940594,0.0594059405940594,0.039603960396039604,0.07920792079207921,0.0594059405940594,0.04950495049504951,0.07920792079207921,0.04950495049504951,0.0594059405940594,0.039603960396039604,0.039603960396039604,0.019801980198019802,0.0297029702970297,0.039603960396039604,0.019801980198019802,0.06930693069306931,0.0594059405940594,101
0.07058823529411765,0.047058823529411764,0.058823529411764705,0.03529411764705882,0.047058823529411764,0.058823529411764705,0.08235294117647059,0.011764705882352941,0.03529411764705882,0.047058823529411764,0.10588235294117647,0.058823529411764705,0.023529411764705882,0.03529411764705882,0.03529411764705882,0.07058823529411765,0.047058823529411764,0.011764705882352941,0.058823529411764705,0.058823529411764705,85
0.014598540145985401,0.043795620437956206,0.08029197080291971,0.043795620437956206,0.06569343065693431,0.029197080291970802,0.029197080291970802,0.08029197080291971,0.029197080291970802,0.029197080291970802,0.06569343065693431,0.06569343065693431,0.043795620437956206,0.043795620437956206,0.08029197080291971,0.043795620437956206,0.051094890510948905,0.043795620437956206,0.051094890510948905,0.06569343065693431,137
0.03225806451612903,0.04838709677419355,0.04838709677419355,0.056451612903225805,0.06451612903225806,0.04032258064516129,0.04838709677419355,0.04838709677419355,0.056451612903225805,0.056451612903225805,0.04032258064516129,0.04032258064516129,0.08064516129032258,0.024193548387096774,0.0967741935483871,0.024193548387096774,0.04838709677419355,0.024193548387096774,0.06451612903225806,0.056451612903225805,124
0.043010752688172046,0.03225806451612903,0.053763440860215055,0.03225806451612903,0.06451612903225806,0.03225806451612903,0.03225806451612903,0.043010752688172046,0.08602150537634409,0.021505376344086023,0.06451612903225806,0.06451612903225806,0.053763440860215055,0.053763440860215055,0.03225806451612903,0.11827956989247312,0.043010752688172046,0.03225806451612903,0.08602150537634409,0.010752688172043012,93
0.06593406593406594,0.054945054945054944,0.03296703296703297,0.07692307692307693,0.054945054945054944,0.054945054945054944,0.08791208791208792,0.03296703296703297,0.02197802197802198,0.054945054945054944,0.04395604395604396,0.07692307692307693,0.07692307692307693,0.03296703296703297,0.03296703296703297,0.03296703296703297,0.03296703296703297,0.04395604395604396,0.04395604395604396,0.04395604395604396,91
0.047619047619047616,0.0761904761904762,0.047619047619047616,0.02857142857142857,0.0380952380952381,0.01904761904761905,0.08571428571428572,0.0380952380952381,0.01904761904761905,0.06666666666666667,0.0380952380952381,0.0761904761904762,0.0380952380952381,0.047619047619047616,0.0761904761904762,0.047619047619047616,0.01904761904761905,0.0761904761904762,0.05714285714285714,0.05714285714285714,105
0.07692307692307693,0.027972027972027972,0.04895104895104895,0.06293706293706294,0.027972027972027972,0.0979020979020979,0.06293706293706294,0.04195804195804196,0.04195804195804196,0.04195804195804196,0.04895104895104895,0.055944055944055944,0.04195804195804196,0.055944055944055944,0.027972027972027972,0.04195804195804196,0.06293706293706294,0.04895104895104895,0.06293706293706294,0.02097902097902098,143
0.02097902097902098,0.07692307692307693,0.02097902097902098,0.09090909090909091,0.06993006993006994,0.04895104895104895,0.06293706293706294,0.06993006993006994,0.03496503496503497,0.02097902097902098,0.04895104895104895,0.0979020979020979,0.03496503496503497,0.027972027972027972,0.04895104895104895,0.055944055944055944,0.027972027972027972,0.04195804195804196,0.04895104895104895,0.04895104895104895,143
0.09782608695652174,0.08695652173913043,0.05434782608695652,0.021739130434782608,0.043478260869565216,0.05434782608695652,0.010869565217391304,0.09782608695652174,0.05434782608695652,0.03260869565217391,0.05434782608695652,0.05434782608695652,0.09782608695652174,0.021739130434782608,0.03260869565217391,0.010869565217391304,0.07608695652173914,0.010869565217391304,0.07608695652173914,0.010869565217391304,92
0.06818181818181818,0.022727272727272728,0.045454545454545456,0.03409090909090909,0.06818181818181818,0.07954545454545454,0.06818181818181818,0.056818181818181816,0.045454545454545456,0.03409090909090909,0.045454545454545456,0.03409090909090909,0.045454545454545456,0.056818181818181816,0.045454545454545456,0.06818181818181818,0.022727272727272728,0.07954545454545454,0.011363636363636364,0.06818181818181818,88
0.031007751937984496,0.05426356589147287,0.031007751937984496,0.08527131782945736,0.03875968992248062,0.05426356589147287,0.031007751937984496,0.05426356589147287,0.05426356589147287,0.05426356589147287,0.06976744186046512,0.05426356589147287,0.06201550387596899,0.046511627906976744,0.031007751937984496,0.046511627906976744,0.06976744186046512,0.023255813953488372,0.03875968992248062,0.06976744186046512,129
0.04424778761061947,0.061946902654867256,0.061946902654867256,0.035398230088495575,0.035398230088495575,0.07964601769911504,0.035398230088495575,0.05309734513274336,0.008849557522123894,0.061946902654867256,0.061946902654867256,0.08849557522123894,0.05309734513274336,0.05309734513274336,0.07079646017699115,0.05309734513274336,0.035398230088495575,0.0,0.061946902654867256,0.04424778761061947,113
0.031496062992125984,0.015748031496062992,0.031496062992125984,0.031496062992125984,0.07874015748031496,0.031496062992125984,0.047244094488188976,0.06299212598425197,0.015748031496062992,0.03937007874015748,0.05511811023622047,0.06299212598425197,0.05511811023622047,0.07086614173228346,0.047244094488188976,0.03937007874015748,0.09448818897637795,0.047244094488188976,0.07086614173228346,0.07086614173228346,127
0.08536585365853659,0.07317073170731707,0.04878048780487805,0.08536585365853659,0.024390243902439025,0.06097560975609756,0.06097560975609756,0.04878048780487805,0.036585365853658534,0.012195121951219513,0.036585365853658534,0.06097560975609756,0.036585365853658534,0.06097560975609756,0.024390243902439025,0.07317073170731707,0.036585365853658534,0.06097560975609756,0.06097560975609756,0.012195121951219513,82
0.06666666666666667,0.011111111111111112,0.044444444444444446,0.022222222222222223,0.08888888888888889,0.08888888888888889,0.07777777777777778,0.07777777777777778,0.0,0.044444444444444446,0.03333333333333333,0.03333333333333333,0.05555555555555555,0.05555555555555555,0.03333333333333333,0.05555555555555555,0.05555555555555555,0.03333333333333333,0.05555555555555555,0.06666666666666667,90
0.05755395683453238,0.03597122302158273,0.05755395683453238,0.08633093525179857,0.050359712230215826,0.02877697841726619,0.05755395683453238,0.03597122302158273,0.05755395683453238,0.03597122302158273,0.05755395683453238,0.03597122302158273,0.05755395683453238,0.05755395683453238,0.014388489208633094,0.02158273381294964,0.05755395683453238,0.07194244604316546,0.04316546762589928,0.07913669064748201,139
0.0945945945945946,0.013513513513513514,0.033783783783783786,0.08108108108108109,0.0472972972972973,0.04054054054054054,0.0472972972972973,0.033783783783783786,0.02702702702702703,0.0472972972972973,0.0472972972972973,0.05405405405405406,0.04054054054054054,0.0472972972972973,0.033783783783783786,0.05405405405405406,0.07432432432432433,0.08108108108108109,0.04054054054054054,0.060810810810810814,148
0.031496062992125984,0.05511811023622047,0.06299212598425197,0.031496062992125984,0.05511811023622047,0.05511811023622047,0.07874015748031496,0.031496062992125984,0.007874015748031496,0.06299212598425197,0.05511811023622047,0.015748031496062992,0.047244094488188976,0.047244094488188976,0.07874015748031496,0.08661417322834646,0.03937007874015748,0.03937007874015748,0.05511811023622047,0.06299212598425197,127
0.0784313725490196,0.0392156862745098,0.049019607843137254,0.0784313725490196,0.0392156862745098,0.058823529411764705,0.0392156862745098,0.0784313725490196,0.06862745098039216,0.058823529411764705,0.0392156862745098,0.049019607843137254,0.0196078431372549,0.049019607843137254,0.0392156862745098,0.0392156862745098,0.049019607843137254,0.029411764705882353,0.0392156862745098,0.058823529411764705,102
0.06086956521739131,0.02608695652173913,0.06956521739130435,0.06956521739130435,0.06956521739130435,0.043478260869565216,0.06956521739130435,0.05217391304347826,0.06956521739130435,0.043478260869565216,0.043478260869565216,0.034782608695652174,0.034782608695652174,0.02608695652173913,0.02608695652173913,0.06086956521739131,0.06956521739130435,0.043478260869565216,0.034782608695652174,0.05217391304347826,115
0.049019607843137254,0.029411764705882353,0.049019607843137254,0.0392156862745098,0.058823529411764705,0.0392156862745098,0.0392156862745098,0.058823529411764705,0.08823529411764706,0.049019607843137254,0.058823529411764705,0.0784313725490196,0.00980392156862745,0.08823529411764706,0.049019607843137254,0.049019607843137254,0.058823529411764705,0.0196078431372549,0.029411764705882353,0.058823529411764705,102
0.08333333333333333,0.07142857142857142,0.047619047619047616,0.011904761904761904,0.0,0.03571428571428571,0.07142857142857142,0.07142857142857142,0.07142857142857142,0.047619047619047616,0.03571428571428571,0.011904761904761904,0.047619047619047616,0.05952380952380952,0.08333333333333333,0.023809523809523808,0.023809523809523808,0.05952380952380952,0.07142857142857142,0.07142857142857142,84
0.07272727272727272,0.06363636363636363,0.08181818181818182,0.07272727272727272,0.05454545454545454,0.06363636363636363,0.09090909090909091,0.045454545454545456,0.03636363636363636,0.02727272727272727,0.01818181818181818,0.02727272727272727,0.02727272727272727,0.01818181818181818,0.02727272727272727,0.02727272727272727,0.07272727272727272,0.03636363636363636,0.10909090909090909,0.02727272727272727,110
0.075,0.016666666666666666,0.03333333333333333,0.05,0.03333333333333333,0.05,0.03333333333333333,0.05,0.05,0.041666666666666664,0.025,0.058333333333333334,0.06666666666666667,0.058333333333333334,0.08333333333333333,0.05,0.041666666666666664,0.05,0.058333333333333334,0.075,120
0.06666666666666667,0.06666666666666667,0.03333333333333333,0.06666666666666667,0.06666666666666667,0.044444444444444446,0.022222222222222223,0.06666666666666667,0.05555555555555555,0.08888888888888889,0.011111111111111112,0.011111111111111112,0.06666666666666667,0.03333333333333333,0.03333333333333333,0.06666666666666667,0.06666666666666667,0.044444444444444446,0.022222222222222223,0.06666666666666667,90
0.08333333333333333,0.041666666666666664,0.07291666666666667,0.03125,0.041666666666666664,0.052083333333333336,0.0,0.052083333333333336,0.03125,0.03125,0.0625,0.03125,0.052083333333333336,0.052083333333333336,0.010416666666666666,0.052083333333333336,0.052083333333333336,0.10416666666666667,0.07291666666666667,0.07291666666666667,96
0.06172839506172839,0.06172839506172839,0.06172839506172839,0.024691358024691357,0.04938271604938271,0.04938271604938271,0.04938271604938271,0.06172839506172839,0.08641975308641975,0.037037037037037035,0.04938271604938271,0.037037037037037035,0.04938271604938271,0.04938271604938271,0.024691358024691357,0.024691358024691357,0.06172839506172839,0.037037037037037035,0.07407407407407407,0.04938271604938271,81
0.034013605442176874,0.027210884353741496,0.04081632653061224,0.05442176870748299,0.013605442176870748,0.061224489795918366,0.06802721088435375,0.06802721088435375,0.034013605442176874,0.08163265306122448,0.04081632653061224,0.061224489795918366,0.04081632653061224,0.061224489795918366,0.05442176870748299,0.06802721088435375,0.061224489795918366,0.034013605442176874,0.047619047619047616,0.047619047619047616,147
0.06097560975609756,0.08536585365853659,0.08536585365853659,0.036585365853658534,0.024390243902439025,0.04878048780487805,0.024390243902439025,0.08536585365853659,0.0975609756097561,0.04878048780487805,0.024390243902439025,0.04878048780487805,0.024390243902439025,0.024390243902439025,0.024390243902439025,0.07317073170731707,0.024390243902439025,0.024390243902439025,0.07317073170731707,0.06097560975609756,82
0.06140350877192982,0.043859649122807015,0.06140350877192982,0.03508771929824561,0.02631578947368421,0.07017543859649122,0.06140350877192982,0.03508771929824561,0.05263157894736842,0.05263157894736842,0.03508771929824561,0.05263157894736842,0.043859649122807015,0.07894736842105263,0.06140350877192982,0.043859649122807015,0.043859649122807015,0.02631578947368421,0.07017543859649122,0.043859649122807015,114
0.047058823529411764,0.023529411764705882,0.047058823529411764,0.058823529411764705,0.058823529411764705,0.058823529411764705,0.07058823529411765,0.023529411764705882,0.07058823529411765,0.023529411764705882,0.058823529411764705,0.011764705882352941,0.09411764705882353,0.07058823529411765,0.023529411764705882,0.058823529411764705,0.047058823529411764,0.09411764705882353,0.023529411764705882,0.03529411764705882,85
0.0425531914893617,0.07446808510638298,0.05319148936170213,0.09574468085106383,0.06382978723404255,0.06382978723404255,0.05319148936170213,0.02127659574468085,0.0425531914893617,0.05319148936170213,0.031914893617021274,0.06382978723404255,0.031914893617021274,0.0425531914893617,0.02127659574468085,0.05319148936170213,0.06382978723404255,0.0851063829787234,0.031914893617021274,0.010638297872340425,94
0.06382978723404255,0.02127659574468085,0.09574468085106383,0.07446808510638298,0.06382978723404255,0.031914893617021274,0.031914893617021274,0.010638297872340425,0.06382978723404255,0.07446808510638298,0.07446808510638298,0.0851063829787234,0.031914893617021274,0.031914893617021274,0.031914893617021274,0.02127659574468085,0.05319148936170213,0.0425531914893617,0.0425531914893617,0.05319148936170213,94
0.026845637583892617,0.013422818791946308,0.06711409395973154,0.06040268456375839,0.040268456375838924,0.08053691275167785,0.040268456375838924,0.04697986577181208,0.053691275167785234,0.020134228187919462,0.053691275167785234,0.040268456375838924,0.03355704697986577,0.06040268456375839,0.053691275167785234,0.053691275167785234,0.053691275167785234,0.0738255033557047,0.053691275167785234,0.0738255033557047,149
0.04597701149425287,0.034482758620689655,0.034482758620689655,0.034482758620689655,0.034482758620689655,0.034482758620689655,0.0,0.06896551724137931,0.022988505747126436,0.08045977011494253,0.08045977011494253,0.06896551724137931,0.011494252873563218,0.022988505747126436,0.08045977011494253,0.09195402298850575,0.09195402298850575,0.04597701149425287,0.04597701149425287,0.06896551724137931,87
0.051470588235294115,0.0661764705882353,0.07352941176470588,0.04411764705882353,0.03676470588235294,0.0661764705882353,0.051470588235294115,0.051470588235294115,0.03676470588235294,0.029411764705882353,0.022058823529411766,0.07352941176470588,0.04411764705882353,0.07352941176470588,0.022058823529411766,0.022058823529411766,0.07352941176470588,0.029411764705882353,0.051470588235294115,0.08088235294117647,136
0.019417475728155338,0.06796116504854369,0.038834951456310676,0.06796116504854369,0.06796116504854369,0.038834951456310676,0.07766990291262135,0.05825242718446602,0.04854368932038835,0.07766990291262135,0.038834951456310676,0.02912621359223301,0.019417475728155338,0.05825242718446602,0.0970873786407767,0.04854368932038835,0.02912621359223301,0.02912621359223301,0.02912621359223301,0.05825242718446602,103
0.09375,0.052083333333333336,0.041666666666666664,0.03125,0.020833333333333332,0.052083333333333336,0.041666666666666664,0.03125,0.03125,0.0625,0.03125,0.052083333333333336,0.07291666666666667,0.0625,0.052083333333333336,0.041666666666666664,0.07291666666666667,0.041666666666666664,0.03125,0.08333333333333333,96
0.05319148936170213,0.07446808510638298,0.09574468085106383,0.05319148936170213,0.02127659574468085,0.031914893617021274,0.0851063829787234,0.05319148936170213,0.09574468085106383,0.0425531914893617,0.02127659574468085,0.05319148936170213,0.06382978723404255,0.06382978723404255,0.031914893617021274,0.031914893617021274,0.05319148936170213,0.02127659574468085,0.031914893617021274,0.02127659574468085,94
0.04054054054054054,0.04054054054054054,0.0472972972972973,0.033783783783783786,0.0472972972972973,0.02027027027027027,0.05405405405405406,0.060810810810810814,0.05405405405405406,0.02702702702702703,0.08108108108108109,0.08783783783783784,0.02702702702702703,0.06756756756756757,0.033783783783783786,0.04054054054054054,0.060810810810810814,0.0472972972972973,0.10135135135135136,0.02702702702702703,148
0.08695652173913043,0.043478260869565216,0.028985507246376812,0.07246376811594203,0.028985507246376812,0.050724637681159424,0.057971014492753624,0.057971014492753624,0.036231884057971016,0.057971014492753624,0.050724637681159424,0.036231884057971016,0.028985507246376812,0.043478260869565216,0.028985507246376812,0.07246376811594203,0.057971014492753624,0.06521739130434782,0.050724637681159424,0.043478260869565216,138
0.06140350877192982,0.05263157894736842,0.043859649122807015,0.02631578947368421,0.07894736842105263,0.043859649122807015,0.06140350877192982,0.02631578947368421,0.043859649122807015,0.08771929824561403,0.043859649122807015,0.06140350877192982,0.07017543859649122,0.06140350877192982,0.05263157894736842,0.05263157894736842,0.03508771929824561,0.043859649122807015,0.02631578947368421,0.02631578947368421,114
0.06716417910447761,0.04477611940298507,0.06716417910447761,0.05223880597014925,0.03731343283582089,0.04477611940298507,0.05970149253731343,0.04477611940298507,0.06716417910447761,0.06716417910447761,0.07462686567164178,0.022388059701492536,0.05970149253731343,0.04477611940298507,0.05223880597014925,0.04477611940298507,0.04477611940298507,0.04477611940298507,0.022388059701492536,0.03731343283582089,134
0.03305785123966942,0.05785123966942149,0.0743801652892562,0.0743801652892562,0.05785123966942149,0.04132231404958678,0.04132231404958678,0.01652892561983471,0.049586776859504134,0.05785123966942149,0.06611570247933884,0.04132231404958678,0.01652892561983471,0.04132231404958678,0.04132231404958678,0.08264462809917356,0.049586776859504134,0.04132231404958678,0.05785123966942149,0.05785123966942149,121
0.05952380952380952,0.03571428571428571,0.03571428571428571,0.05952380952380952,0.05952380952380952,0.03571428571428571,0.023809523809523808,0.08333333333333333,0.09523809523809523,0.05952380952380952,0.011904761904761904,0.023809523809523808,0.03571428571428571,0.047619047619047616,0.05952380952380952,0.047619047619047616,0.05952380952380952,0.07142857142857142,0.08333333333333333,0.011904761904761904,84
0.033707865168539325,0.0449438202247191,0.0898876404494382,0.02247191011235955,0.02247191011235955,0.0449438202247191,0.033707865168539325,0.02247191011235955,0.033707865168539325,0.056179775280898875,0.0898876404494382,0.06741573033707865,0.0898876404494382,0.056179775280898875,0.0449438202247191,0.06741573033707865,0.0449438202247191,0.02247191011235955,0.033707865168539325,0.07865168539325842,89
0.08045977011494253,0.06896551724137931,0.06896551724137931,0.011494252873563218,0.06896551724137931,0.034482758620689655,0.05747126436781609,0.022988505747126436,0.022988505747126436,0.08045977011494253,0.06896551724137931,0.011494252873563218,0.08045977011494253,0.011494252873563218,0.022988505747126436,0.09195402298850575,0.06896551724137931,0.04597701149425287,0.05747126436781609,0.022988505747126436,87
0.07462686567164178,0.05223880597014925,0.05970149253731343,0.05223880597014925,0.014925373134328358,0.06716417910447761,0.05970149253731343,0.022388059701492536,0.06716417910447761,0.03731343283582089,0.022388059701492536,0.029850746268656716,0.05970149253731343,0.05223880597014925,0.06716417910447761,0.03731343283582089,0.05970149253731343,0.029850746268656716,0.06716417910447761,0.06716417910447761,134
0.017094017094017096,0.05128205128205128,0.02564102564102564,0.05982905982905983,0.03418803418803419,0.07692307692307693,0.042735042735042736,0.07692307692307693,0.05982905982905983,0.06837606837606838,0.05128205128205128,0.03418803418803419,0.03418803418803419,0.08547008547008547,0.03418803418803419,0.042735042735042736,0.03418803418803419,0.08547008547008547,0.02564102564102564,0.05982905982905983,117
0.03260869565217391,0.05434782608695652,0.06521739130434782,0.07608695652173914,0.07608695652173914,0.06521739130434782,0.11956521739130435,0.05434782608695652,0.06521739130434782,0.03260869565217391,0.043478260869565216,0.05434782608695652,0.05434782608695652,0.021739130434782608,0.03260869565217391,0.010869565217391304,0.010869565217391304,0.05434782608695652,0.05434782608695652,0.021739130434782608,92
0.07936507936507936,0.023809523809523808,0.047619047619047616,0.05555555555555555,0.05555555555555555,0.047619047619047616,0.09523809523809523,0.031746031746031744,0.05555555555555555,0.07142857142857142,0.06349206349206349,0.06349206349206349,0.023809523809523808,0.031746031746031744,0.031746031746031744,0.07142857142857142,0.023809523809523808,0.031746031746031744,0.031746031746031744,0.06349206349206349,126
0.04040404040404041,0.10101010101010101,0.050505050505050504,0.06060606060606061,0.0707070707070707,0.04040404040404041,0.050505050505050504,0.050505050505050504,0.04040404040404041,0.020202020202020204,0.0707070707070707,0.050505050505050504,0.06060606060606061,0.0,0.04040404040404041,0.0707070707070707,0.030303030303030304,0.06060606060606061,0.050505050505050504,0.04040404040404041,99
0.07608695652173914,0.03260869565217391,0.05434782608695652,0.03260869565217391,0.06521739130434782,0.043478260869565216,0.10869565217391304,0.07608695652173914,0.021739130434782608,0.09782608695652174,0.010869565217391304,0.021739130434782608,0.05434782608695652,0.08695652173913043,0.021739130434782608,0.07608695652173914,0.05434782608695652,0.010869565217391304,0.03260869565217391,0.021739130434782608,92
0.05343511450381679,0.04580152671755725,0.05343511450381679,0.03816793893129771,0.061068702290076333,0.05343511450381679,0.015267175572519083,0.030534351145038167,0.061068702290076333,0.061068702290076333,0.022900763358778626,0.04580152671755725,0.05343511450381679,0.05343511450381679,0.07633587786259542,0.030534351145038167,0.061068702290076333,0.05343511450381679,0.09923664122137404,0.030534351145038167,131
0.04672897196261682,0.028037383177570093,0.06542056074766354,0.04672897196261682,0.04672897196261682,0.04672897196261682,0.037383177570093455,0.056074766355140186,0.028037383177570093,0.06542056074766354,0.04672897196261682,0.04672897196261682,0.07476635514018691,0.07476635514018691,0.04672897196261682,0.04672897196261682,0.056074766355140186,0.037383177570093455,0.09345794392523364,0.009345794392523364,107
0.042105263157894736,0.021052631578947368,0.05263157894736842,0.06315789473684211,0.0,0.042105263157894736,0.042105263157894736,0.06315789473684211,0.05263157894736842,0.06315789473684211,0.010526315789473684,0.031578947368421054,0.06315789473684211,0.06315789473684211,0.042105263157894736,0.10526315789473684,0.07368421052631578,0.09473684210526316,0.031578947368421054,0.042105263157894736,95
0.014388489208633094,0.07913669064748201,0.04316546762589928,0.02877697841726619,0.07194244604316546,0.07194244604316546,0.02877697841726619,0.03597122302158273,0.050359712230215826,0.07194244604316546,0.02877697841726619,0.04316546762589928,0.04316546762589928,0.02877697841726619,0.02877697841726619,0.11510791366906475,0.04316546762589928,0.02877697841726619,0.10071942446043165,0.04316546762589928,139
0.04950495049504951,0.0297029702970297,0.0891089108910891,0.0297029702970297,0.04950495049504951,0.07920792079207921,0.04950495049504951,0.06930693069306931,0.06930693069306931,0.06930693069306931,0.06930693069306931,0.039603960396039604,0.019801980198019802,0.019801980198019802,0.04950495049504951,0.0594059405940594,0.009900990099009901,0.0594059405940594,0.06930693069306931,0.019801980198019802,101
0.0684931506849315,0.03424657534246575,0.07534246575342465,0.0821917808219178,0.0410958904109589,0.0821917808219178,0.08904109589041095,0.0136986301369863,0.0547945205479452,0.04794520547945205,0.02054794520547945,0.02054794520547945,0.0410958904109589,0.0,0.0547945205479452,0.04794520547945205,0.04794520547945205,0.06164383561643835,0.0684931506849315,0.04794520547945205,146
0.06870229007633588,0.04580152671755725,0.06870229007633588,0.030534351145038167,0.061068702290076333,0.04580152671755725,0.05343511450381679,0.04580152671755725,0.04580152671755725,0.022900763358778626,0.03816793893129771,0.03816793893129771,0.061068702290076333,0.03816793893129771,0.03816793893129771,0.05343511450381679,0.07633587786259542,0.03816793893129771,0.05343511450381679,0.07633587786259542,131
0.06557377049180328,0.07377049180327869,0.040983606557377046,0.03278688524590164,0.06557377049180328,0.02459016393442623,0.08196721311475409,0.05737704918032787,0.040983606557377046,0.04918032786885246,0.00819672131147541,0.040983606557377046,0.04918032786885246,0.06557377049180328,0.02459016393442623,0.05737704918032787,0.07377049180327869,0.07377049180327869,0.04918032786885246,0.02459016393442623,122
0.046875,0.0703125,0.09375,0.03125,0.0390625,0.0234375,0.0625,0.03125,0.0234375,0.03125,0.0703125,0.0234375,0.0390625,0.0546875,0.0546875,0.0625,0.0546875,0.0625,0.046875,0.078125,128
0.05,0.05,0.0375,0.075,0.075,0.0375,0.1,0.0875,0.025,0.025,0.0125,0.075,0.05,0.05,0.025,0.025,0.025,0.0375,0.075,0.0625,80
0.047619047619047616,0.01904761904761905,0.08571428571428572,0.0,0.047619047619047616,0.05714285714285714,0.10476190476190476,0.047619047619047616,0.06666666666666667,0.05714285714285714,0.0761904761904762,0.009523809523809525,0.01904761904761905,0.0380952380952381,0.06666666666666667,0.05714285714285714,0.06666666666666667,0.05714285714285714,0.0761904761904762,0.0,105
0.05405405405405406,0.036036036036036036,0.08108108108108109,0.08108108108108109,0.08108108108108109,0.06306306306306306,0.05405405405405406,0.036036036036036036,0.009009009009009009,0.009009009009009009,0.06306306306306306,0.05405405405405406,0.018018018018018018,0.07207207207207207,0.06306306306306306,0.036036036036036036,0.018018018018018018,0.036036036036036036,0.07207207207207207,0.06306306306306306,111
0.06930693069306931,0.06930693069306931,0.06930693069306931,0.039603960396039604,0.039603960396039604,0.0297029702970297,0.0594059405940594,0.0594059405940594,0.10891089108910891,0.039603960396039604,0.04950495049504951,0.0297029702970297,0.06930693069306931,0.04950495049504951,0.039603960396039604,0.039603960396039604,0.039603960396039604,0.04950495049504951,0.039603960396039604,0.009900990099009901,101
0.06837606837606838,0.017094017094017096,0.05982905982905983,0.042735042735042736,0.06837606837606838,0.07692307692307693,0.05128205128205128,0.042735042735042736,0.02564102564102564,0.02564102564102564,0.05982905982905983,0.042735042735042736,0.08547008547008547,0.05128205128205128,0.02564102564102564,0.05128205128205128,0.017094017094017096,0.08547008547008547,0.05128205128205128,0.05128205128205128,117
0.0,0.045454545454545456,0.03409090909090909,0.03409090909090909,0.056818181818181816,0.11363636363636363,0.056818181818181816,0.06818181818181818,0.045454545454545456,0.045454545454545456,0.045454545454545456,0.06818181818181818,0.056818181818181816,0.045454545454545456,0.03409090909090909,0.022727272727272728,0.03409090909090909,0.045454545454545456,0.07954545454545454,0.06818181818181818,88
0.041666666666666664,0.05555555555555555,0.04861111111111111,0.041666666666666664,0.05555555555555555,0.041666666666666664,0.020833333333333332,0.06944444444444445,0.0763888888888889,0.04861111111111111,0.05555555555555555,0.05555555555555555,0.05555555555555555,0.034722222222222224,0.04861111111111111,0.08333333333333333,0.041666666666666664,0.041666666666666664,0.034722222222222224,0.04861111111111111,144
0.06818181818181818,0.03409090909090909,0.06818181818181818,0.06818181818181818,0.06818181818181818,0.03409090909090909,0.045454545454545456,0.06818181818181818,0.056818181818181816,0.03409090909090909,0.03409090909090909,0.056818181818181816,0.06818181818181818,0.07954545454545454,0.045454545454545456,0.03409090909090909,0.045454545454545456,0.045454545454545456,0.03409090909090909,0.011363636363636364,88
0.042105263157894736,0.042105263157894736,0.1368421052631579,0.06315789473684211,0.07368421052631578,0.021052631578947368,0.031578947368421054,0.042105263157894736,0.042105263157894736,0.06315789473684211,0.06315789473684211,0.06315789473684211,0.06315789473684211,0.021052631578947368,0.010526315789473684,0.05263157894736842,0.031578947368421054,0.010526315789473684,0.07368421052631578,0.05263157894736842,95
0.07865168539325842,0.033707865168539325,0.056179775280898875,0.033707865168539325,0.07865168539325842,0.033707865168539325,0.02247191011235955,0.02247191011235955,0.10112359550561797,0.02247191011235955,0.06741573033707865,0.056179775280898875,0.011235955056179775,0.02247191011235955,0.033707865168539325,0.07865168539325842,0.07865168539325842,0.056179775280898875,0.07865168539325842,0.033707865168539325,89
0.06796116504854369,0.05825242718446602,0.06796116504854369,0.038834951456310676,0.05825242718446602,0.05825242718446602,0.02912621359223301,0.04854368932038835,0.05825242718446602,0.038834951456310676,0.04854368932038835,0.05825242718446602,0.038834951456310676,0.019417475728155338,0.02912621359223301,0.05825242718446602,0.05825242718446602,0.04854368932038835,0.04854368932038835,0.06796116504854369,103
0.0,0.024096385542168676,0.03614457831325301,0.04819277108433735,0.03614457831325301,0.0963855421686747,0.04819277108433735,0.07228915662650602,0.012048192771084338,0.024096385542168676,0.07228915662650602,0.024096385542168676,0.07228915662650602,0.0963855421686747,0.04819277108433735,0.060240963855421686,0.08433734939759036,0.060240963855421686,0.03614457831325301,0.04819277108433735,83
0.046296296296296294,0.08333333333333333,0.05555555555555555,0.046296296296296294,0.027777777777777776,0.018518518518518517,0.046296296296296294,0.07407407407407407,0.037037037037037035,0.046296296296296294,0.06481481481481481,0.07407407407407407,0.05555555555555555,0.037037037037037035,0.08333333333333333,0.06481481481481481,0.046296296296296294,0.027777777777777776,0.037037037037037035,0.027777777777777776,108
0.05952380952380952,0.03571428571428571,0.023809523809523808,0.07142857142857142,0.07142857142857142,0.023809523809523808,0.023809523809523808,0.047619047619047616,0.047619047619047616,0.07142857142857142,0.047619047619047616,0.023809523809523808,0.08333333333333333,0.07142857142857142,0.023809523809523808,0.03571428571428571,0.047619047619047616,0.03571428571428571,0.05952380952380952,0.09523809523809523,84
0.047244094488188976,0.047244094488188976,0.05511811023622047,0.023622047244094488,0.05511811023622047,0.031496062992125984,0.05511811023622047,0.07086614173228346,0.05511811023622047,0.07874015748031496,0.03937007874015748,0.03937007874015748,0.05511811023622047,0.06299212598425197,0.06299212598425197,0.07086614173228346,0.06299212598425197,0.015748031496062992,0.023622047244094488,0.047244094488188976,127
0.03636363636363636,0.045454545454545456,0.03636363636363636,0.045454545454545456,0.1,0.07272727272727272,0.05454545454545454,0.00909090909090909,0.05454545454545454,0.07272727272727272,0.07272727272727272,0.045454545454545456,0.08181818181818182,0.01818181818181818,0.06363636363636363,0.05454545454545454,0.03636363636363636,0.03636363636363636,0.00909090909090909,0.05454545454545454,110
0.05,0.06,0.06,0.04,0.03,0.06,0.05,0.04,0.04,0.07,0.03,0.05,0.05,0.1,0.05,0.02,0.04,0.04,0.03,0.09,100
0.019801980198019802,0.07920792079207921,0.0594059405940594,0.019801980198019802,0.0594059405940594,0.07920792079207921,0.0891089108910891,0.039603960396039604,0.04950495049504951,0.04950495049504951,0.06930693069306931,0.06930693069306931,0.06930693069306931,0.039603960396039604,0.0297029702970297,0.04950495049504951,0.0297029702970297,0.019801980198019802,0.04950495049504951,0.0297029702970297,101
0.08333333333333333,0.08333333333333333,0.06481481481481481,0.05555555555555555,0.05555555555555555,0.05555555555555555,0.009259259259259259,0.027777777777777776,0.07407407407407407,0.046296296296296294,0.06481481481481481,0.027777777777777776,0.05555555555555555,0.027777777777777776,0.027777777777777776,0.046296296296296294,0.046296296296296294,0.037037037037037035,0.05555555555555555,0.05555555555555555,108
0.07407407407407407,0.037037037037037035,0.05555555555555555,0.05555555555555555,0.06481481481481481,0.06481481481481481,0.05555555555555555,0.037037037037037035,0.06481481481481481,0.018518518518518517,0.06481481481481481,0.018518518518518517,0.027777777777777776,0.09259259259259259,0.037037037037037035,0.06481481481481481,0.046296296296296294,0.05555555555555555,0.05555555555555555,0.009259259259259259,108
0.06741573033707865,0.056179775280898875,0.033707865168539325,0.06741573033707865,0.06741573033707865,0.011235955056179775,0.06741573033707865,0.06741573033707865,0.0449438202247191,0.06741573033707865,0.07865168539325842,0.0449438202247191,0.0449438202247191,0.0449438202247191,0.02247191011235955,0.07865168539325842,0.033707865168539325,0.033707865168539325,0.033707865168539325,0.033707865168539325,89
0.02564102564102564,0.05982905982905983,0.03418803418803419,0.02564102564102564,0.05128205128205128,0.06837606837606838,0.042735042735042736,0.06837606837606838,0.05982905982905983,0.03418803418803419,0.03418803418803419,0.03418803418803419,0.10256410256410256,0.05128205128205128,0.08547008547008547,0.05128205128205128,0.042735042735042736,0.06837606837606838,0.042735042735042736,0.017094017094017096,117
0.04477611940298507,0.06716417910447761,0.05223880597014925,0.05970149253731343,0.03731343283582089,0.014925373134328358,0.07462686567164178,0.05970149253731343,0.06716417910447761,0.05223880597014925,0.022388059701492536,0.04477611940298507,0.04477611940298507,0.08955223880597014,0.06716417910447761,0.05223880597014925,0.029850746268656716,0.05223880597014925,0.029850746268656716,0.03731343283582089,134
0.04411764705882353,0.022058823529411766,0.08823529411764706,0.0661764705882353,0.04411764705882353,0.04411764705882353,0.058823529411764705,0.04411764705882353,0.051470588235294115,0.07352941176470588,0.007352941176470588,0.022058823529411766,0.022058823529411766,0.0661764705882353,0.03676470588235294,0.04411764705882353,0.0661764705882353,0.051470588235294115,0.058823529411764705,0.08823529411764706,136
0.034482758620689655,0.06896551724137931,0.034482758620689655,0.04597701149425287,0.05747126436781609,0.04597701149425287,0.08045977011494253,0.034482758620689655,0.04597701149425287,0.034482758620689655,0.022988505747126436,0.05747126436781609,0.04597701149425287,0.05747126436781609,0.06896551724137931,0.05747126436781609,0.034482758620689655,0.011494252873563218,0.09195402298850575,0.06896551724137931,87
0.047619047619047616,0.03571428571428571,0.07142857142857142,0.05952380952380952,0.023809523809523808,0.07142857142857142,0.07142857142857142,0.07142857142857142,0.07142857142857142,0.023809523809523808,0.023809523809523808,0.08333333333333333,0.047619047619047616,0.03571428571428571,0.07142857142857142,0.023809523809523808,0.05952380952380952,0.03571428571428571,0.03571428571428571,0.03571428571428571,84
0.05511811023622047,0.023622047244094488,0.06299212598425197,0.047244094488188976,0.023622047244094488,0.023622047244094488,0.07086614173228346,0.015748031496062992,0.05511811023622047,0.06299212598425197,0.06299212598425197,0.05511811023622047,0.047244094488188976,0.05511811023622047,0.07874015748031496,0.03937007874015748,0.03937007874015748,0.05511811023622047,0.07086614173228346,0.05511811023622047,127
0.04878048780487805,0.06504065040650407,0.04065040650406504,0.04878048780487805,0.016260162601626018,0.016260162601626018,0.056910569105691054,0.04878048780487805,0.04878048780487805,0.032520325203252036,0.12195121951219512,0.032520325203252036,0.04878048780487805,0.04878048780487805,0.08130081300813008,0.032520325203252036,0.032520325203252036,0.0975609756097561,0.056910569105691054,0.024390243902439025,123
0.04132231404958678,0.04132231404958678,0.05785123966942149,0.05785123966942149,0.04132231404958678,0.10743801652892562,0.049586776859504134,0.03305785123966942,0.05785123966942149,0.049586776859504134,0.04132231404958678,0.0743801652892562,0.04132231404958678,0.01652892561983471,0.04132231404958678,0.05785123966942149,0.049586776859504134,0.049586776859504134,0.04132231404958678,0.049586776859504134,121
0.06593406593406594,0.054945054945054944,0.06593406593406594,0.054945054945054944,0.054945054945054944,0.03296703296703297,0.054945054945054944,0.07692307692307693,0.06593406593406594,0.0989010989010989,0.04395604395604396,0.01098901098901099,0.02197802197802198,0.054945054945054944,0.03296703296703297,0.054945054945054944,0.04395604395604396,0.054945054945054944,0.02197802197802198,0.03296703296703297,91
0.1348314606741573,0.056179775280898875,0.06741573033707865,0.0449438202247191,0.0449438202247191,0.0449438202247191,0.0449438202247191,0.033707865168539325,0.0449438202247191,0.033707865168539325,0.02247191011235955,0.056179775280898875,0.0449438202247191,0.033707865168539325,0.06741573033707865,0.02247191011235955,0.056179775280898875,0.06741573033707865,0.02247191011235955,0.056179775280898875,89
0.015267175572519083,0.022900763358778626,0.07633587786259542,0.04580152671755725,0.030534351145038167,0.06870229007633588,0.03816793893129771,0.061068702290076333,0.03816793893129771,0.06870229007633588,0.061068702290076333,0.05343511450381679,0.03816793893129771,0.04580152671755725,0.061068702290076333,0.030534351145038167,0.04580152671755725,0.06870229007633588,0.07633587786259542,0.05343511450381679,131
0.05747126436781609,0.04597701149425287,0.08045977011494253,0.05747126436781609,0.08045977011494253,0.034482758620689655,0.06896551724137931,0.022988505747126436,0.011494252873563218,0.05747126436781609,0.011494252873563218,0.06896551724137931,0.034482758620689655,0.06896551724137931,0.06896551724137931,0.04597701149425287,0.08045977011494253,0.034482758620689655,0.04597701149425287,0.022988505747126436,87
0.031746031746031744,0.031746031746031744,0.031746031746031744,0.031746031746031744,0.05555555555555555,0.047619047619047616,0.047619047619047616,0.03968253968253968,0.05555555555555555,0.047619047619047616,0.07142857142857142,0.031746031746031744,0.10317460317460317,0.047619047619047616,0.031746031746031744,0.07936507936507936,0.05555555555555555,0.047619047619047616,0.047619047619047616,0.06349206349206349,126
0.05357142857142857,0.03571428571428571,0.0625,0.05357142857142857,0.017857142857142856,0.05357142857142857,0.09821428571428571,0.05357142857142857,0.044642857142857144,0.017857142857142856,0.05357142857142857,0.09821428571428571,0.044642857142857144,0.026785714285714284,0.05357142857142857,0.03571428571428571,0.044642857142857144,0.03571428571428571,0.08035714285714286,0.03571428571428571,112
0.0763888888888889,0.027777777777777776,0.020833333333333332,0.041666666666666664,0.041666666666666664,0.05555555555555555,0.034722222222222224,0.041666666666666664,0.05555555555555555,0.0763888888888889,0.0763888888888889,0.05555555555555555,0.041666666666666664,0.0763888888888889,0.027777777777777776,0.041666666666666664,0.04861111111111111,0.0763888888888889,0.05555555555555555,0.027777777777777776,144
0.07563025210084033,0.03361344537815126,0.07563025210084033,0.04201680672268908,0.04201680672268908,0.03361344537815126,0.05042016806722689,0.03361344537815126,0.07563025210084033,0.04201680672268908,0.06722689075630252,0.06722689075630252,0.05042016806722689,0.06722689075630252,0.03361344537815126,0.05042016806722689,0.04201680672268908,0.04201680672268908,0.025210084033613446,0.05042016806722689,119
0.0392156862745098,0.058823529411764705,0.049019607843137254,0.0784313725490196,0.058823529411764705,0.0392156862745098,0.058823529411764705,0.049019607843137254,0.049019607843137254,0.029411764705882353,0.049019607843137254,0.058823529411764705,0.0392156862745098,0.049019607843137254,0.0392156862745098,0.0392156862745098,0.0392156862745098,0.058823529411764705,0.0784313725490196,0.0392156862745098,102
0.07142857142857142,0.026785714285714284,0.026785714285714284,0.07142857142857142,0.09821428571428571,0.026785714285714284,0.07142857142857142,0.017857142857142856,0.05357142857142857,0.044642857142857144,0.05357142857142857,0.05357142857142857,0.03571428571428571,0.05357142857142857,0.044642857142857144,0.026785714285714284,0.026785714285714284,0.0625,0.044642857142857144,0.08928571428571429,112
0.04040404040404041,0.04040404040404041,0.050505050505050504,0.04040404040404041,0.050505050505050504,0.050505050505050504,0.030303030303030304,0.010101010101010102,0.08080808080808081,0.04040404040404041,0.04040404040404041,0.04040404040404041,0.04040404040404041,0.050505050505050504,0.030303030303030304,0.050505050505050504,0.08080808080808081,0.0707070707070707,0.09090909090909091,0.0707070707070707,99
0.03571428571428571,0.03571428571428571,0.05,0.07857142857142857,0.05,0.03571428571428571,0.05,0.02857142857142857,0.05714285714285714,0.04285714285714286,0.05,0.03571428571428571,0.04285714285714286,0.05714285714285714,0.06428571428571428,0.06428571428571428,0.05,0.07857142857142857,0.06428571428571428,0.02857142857142857,140
0.02654867256637168,0.035398230088495575,0.061946902654867256,0.035398230088495575,0.02654867256637168,0.061946902654867256,0.07079646017699115,0.04424778761061947,0.07079646017699115,0.04424778761061947,0.061946902654867256,0.061946902654867256,0.04424778761061947,0.061946902654867256,0.05309734513274336,0.035398230088495575,0.04424778761061947,0.017699115044247787,0.07964601769911504,0.061946902654867256,113
0.0594059405940594,0.009900990099009901,0.04950495049504951,0.04950495049504951,0.0594059405940594,0.039603960396039604,0.0297029702970297,0.06930693069306931,0.0594059405940594,0.0594059405940594,0.039603960396039604,0.09900990099009901,0.04950495049504951,0.04950495049504951,0.0297029702970297,0.039603960396039604,0.039603960396039604,0.039603960396039604,0.019801980198019802,0.10891089108910891,101
0.03571428571428571,0.008928571428571428,0.08928571428571429,0.05357142857142857,0.0625,0.07142857142857142,0.017857142857142856,0.03571428571428571,0.026785714285714284,0.0625,0.03571428571428571,0.07142857142857142,0.05357142857142857,0.026785714285714284,0.044642857142857144,0.044642857142857144,0.0625,0.07142857142857142,0.07142857142857142,0.05357142857142857,112
0.05319148936170213,0.0851063829787234,0.06382978723404255,0.02127659574468085,0.031914893617021274,0.06382978723404255,0.02127659574468085,0.07446808510638298,0.05319148936170213,0.031914893617021274,0.05319148936170213,0.02127659574468085,0.10638297872340426,0.010638297872340425,0.02127659574468085,0.031914893617021274,0.05319148936170213,0.0851063829787234,0.07446808510638298,0.0425531914893617,94
0.021739130434782608,0.028985507246376812,0.050724637681159424,0.036231884057971016,0.036231884057971016,0.036231884057971016,0.043478260869565216,0.028985507246376812,0.057971014492753624,0.07971014492753623,0.050724637681159424,0.036231884057971016,0.10869565217391304,0.06521739130434782,0.07971014492753623,0.028985507246376812,0.050724637681159424,0.036231884057971016,0.06521739130434782,0.057971014492753624,138
0.05343511450381679,0.04580152671755725,0.06870229007633588,0.04580152671755725,0.03816793893129771,0.03816793893129771,0.03816793893129771,0.07633587786259542,0.04580152671755725,0.061068702290076333,0.03816793893129771,0.022900763358778626,0.07633587786259542,0.04580152671755725,0.04580152671755725,0.06870229007633588,0.030534351145038167,0.03816793893129771,0.030534351145038167,0.0916030534351145,131
0.026785714285714284,0.03571428571428571,0.03571428571428571,0.026785714285714284,0.07142857142857142,0.07142857142857142,0.03571428571428571,0.0625,0.0625,0.044642857142857144,0.08928571428571429,0.08035714285714286,0.0625,0.03571428571428571,0.026785714285714284,0.08928571428571429,0.017857142857142856,0.03571428571428571,0.0625,0.026785714285714284,112
0.0738255033557047,0.08053691275167785,0.040268456375838924,0.053691275167785234,0.0738255033557047,0.04697986577181208,0.006711409395973154,0.03355704697986577,0.09395973154362416,0.04697986577181208,0.03355704697986577,0.03355704697986577,0.09395973154362416,0.053691275167785234,0.026845637583892617,0.03355704697986577,0.040268456375838924,0.06040268456375839,0.040268456375838924,0.03355704697986577,149
0.045112781954887216,0.045112781954887216,0.06015037593984962,0.03007518796992481,0.022556390977443608,0.05263157894736842,0.07518796992481203,0.06015037593984962,0.022556390977443608,0.06766917293233082,0.07518796992481203,0.03759398496240601,0.015037593984962405,0.06015037593984962,0.10526315789473684,0.06015037593984962,0.05263157894736842,0.06766917293233082,0.03007518796992481,0.015037593984962405,133
0.06611570247933884,0.08264462809917356,0.049586776859504134,0.049586776859504134,0.05785123966942149,0.05785123966942149,0.05785123966942149,0.06611570247933884,0.024793388429752067,0.03305785123966942,0.03305785123966942,0.049586776859504134,0.06611570247933884,0.024793388429752067,0.024793388429752067,0.0743801652892562,0.04132231404958678,0.06611570247933884,0.05785123966942149,0.01652892561983471,121
0.0425531914893617,0.06382978723404255,0.028368794326241134,0.02127659574468085,0.04964539007092199,0.05673758865248227,0.06382978723404255,0.0851063829787234,0.0425531914893617,0.0425531914893617,0.0425531914893617,0.0425531914893617,0.03546099290780142,0.05673758865248227,0.0851063829787234,0.07801418439716312,0.028368794326241134,0.04964539007092199,0.0425531914893617,0.0425531914893617,141
0.03759398496240601,0.06015037593984962,0.06015037593984962,0.05263157894736842,0.03007518796992481,0.09022556390977443,0.03759398496240601,0.03007518796992481,0.06015037593984962,0.03759398496240601,0.045112781954887216,0.045112781954887216,0.03759398496240601,0.07518796992481203,0.045112781954887216,0.022556390977443608,0.05263157894736842,0.03759398496240601,0.06015037593984962,0.08270676691729323,133
0.05442176870748299,0.047619047619047616,0.061224489795918366,0.061224489795918366,0.07482993197278912,0.06802721088435375,0.047619047619047616,0.047619047619047616,0.034013605442176874,0.04081632653061224,0.047619047619047616,0.061224489795918366,0.047619047619047616,0.08163265306122448,0.04081632653061224,0.05442176870748299,0.02040816326530612,0.013605442176870748,0.05442176870748299,0.04081632653061224,147
0.08163265306122448,0.04081632653061224,0.05102040816326531,0.030612244897959183,0.02040816326530612,0.09183673469387756,0.030612244897959183,0.061224489795918366,0.030612244897959183,0.04081632653061224,0.05102040816326531,0.04081632653061224,0.061224489795918366,0.04081632653061224,0.05102040816326531,0.061224489795918366,0.09183673469387756,0.061224489795918366,0.030612244897959183,0.030612244897959183,98
0.06818181818181818,0.045454545454545456,0.045454545454545456,0.03409090909090909,0.045454545454545456,0.056818181818181816,0.06818181818181818,0.022727272727272728,0.06818181818181818,0.03409090909090909,0.045454545454545456,0.07954545454545454,0.045454545454545456,0.022727272727272728,0.056818181818181816,0.07954545454545454,0.022727272727272728,0.09090909090909091,0.045454545454545456,0.022727272727272728,88
0.043795620437956206,0.0364963503649635,0.029197080291970802,0.043795620437956206,0.0364963503649635,0.043795620437956206,0.06569343065693431,0.072992700729927,0.043795620437956206,0.051094890510948905,0.043795620437956206,0.051094890510948905,0.029197080291970802,0.043795620437956206,0.051094890510948905,0.058394160583941604,0.051094890510948905,0.0948905109489051,0.058394160583941604,0.051094890510948905,137
0.06153846153846154,0.038461538461538464,0.03076923076923077,0.06923076923076923,0.06153846153846154,0.06153846153846154,0.03076923076923077,0.03076923076923077,0.06923076923076923,0.023076923076923078,0.1,0.046153846153846156,0.03076923076923077,0.06153846153846154,0.046153846153846156,0.07692307692307693,0.046153846153846156,0.023076923076923078,0.046153846153846156,0.046153846153846156,130
0.05185185185185185,0.05185185185185185,0.022222222222222223,0.05185185185185185,0.02962962962962963,0.02962962962962963,0.07407407407407407,0.08148148148148149,0.044444444444444446,0.044444444444444446,0.1037037037037037,0.044444444444444446,0.037037037037037035,0.037037037037037035,0.037037037037037035,0.044444444444444446,0.037037037037037035,0.08148148148148149,0.08148148148148149,0.014814814814814815,135
0.016129032258064516,0.04838709677419355,0.024193548387096774,0.04838709677419355,0.07258064516129033,0.03225806451612903,0.04838709677419355,0.04032258064516129,0.04032258064516129,0.056451612903225805,0.056451612903225805,0.024193548387096774,0.056451612903225805,0.07258064516129033,0.056451612903225805,0.056451612903225805,0.0967741935483871,0.04838709677419355,0.04838709677419355,0.056451612903225805,124
0.06796116504854369,0.02912621359223301,0.06796116504854369,0.05825242718446602,0.019417475728155338,0.019417475728155338,0.04854368932038835,0.06796116504854369,0.038834951456310676,0.038834951456310676,0.02912621359223301,0.038834951456310676,0.06796116504854369,0.0970873786407767,0.02912621359223301,0.0970873786407767,0.06796116504854369,0.02912621359223301,0.05825242718446602,0.02912621359223301,103
0.025,0.041666666666666664,0.03333333333333333,0.058333333333333334,0.08333333333333333,0.05,0.075,0.03333333333333333,0.05,0.075,0.06666666666666667,0.05,0.041666666666666664,0.03333333333333333,0.058333333333333334,0.06666666666666667,0.041666666666666664,0.041666666666666664,0.025,0.05,120
0.058823529411764705,0.08088235294117647,0.058823529411764705,0.03676470588235294,0.07352941176470588,0.0661764705882353,0.04411764705882353,0.022058823529411766,0.051470588235294115,0.07352941176470588,0.022058823529411766,0.03676470588235294,0.058823529411764705,0.0661764705882353,0.022058823529411766,0.0661764705882353,0.058823529411764705,0.022058823529411766,0.04411764705882353,0.03676470588235294,136
0.041666666666666664,0.052083333333333336,0.07291666666666667,0.0625,0.020833333333333332,0.020833333333333332,0.041666666666666664,0.010416666666666666,0.0625,0.09375,0.041666666666666664,0.041666666666666664,0.11458333333333333,0.09375,0.010416666666666666,0.020833333333333332,0.07291666666666667,0.020833333333333332,0.041666666666666664,0.0625,96
0.03418803418803419,0.07692307692307693,0.06837606837606838,0.05128205128205128,0.06837606837606838,0.017094017094017096,0.07692307692307693,0.09401709401709402,0.008547008547008548,0.03418803418803419,0.03418803418803419,0.03418803418803419,0.05128205128205128,0.07692307692307693,0.042735042735042736,0.05982905982905983,0.03418803418803419,0.05982905982905983,0.03418803418803419,0.042735042735042736,117
0.049586776859504134,0.05785123966942149,0.049586776859504134,0.0743801652892562,0.03305785123966942,0.05785123966942149,0.06611570247933884,0.04132231404958678,0.03305785123966942,0.024793388429752067,0.06611570247933884,0.049586776859504134,0.05785123966942149,0.06611570247933884,0.049586776859504134,0.049586776859504134,0.08264462809917356,0.024793388429752067,0.03305785123966942,0.03305785123966942,121
0.03225806451612903,0.07258064516129033,0.008064516129032258,0.056451612903225805,0.04032258064516129,0.06451612903225806,0.08064516129032258,0.008064516129032258,0.024193548387096774,0.10483870967741936,0.06451612903225806,0.008064516129032258,0.08064516129032258,0.024193548387096774,0.04032258064516129,0.04032258064516129,0.08064516129032258,0.07258064516129033,0.03225806451612903,0.06451612903225806,124
0.05755395683453238,0.03597122302158273,0.02877697841726619,0.06474820143884892,0.05755395683453238,0.03597122302158273,0.02877697841726619,0.050359712230215826,0.1079136690647482,0.05755395683453238,0.050359712230215826,0.06474820143884892,0.050359712230215826,0.05755395683453238,0.06474820143884892,0.03597122302158273,0.03597122302158273,0.04316546762589928,0.050359712230215826,0.02158273381294964,139
0.07079646017699115,0.061946902654867256,0.04424778761061947,0.05309734513274336,0.04424778761061947,0.05309734513274336,0.061946902654867256,0.05309734513274336,0.017699115044247787,0.07964601769911504,0.035398230088495575,0.07964601769911504,0.035398230088495575,0.02654867256637168,0.04424778761061947,0.035398230088495575,0.07079646017699115,0.061946902654867256,0.02654867256637168,0.04424778761061947,113
0.04918032786885246,0.05737704918032787,0.06557377049180328,0.040983606557377046,0.08196721311475409,0.04918032786885246,0.05737704918032787,0.04918032786885246,0.05737704918032787,0.08196721311475409,0.04918032786885246,0.03278688524590164,0.02459016393442623,0.03278688524590164,0.03278688524590164,0.02459016393442623,0.08196721311475409,0.04918032786885246,0.03278688524590164,0.04918032786885246,122
0.056818181818181816,0.045454545454545456,0.03409090909090909,0.03409090909090909,0.022727272727272728,0.011363636363636364,0.09090909090909091,0.09090909090909091,0.045454545454545456,0.06818181818181818,0.056818181818181816,0.056818181818181816,0.06818181818181818,0.06818181818181818,0.03409090909090909,0.06818181818181818,0.03409090909090909,0.045454545454545456,0.056818181818181816,0.011363636363636364,88
0.022900763358778626,0.061068702290076333,0.061068702290076333,0.08396946564885496,0.05343511450381679,0.015267175572519083,0.05343511450381679,0.04580152671755725,0.061068702290076333,0.04580152671755725,0.061068702290076333,0.04580152671755725,0.04580152671755725,0.05343511450381679,0.05343511450381679,0.07633587786259542,0.04580152671755725,0.06870229007633588,0.030534351145038167,0.015267175572519083,131
0.05154639175257732,0.020618556701030927,0.041237113402061855,0.0,0.041237113402061855,0.09278350515463918,0.041237113402061855,0.061855670103092786,0.07216494845360824,0.09278350515463918,0.041237113402061855,0.08247422680412371,0.041237113402061855,0.041237113402061855,0.030927835051546393,0.05154639175257732,0.05154639175257732,0.030927835051546393,0.041237113402061855,0.07216494845360824,97
0.07216494845360824,0.05154639175257732,0.05154639175257732,0.05154639175257732,0.020618556701030927,0.05154639175257732,0.05154639175257732,0.061855670103092786,0.061855670103092786,0.061855670103092786,0.05154639175257732,0.041237113402061855,0.020618556701030927,0.05154639175257732,0.030927835051546393,0.041237113402061855,0.09278350515463918,0.030927835051546393,0.061855670103092786,0.041237113402061855,97
0.037383177570093455,0.102803738317757,0.018691588785046728,0.08411214953271028,0.028037383177570093,0.08411214953271028,0.056074766355140186,0.037383177570093455,0.018691588785046728,0.04672897196261682,0.018691588785046728,0.06542056074766354,0.04672897196261682,0.037383177570093455,0.037383177570093455,0.06542056074766354,0.037383177570093455,0.08411214953271028,0.037383177570093455,0.056074766355140186,107
0.0425531914893617,0.02127659574468085,0.02127659574468085,0.0425531914893617,0.02127659574468085,0.05319148936170213,0.0425531914893617,0.010638297872340425,0.09574468085106383,0.11702127659574468,0.05319148936170213,0.010638297872340425,0.06382978723404255,0.0851063829787234,0.06382978723404255,0.07446808510638298,0.05319148936170213,0.031914893617021274,0.06382978723404255,0.031914893617021274,94
0.08181818181818182,0.06363636363636363,0.03636363636363636,0.045454545454545456,0.03636363636363636,0.09090909090909091,0.02727272727272727,0.01818181818181818,0.045454545454545456,0.07272727272727272,0.06363636363636363,0.1,0.06363636363636363,0.05454545454545454,0.03636363636363636,0.02727272727272727,0.01818181818181818,0.05454545454545454,0.03636363636363636,0.02727272727272727,110
0.05309734513274336,0.061946902654867256,0.05309734513274336,0.07964601769911504,0.02654867256637168,0.05309734513274336,0.035398230088495575,0.061946902654867256,0.04424778761061947,0.017699115044247787,0.061946902654867256,0.04424778761061947,0.02654867256637168,0.04424778761061947,0.05309734513274336,0.05309734513274336,0.04424778761061947,0.08849557522123894,0.04424778761061947,0.05309734513274336,113
0.05925925925925926,0.037037037037037035,0.014814814814814815,0.007407407407407408,0.06666666666666667,0.05185185185185185,0.06666666666666667,0.044444444444444446,0.05185185185185185,0.05925925925925926,0.07407407407407407,0.05185185185185185,0.06666666666666667,0.02962962962962963,0.07407407407407407,0.044444444444444446,0.014814814814814815,0.06666666666666667,0.06666666666666667,0.05185185185185185,135
0.028985507246376812,0.057971014492753624,0.028985507246376812,0.036231884057971016,0.07246376811594203,0.07246376811594203,0.050724637681159424,0.07246376811594203,0.043478260869565216,0.043478260869565216,0.036231884057971016,0.06521739130434782,0.043478260869565216,0.06521739130434782,0.036231884057971016,0.043478260869565216,0.08695652173913043,0.021739130434782608,0.043478260869565216,0.050724637681159424,138
0.07407407407407407,0.024691358024691357,0.04938271604938271,0.08641975308641975,0.037037037037037035,0.037037037037037035,0.07407407407407407,0.04938271604938271,0.037037037037037035,0.024691358024691357,0.037037037037037035,0.037037037037037035,0.06172839506172839,0.07407407407407407,0.08641975308641975,0.07407407407407407,0.024691358024691357,0.037037037037037035,0.04938271604938271,0.024691358024691357,81
0.03508771929824561,0.03508771929824561,0.043859649122807015,0.05263157894736842,0.02631578947368421,0.03508771929824561,0.06140350877192982,0.07017543859649122,0.05263157894736842,0.06140350877192982,0.05263157894736842,0.043859649122807015,0.03508771929824561,0.07894736842105263,0.043859649122807015,0.07894736842105263,0.05263157894736842,0.06140350877192982,0.05263157894736842,0.02631578947368421,114
0.0390625,0.0546875,0.0625,0.0390625,0.09375,0.0234375,0.0625,0.0546875,0.0234375,0.0859375,0.0390625,0.046875,0.015625,0.03125,0.09375,0.03125,0.0546875,0.0546875,0.0546875,0.0390625,128
0.04918032786885246,0.08196721311475409,0.04918032786885246,0.02459016393442623,0.00819672131147541,0.06557377049180328,0.040983606557377046,0.03278688524590164,0.040983606557377046,0.05737704918032787,0.07377049180327869,0.01639344262295082,0.05737704918032787,0.04918032786885246,0.04918032786885246,0.06557377049180328,0.02459016393442623,0.07377049180327869,0.06557377049180328,0.07377049180327869,122
0.03759398496240601,0.06015037593984962,0.045112781954887216,0.05263157894736842,0.06015037593984962,0.06015037593984962,0.015037593984962405,0.05263157894736842,0.05263157894736842,0.03007518796992481,0.06015037593984962,0.05263157894736842,0.07518796992481203,0.06015037593984962,0.03759398496240601,0.03007518796992481,0.07518796992481203,0.06015037593984962,0.03759398496240601,0.045112781954887216,133
0.0625,0.03125,0.020833333333333332,0.0,0.052083333333333336,0.0625,0.052083333333333336,0.09375,0.010416666666666666,0.052083333333333336,0.07291666666666667,0.010416666666666666,0.052083333333333336,0.10416666666666667,0.10416666666666667,0.0625,0.041666666666666664,0.07291666666666667,0.03125,0.010416666666666666,96
0.03125,0.0703125,0.0234375,0.0703125,0.0390625,0.0703125,0.03125,0.046875,0.0859375,0.046875,0.046875,0.0546875,0.0703125,0.046875,0.046875,0.046875,0.03125,0.09375,0.0078125,0.0390625,128
0.05,0.04,0.06,0.04,0.06,0.04,0.06,0.07,0.02,0.04,0.03,0.03,0.04,0.05,0.06,0.1,0.04,0.05,0.06,0.06,100
0.027522935779816515,0.009174311926605505,0.01834862385321101,0.05504587155963303,0.045871559633027525,0.06422018348623854,0.09174311926605505,0.07339449541284404,0.05504587155963303,0.03669724770642202,0.045871559633027525,0.07339449541284404,0.07339449541284404,0.045871559633027525,0.05504587155963303,0.027522935779816515,0.045871559633027525,0.03669724770642202,0.06422018348623854,0.05504587155963303,109
0.024390243902439025,0.024390243902439025,0.036585365853658534,0.06097560975609756,0.036585365853658534,0.06097560975609756,0.036585365853658534,0.04878048780487805,0.08536585365853659,0.06097560975609756,0.07317073170731707,0.012195121951219513,0.024390243902439025,0.036585365853658534,0.04878048780487805,0.012195121951219513,0.08536585365853659,0.10975609756097561,0.04878048780487805,0.07317073170731707,82
0.023622047244094488,0.06299212598425197,0.047244094488188976,0.031496062992125984,0.03937007874015748,0.047244094488188976,0.08661417322834646,0.05511811023622047,0.031496062992125984,0.03937007874015748,0.047244094488188976,0.03937007874015748,0.047244094488188976,0.015748031496062992,0.06299212598425197,0.06299212598425197,0.08661417322834646,0.06299212598425197,0.07086614173228346,0.03937007874015748,127
0.06206896551724138,0.05517241379310345,0.034482758620689655,0.034482758620689655,0.04827586206896552,0.07586206896551724,0.04827586206896552,0.04827586206896552,0.020689655172413793,0.027586206896551724,0.041379310344827586,0.06206896551724138,0.034482758620689655,0.05517241379310345,0.05517241379310345,0.041379310344827586,0.05517241379310345,0.07586206896551724,0.041379310344827586,0.08275862068965517,145
0.029411764705882353,0.029411764705882353,0.0661764705882353,0.058823529411764705,0.04411764705882353,0.029411764705882353,0.04411764705882353,0.014705882352941176,0.022058823529411766,0.08823529411764706,0.051470588235294115,0.03676470588235294,0.07352941176470588,0.058823529411764705,0.03676470588235294,0.058823529411764705,0.0661764705882353,0.08088235294117647,0.07352941176470588,0.03676470588235294,136
0.03816793893129771,0.061068702290076333,0.05343511450381679,0.06870229007633588,0.06870229007633588,0.022900763358778626,0.04580152671755725,0.030534351145038167,0.06870229007633588,0.030534351145038167,0.05343511450381679,0.061068702290076333,0.03816793893129771,0.05343511450381679,0.03816793893129771,0.03816793893129771,0.06870229007633588,0.061068702290076333,0.03816793893129771,0.061068702290076333,131
0.012195121951219513,0.036585365853658534,0.08536585365853659,0.06097560975609756,0.07317073170731707,0.024390243902439025,0.07317073170731707,0.10975609756097561,0.024390243902439025,0.024390243902439025,0.036585365853658534,0.04878048780487805,0.04878048780487805,0.024390243902439025,0.04878048780487805,0.06097560975609756,0.04878048780487805,0.07317073170731707,0.06097560975609756,0.024390243902439025,82
0.12790697674418605,0.06976744186046512,0.08139534883720931,0.03488372093023256,0.023255813953488372,0.046511627906976744,0.011627906976744186,0.023255813953488372,0.05813953488372093,0.03488372093023256,0.046511627906976744,0.03488372093023256,0.03488372093023256,0.046511627906976744,0.046511627906976744,0.08139534883720931,0.05813953488372093,0.08139534883720931,0.011627906976744186,0.046511627906976744,86
0.0425531914893617,0.0851063829787234,0.07446808510638298,0.07446808510638298,0.05319148936170213,0.031914893617021274,0.0425531914893617,0.07446808510638298,0.05319148936170213,0.07446808510638298,0.0425531914893617,0.02127659574468085,0.06382978723404255,0.06382978723404255,0.02127659574468085,0.031914893617021274,0.0425531914893617,0.02127659574468085,0.0425531914893617,0.0425531914893617,94
0.05555555555555555,0.027777777777777776,0.034722222222222224,0.09027777777777778,0.04861111111111111,0.04861111111111111,0.041666666666666664,0.020833333333333332,0.027777777777777776,0.034722222222222224,0.027777777777777776,0.04861111111111111,0.0625,0.06944444444444445,0.08333333333333333,0.0625,0.034722222222222224,0.05555555555555555,0.08333333333333333,0.041666666666666664,144
0.07317073170731707,0.06097560975609756,0.012195121951219513,0.06097560975609756,0.04878048780487805,0.036585365853658534,0.06097560975609756,0.036585365853658534,0.12195121951219512,0.024390243902439025,0.024390243902439025,0.06097560975609756,0.036585365853658534,0.08536585365853659,0.036585365853658534,0.06097560975609756,0.024390243902439025,0.07317073170731707,0.024390243902439025,0.036585365853658534,82
0.06837606837606838,0.05128205128205128,0.05982905982905983,0.042735042735042736,0.0,0.06837606837606838,0.06837606837606838,0.008547008547008548,0.03418803418803419,0.06837606837606838,0.017094017094017096,0.05128205128205128,0.05128205128205128,0.05128205128205128,0.02564102564102564,0.09401709401709402,0.08547008547008547,0.05128205128205128,0.03418803418803419,0.06837606837606838,117
0.05263157894736842,0.021052631578947368,0.06315789473684211,0.0,0.031578947368421054,0.031578947368421054,0.05263157894736842,0.042105263157894736,0.031578947368421054,0.08421052631578947,0.042105263157894736,0.05263157894736842,0.042105263157894736,0.10526315789473684,0.05263157894736842,0.05263157894736842,0.07368421052631578,0.08421052631578947,0.042105263157894736,0.042105263157894736,95
0.037037037037037035,0.05555555555555555,0.05555555555555555,0.037037037037037035,0.05555555555555555,0.027777777777777776,0.037037037037037035,0.06481481481481481,0.046296296296296294,0.08333333333333333,0.06481481481481481,0.018518518518518517,0.037037037037037035,0.037037037037037035,0.027777777777777776,0.037037037037037035,0.07407407407407407,0.037037037037037035,0.08333333333333333,0.08333333333333333,108
0.020689655172413793,0.04827586206896552,0.041379310344827586,0.034482758620689655,0.041379310344827586,0.06206896551724138,0.07586206896551724,0.04827586206896552,0.06206896551724138,0.05517241379310345,0.04827586206896552,0.020689655172413793,0.06896551724137931,0.041379310344827586,0.06896551724137931,0.04827586206896552,0.05517241379310345,0.06206896551724138,0.041379310344827586,0.05517241379310345,145
0.049586776859504134,0.04132231404958678,0.06611570247933884,0.05785123966942149,0.05785123966942149,0.01652892561983471,0.05785123966942149,0.05785123966942149,0.05785123966942149,0.04132231404958678,0.049586776859504134,0.06611570247933884,0.049586776859504134,0.024793388429752067,0.024793388429752067,0.05785123966942149,0.03305785123966942,0.05785123966942149,0.049586776859504134,0.08264462809917356,121
0.02631578947368421,0.06140350877192982,0.043859649122807015,0.043859649122807015,0.11403508771929824,0.02631578947368421,0.03508771929824561,0.043859649122807015,0.03508771929824561,0.07017543859649122,0.08771929824561403,0.03508771929824561,0.043859649122807015,0.05263157894736842,0.043859649122807015,0.02631578947368421,0.07894736842105263,0.043859649122807015,0.05263157894736842,0.03508771929824561,114
0.050505050505050504,0.050505050505050504,0.06060606060606061,0.0,0.030303030303030304,0.0707070707070707,0.0707070707070707,0.020202020202020204,0.0707070707070707,0.06060606060606061,0.04040404040404041,0.06060606060606061,0.050505050505050504,0.06060606060606061,0.030303030303030304,0.050505050505050504,0.04040404040404041,0.08080808080808081,0.030303030303030304,0.0707070707070707,99
0.03937007874015748,0.03937007874015748,0.047244094488188976,0.09448818897637795,0.06299212598425197,0.03937007874015748,0.023622047244094488,0.047244094488188976,0.047244094488188976,0.03937007874015748,0.03937007874015748,0.07086614173228346,0.05511811023622047,0.031496062992125984,0.047244094488188976,0.03937007874015748,0.023622047244094488,0.08661417322834646,0.05511811023622047,0.07086614173228346,127
0.09195402298850575,0.08045977011494253,0.034482758620689655,0.05747126436781609,0.05747126436781609,0.05747126436781609,0.05747126436781609,0.05747126436781609,0.0,0.05747126436781609,0.06896551724137931,0.04597701149425287,0.10344827586206896,0.0,0.011494252873563218,0.04597701149425287,0.034482758620689655,0.034482758620689655,0.05747126436781609,0.04597701149425287,87
0.05825242718446602,0.07766990291262135,0.06796116504854369,0.038834951456310676,0.02912621359223301,0.05825242718446602,0.06796116504854369,0.08737864077669903,0.05825242718446602,0.019417475728155338,0.04854368932038835,0.009708737864077669,0.02912621359223301,0.04854368932038835,0.02912621359223301,0.0970873786407767,0.02912621359223301,0.05825242718446602,0.05825242718446602,0.02912621359223301,103
0.043478260869565216,0.043478260869565216,0.028985507246376812,0.08695652173913043,0.06521739130434782,0.043478260869565216,0.014492753623188406,0.050724637681159424,0.028985507246376812,0.09420289855072464,0.043478260869565216,0.028985507246376812,0.057971014492753624,0.021739130434782608,0.07246376811594203,0.057971014492753624,0.043478260869565216,0.06521739130434782,0.036231884057971016,0.07246376811594203,138
0.05511811023622047,0.06299212598425197,0.07086614173228346,0.07874015748031496,0.031496062992125984,0.047244094488188976,0.05511811023622047,0.06299212598425197,0.03937007874015748,0.06299212598425197,0.007874015748031496,0.07874015748031496,0.07086614173228346,0.031496062992125984,0.07086614173228346,0.031496062992125984,0.047244094488188976,0.03937007874015748,0.015748031496062992,0.03937007874015748,127
0.0425531914893617,0.0425531914893617,0.07092198581560284,0.0425531914893617,0.04964539007092199,0.04964539007092199,0.05673758865248227,0.04964539007092199,0.02127659574468085,0.06382978723404255,0.0425531914893617,0.06382978723404255,0.07092198581560284,0.0425531914893617,0.028368794326241134,0.0425531914893617,0.05673758865248227,0.028368794326241134,0.09219858156028368,0.0425531914893617,141
0.04895104895104895,0.03496503496503497,0.027972027972027972,0.04895104895104895,0.055944055944055944,0.03496503496503497,0.04895104895104895,0.055944055944055944,0.04895104895104895,0.04195804195804196,0.07692307692307693,0.06993006993006994,0.055944055944055944,0.055944055944055944,0.027972027972027972,0.03496503496503497,0.04195804195804196,0.06293706293706294,0.06993006993006994,0.055944055944055944,143
0.05737704918032787,0.03278688524590164,0.04918032786885246,0.05737704918032787,0.05737704918032787,0.03278688524590164,0.03278688524590164,0.09016393442622951,0.07377049180327869,0.06557377049180328,0.07377049180327869,0.06557377049180328,0.03278688524590164,0.02459016393442623,0.07377049180327869,0.02459016393442623,0.00819672131147541,0.03278688524590164,0.05737704918032787,0.05737704918032787,122
0.057971014492753624,0.036231884057971016,0.057971014492753624,0.057971014492753624,0.036231884057971016,0.036231884057971016,0.06521739130434782,0.043478260869565216,0.036231884057971016,0.050724637681159424,0.036231884057971016,0.07246376811594203,0.07246376811594203,0.050724637681159424,0.06521739130434782,0.043478260869565216,0.036231884057971016,0.057971014492753624,0.050724637681159424,0.036231884057971016,138
0.018867924528301886,0.018867924528301886,0.04716981132075472,0.07547169811320754,0.04716981132075472,0.08490566037735849,0.018867924528301886,0.018867924528301886,0.03773584905660377,0.05660377358490566,0.0660377358490566,0.04716981132075472,0.018867924528301886,0.0660377358490566,0.07547169811320754,0.04716981132075472,0.03773584905660377,0.05660377358490566,0.08490566037735849,0.07547169811320754,106
0.03125,0.020833333333333332,0.052083333333333336,0.03125,0.0625,0.08333333333333333,0.0625,0.052083333333333336,0.020833333333333332,0.020833333333333332,0.0625,0.020833333333333332,0.052083333333333336,0.10416666666666667,0.020833333333333332,0.041666666666666664,0.0,0.09375,0.0625,0.10416666666666667,96
0.036036036036036036,0.06306306306306306,0.02702702702702703,0.036036036036036036,0.06306306306306306,0.036036036036036036,0.06306306306306306,0.06306306306306306,0.08108108108108109,0.09009009009009009,0.06306306306306306,0.05405405405405406,0.04504504504504504,0.05405405405405406,0.02702702702702703,0.04504504504504504,0.018018018018018018,0.036036036036036036,0.07207207207207207,0.02702702702702703,111
0.06976744186046512,0.06976744186046512,0.05813953488372093,0.046511627906976744,0.03488372093023256,0.03488372093023256,0.023255813953488372,0.03488372093023256,0.05813953488372093,0.046511627906976744,0.023255813953488372,0.05813953488372093,0.09302325581395349,0.05813953488372093,0.011627906976744186,0.023255813953488372,0.046511627906976744,0.06976744186046512,0.08139534883720931,0.05813953488372093,86
0.056818181818181816,0.022727272727272728,0.045454545454545456,0.022727272727272728,0.022727272727272728,0.06818181818181818,0.045454545454545456,0.045454545454545456,0.045454545454545456,0.056818181818181816,0.056818181818181816,0.011363636363636364,0.03409090909090909,0.09090909090909091,0.06818181818181818,0.06818181818181818,0.03409090909090909,0.056818181818181816,0.07954545454545454,0.06818181818181818,88
0.06293706293706294,0.055944055944055944,0.07692307692307693,0.055944055944055944,0.06993006993006994,0.03496503496503497,0.03496503496503497,0.06293706293706294,0.02097902097902098,0.06293706293706294,0.055944055944055944,0.055944055944055944,0.04895104895104895,0.055944055944055944,0.04195804195804196,0.02097902097902098,0.04895104895104895,0.06293706293706294,0.04195804195804196,0.027972027972027972,143
0.05714285714285714,0.0380952380952381,0.047619047619047616,0.08571428571428572,0.06666666666666667,0.06666666666666667,0.01904761904761905,0.0380952380952381,0.02857142857142857,0.047619047619047616,0.047619047619047616,0.047619047619047616,0.06666666666666667,0.0761904761904762,0.047619047619047616,0.05714285714285714,0.05714285714285714,0.05714285714285714,0.01904761904761905,0.02857142857142857,105
0.020833333333333332,0.052083333333333336,0.010416666666666666,0.041666666666666664,0.03125,0.03125,0.03125,0.010416666666666666,0.07291666666666667,0.041666666666666664,0.052083333333333336,0.07291666666666667,0.09375,0.08333333333333333,0.052083333333333336,0.0625,0.052083333333333336,0.0625,0.020833333333333332,0.10416666666666667,96
0.045454545454545456,0.056818181818181816,0.06818181818181818,0.045454545454545456,0.03409090909090909,0.06818181818181818,0.011363636363636364,0.07954545454545454,0.06818181818181818,0.09090909090909091,0.03409090909090909,0.03409090909090909,0.07954545454545454,0.06818181818181818,0.022727272727272728,0.07954545454545454,0.056818181818181816,0.0,0.03409090909090909,0.022727272727272728,88
0.0449438202247191,0.056179775280898875,0.056179775280898875,0.07865168539325842,0.02247191011235955,0.07865168539325842,0.033707865168539325,0.033707865168539325,0.06741573033707865,0.12359550561797752,0.033707865168539325,0.02247191011235955,0.06741573033707865,0.056179775280898875,0.033707865168539325,0.033707865168539325,0.056179775280898875,0.0449438202247191,0.033707865168539325,0.02247191011235955,89
0.027522935779816515,0.06422018348623854,0.03669724770642202,0.05504587155963303,0.027522935779816515,0.06422018348623854,0.07339449541284404,0.045871559633027525,0.07339449541284404,0.045871559633027525,0.045871559633027525,0.07339449541284404,0.05504587155963303,0.05504587155963303,0.05504587155963303,0.027522935779816515,0.03669724770642202,0.045871559633027525,0.03669724770642202,0.05504587155963303,109
0.06315789473684211,0.042105263157894736,0.05263157894736842,0.07368421052631578,0.06315789473684211,0.021052631578947368,0.042105263157894736,0.031578947368421054,0.05263157894736842,0.042105263157894736,0.06315789473684211,0.07368421052631578,0.05263157894736842,0.09473684210526316,0.0,0.031578947368421054,0.031578947368421054,0.07368421052631578,0.05263157894736842,0.042105263157894736,95
0.04395604395604396,0.06593406593406594,0.04395604395604396,0.03296703296703297,0.02197802197802198,0.04395604395604396,0.06593406593406594,0.04395604395604396,0.06593406593406594,0.03296703296703297,0.054945054945054944,0.03296703296703297,0.04395604395604396,0.054945054945054944,0.06593406593406594,0.054945054945054944,0.054945054945054944,0.07692307692307693,0.03296703296703297,0.06593406593406594,91
0.022988505747126436,0.08045977011494253,0.022988505747126436,0.034482758620689655,0.09195402298850575,0.06896551724137931,0.05747126436781609,0.034482758620689655,0.06896551724137931,0.06896551724137931,0.05747126436781609,0.05747126436781609,0.05747126436781609,0.06896551724137931,0.022988505747126436,0.05747126436781609,0.05747126436781609,0.022988505747126436,0.034482758620689655,0.011494252873563218,87
0.045112781954887216,0.045112781954887216,0.06766917293233082,0.06015037593984962,0.06015037593984962,0.07518796992481203,0.03007518796992481,0.06015037593984962,0.08270676691729323,0.03007518796992481,0.03007518796992481,0.045112781954887216,0.05263157894736842,0.05263157894736842,0.022556390977443608,0.07518796992481203,0.03759398496240601,0.045112781954887216,0.03007518796992481,0.05263157894736842,133
0.012048192771084338,0.012048192771084338,0.060240963855421686,0.07228915662650602,0.04819277108433735,0.060240963855421686,0.03614457831325301,0.04819277108433735,0.07228915662650602,0.03614457831325301,0.024096385542168676,0.08433734939759036,0.024096385542168676,0.060240963855421686,0.08433734939759036,0.03614457831325301,0.08433734939759036,0.04819277108433735,0.04819277108433735,0.04819277108433735,83
0.07936507936507936,0.031746031746031744,0.06349206349206349,0.06349206349206349,0.031746031746031744,0.015873015873015872,0.047619047619047616,0.07142857142857142,0.05555555555555555,0.047619047619047616,0.023809523809523808,0.07142857142857142,0.047619047619047616,0.05555555555555555,0.05555555555555555,0.047619047619047616,0.047619047619047616,0.023809523809523808,0.05555555555555555,0.06349206349206349,126
0.031007751937984496,0.06201550387596899,0.08527131782945736,0.06976744186046512,0.05426356589147287,0.05426356589147287,0.05426356589147287,0.06201550387596899,0.023255813953488372,0.023255813953488372,0.05426356589147287,0.03875968992248062,0.046511627906976744,0.10077519379844961,0.07751937984496124,0.031007751937984496,0.015503875968992248,0.007751937984496124,0.05426356589147287,0.05426356589147287,129
0.06293706293706294,0.055944055944055944,0.03496503496503497,0.055944055944055944,0.07692307692307693,0.055944055944055944,0.04895104895104895,0.02097902097902098,0.055944055944055944,0.013986013986013986,0.06293706293706294,0.055944055944055944,0.04195804195804196,0.04895104895104895,0.027972027972027972,0.03496503496503497,0.055944055944055944,0.055944055944055944,0.07692307692307693,0.055944055944055944,143
0.07,0.07,0.04,0.08,0.06,0.03,0.07,0.03,0.03,0.03,0.01,0.06,0.01,0.04,0.05,0.03,0.06,0.06,0.07,0.1,100
0.0979020979020979,0.03496503496503497,0.04195804195804196,0.02097902097902098,0.04895104895104895,0.04895104895104895,0.03496503496503497,0.04195804195804196,0.04895104895104895,0.04195804195804196,0.04195804195804196,0.07692307692307693,0.03496503496503497,0.09090909090909091,0.04895104895104895,0.06293706293706294,0.06293706293706294,0.06293706293706294,0.027972027972027972,0.027972027972027972,143
0.06293706293706294,0.04195804195804196,0.055944055944055944,0.08391608391608392,0.04895104895104895,0.03496503496503497,0.04895104895104895,0.06993006993006994,0.04895104895104895,0.04895104895104895,0.055944055944055944,0.055944055944055944,0.02097902097902098,0.02097902097902098,0.06293706293706294,0.055944055944055944,0.04195804195804196,0.055944055944055944,0.027972027972027972,0.055944055944055944,143
0.024390243902439025,0.032520325203252036,0.08943089430894309,0.07317073170731707,0.04878048780487805,0.04065040650406504,0.04065040650406504,0.032520325203252036,0.032520325203252036,0.04878048780487805,0.056910569105691054,0.0975609756097561,0.04065040650406504,0.04065040650406504,0.07317073170731707,0.056910569105691054,0.04065040650406504,0.032520325203252036,0.056910569105691054,0.04065040650406504,123
0.04666666666666667,0.08666666666666667,0.05333333333333334,0.05333333333333334,0.04,0.02666666666666667,0.05333333333333334,0.06,0.06666666666666667,0.02666666666666667,0.07333333333333333,0.02666666666666667,0.03333333333333333,0.04,0.05333333333333334,0.05333333333333334,0.04666666666666667,0.05333333333333334,0.02,0.08666666666666667,150
0.0125,0.075,0.0625,0.05,0.025,0.025,0.0375,0.0625,0.0375,0.075,0.0625,0.025,0.075,0.1125,0.025,0.0375,0.0375,0.0375,0.025,0.1,80
0.07017543859649122,0.043859649122807015,0.05263157894736842,0.05263157894736842,0.02631578947368421,0.06140350877192982,0.07017543859649122,0.05263157894736842,0.07017543859649122,0.07894736842105263,0.017543859649122806,0.07017543859649122,0.05263157894736842,0.043859649122807015,0.043859649122807015,0.03508771929824561,0.05263157894736842,0.03508771929824561,0.043859649122807015,0.02631578947368421,114
0.043478260869565216,0.06521739130434782,0.03260869565217391,0.043478260869565216,0.043478260869565216,0.03260869565217391,0.06521739130434782,0.043478260869565216,0.05434782608695652,0.06521739130434782,0.03260869565217391,0.043478260869565216,0.05434782608695652,0.07608695652173914,0.07608695652173914,0.03260869565217391,0.05434782608695652,0.08695652173913043,0.043478260869565216,0.010869565217391304,92
0.05384615384615385,0.015384615384615385,0.046153846153846156,0.07692307692307693,0.05384615384615385,0.06923076923076923,0.03076923076923077,0.038461538461538464,0.05384615384615385,0.06153846153846154,0.03076923076923077,0.03076923076923077,0.06153846153846154,0.06923076923076923,0.046153846153846156,0.038461538461538464,0.05384615384615385,0.023076923076923078,0.08461538461538462,0.06153846153846154,130
0.04929577464788732,0.04225352112676056,0.07042253521126761,0.04929577464788732,0.09859154929577464,0.056338028169014086,0.035211267605633804,0.04225352112676056,0.04929577464788732,0.035211267605633804,0.056338028169014086,0.04225352112676056,0.04929577464788732,0.028169014084507043,0.04225352112676056,0.07746478873239436,0.04929577464788732,0.07746478873239436,0.035211267605633804,0.014084507042253521,142
0.08888888888888889,0.08148148148148149,0.05185185185185185,0.037037037037037035,0.05925925925925926,0.022222222222222223,0.05925925925925926,0.037037037037037035,0.022222222222222223,0.08148148148148149,0.044444444444444446,0.044444444444444446,0.05925925925925926,0.06666666666666667,0.05925925925925926,0.037037037037037035,0.02962962962962963,0.02962962962962963,0.044444444444444446,0.044444444444444446,135
0.04040404040404041,0.020202020202020204,0.04040404040404041,0.0707070707070707,0.06060606060606061,0.04040404040404041,0.030303030303030304,0.06060606060606061,0.050505050505050504,0.04040404040404041,0.050505050505050504,0.06060606060606061,0.04040404040404041,0.09090909090909091,0.04040404040404041,0.04040404040404041,0.06060606060606061,0.050505050505050504,0.050505050505050504,0.06060606060606061,99
0.030612244897959183,0.05102040816326531,0.05102040816326531,0.09183673469387756,0.04081632653061224,0.05102040816326531,0.04081632653061224,0.04081632653061224,0.030612244897959183,0.11224489795918367,0.061224489795918366,0.05102040816326531,0.02040816326530612,0.07142857142857142,0.08163265306122448,0.030612244897959183,0.07142857142857142,0.02040816326530612,0.04081632653061224,0.01020408163265306,98
0.030927835051546393,0.07216494845360824,0.061855670103092786,0.07216494845360824,0.061855670103092786,0.041237113402061855,0.020618556701030927,0.05154639175257732,0.061855670103092786,0.05154639175257732,0.041237113402061855,0.041237113402061855,0.030927835051546393,0.041237113402061855,0.041237113402061855,0.08247422680412371,0.041237113402061855,0.07216494845360824,0.020618556701030927,0.061855670103092786,97
0.053763440860215055,0.03225806451612903,0.053763440860215055,0.053763440860215055,0.07526881720430108,0.043010752688172046,0.0967741935483871,0.053763440860215055,0.043010752688172046,0.043010752688172046,0.03225806451612903,0.03225806451612903,0.07526881720430108,0.06451612903225806,0.03225806451612903,0.043010752688172046,0.06451612903225806,0.03225806451612903,0.021505376344086023,0.053763440860215055,93
0.04195804195804196,0.027972027972027972,0.04895104895104895,0.04195804195804196,0.055944055944055944,0.06993006993006994,0.03496503496503497,0.03496503496503497,0.08391608391608392,0.055944055944055944,0.03496503496503497,0.055944055944055944,0.04895104895104895,0.055944055944055944,0.03496503496503497,0.03496503496503497,0.04195804195804196,0.07692307692307693,0.055944055944055944,0.06293706293706294,143
0.06666666666666667,0.044444444444444446,0.03333333333333333,0.022222222222222223,0.011111111111111112,0.05555555555555555,0.022222222222222223,0.044444444444444446,0.08888888888888889,0.06666666666666667,0.08888888888888889,0.03333333333333333,0.1111111111111111,0.06666666666666667,0.022222222222222223,0.044444444444444446,0.022222222222222223,0.03333333333333333,0.03333333333333333,0.08888888888888889,90
0.04697986577181208,0.020134228187919462,0.09395973154362416,0.053691275167785234,0.06040268456375839,0.03355704697986577,0.040268456375838924,0.04697986577181208,0.04697986577181208,0.06711409395973154,0.04697986577181208,0.053691275167785234,0.06040268456375839,0.04697986577181208,0.026845637583892617,0.026845637583892617,0.087248322147651,0.053691275167785234,0.040268456375838924,0.04697986577181208,149
0.06164383561643835,0.0547945205479452,0.06164383561643835,0.0410958904109589,0.04794520547945205,0.0410958904109589,0.04794520547945205,0.07534246575342465,0.0547945205479452,0.04794520547945205,0.0410958904109589,0.0136986301369863,0.0273972602739726,0.04794520547945205,0.0547945205479452,0.07534246575342465,0.04794520547945205,0.03424657534246575,0.0684931506849315,0.0547945205479452,146
0.033783783783783786,0.04054054054054054,0.0472972972972973,0.02702702702702703,0.060810810810810814,0.02027027027027027,0.05405405405405406,0.0472972972972973,0.0472972972972973,0.06756756756756757,0.060810810810810814,0.04054054054054054,0.06756756756756757,0.033783783783783786,0.0945945945945946,0.05405405405405406,0.02702702702702703,0.0472972972972973,0.05405405405405406,0.07432432432432433,148
0.038461538461538464,0.03076923076923077,0.06923076923076923,0.046153846153846156,0.08461538461538462,0.007692307692307693,0.05384615384615385,0.038461538461538464,0.05384615384615385,0.05384615384615385,0.038461538461538464,0.038461538461538464,0.06923076923076923,0.06923076923076923,0.06153846153846154,0.046153846153846156,0.05384615384615385,0.03076923076923077,0.023076923076923078,0.09230769230769231,130
0.033783783783783786,0.033783783783783786,0.060810810810810814,0.04054054054054054,0.0472972972972973,0.07432432432432433,0.08108108108108109,0.05405405405405406,0.02702702702702703,0.04054054054054054,0.0472972972972973,0.04054054054054054,0.060810810810810814,0.05405405405405406,0.060810810810810814,0.05405405405405406,0.08108108108108109,0.033783783783783786,0.02702702702702703,0.0472972972972973,148
0.06666666666666667,0.05555555555555555,0.022222222222222223,0.044444444444444446,0.022222222222222223,0.06666666666666667,0.06666666666666667,0.044444444444444446,0.06666666666666667,0.06666666666666667,0.022222222222222223,0.044444444444444446,0.07777777777777778,0.044444444444444446,0.07777777777777778,0.03333333333333333,0.044444444444444446,0.044444444444444446,0.022222222222222223,0.06666666666666667,90
0.034482758620689655,0.05517241379310345,0.06896551724137931,0.07586206896551724,0.020689655172413793,0.034482758620689655,0.05517241379310345,0.05517241379310345,0.020689655172413793,0.027586206896551724,0.05517241379310345,0.05517241379310345,0.013793103448275862,0.06206896551724138,0.05517241379310345,0.05517241379310345,0.041379310344827586,0.10344827586206896,0.06896551724137931,0.041379310344827586,145
0.09016393442622951,0.03278688524590164,0.03278688524590164,0.04918032786885246,0.01639344262295082,0.01639344262295082,0.040983606557377046,0.09016393442622951,0.06557377049180328,0.040983606557377046,0.040983606557377046,0.05737704918032787,0.08196721311475409,0.07377049180327869,0.040983606557377046,0.05737704918032787,0.040983606557377046,0.03278688524590164,0.04918032786885246,0.04918032786885246,122
0.04854368932038835,0.06796116504854369,0.019417475728155338,0.05825242718446602,0.038834951456310676,0.05825242718446602,0.1262135922330097,0.038834951456310676,0.07766990291262135,0.019417475728155338,0.05825242718446602,0.06796116504854369,0.019417475728155338,0.038834951456310676,0.02912621359223301,0.019417475728155338,0.06796116504854369,0.05825242718446602,0.06796116504854369,0.019417475728155338,103
0.061855670103092786,0.020618556701030927,0.061855670103092786,0.041237113402061855,0.041237113402061855,0.05154639175257732,0.07216494845360824,0.05154639175257732,0.08247422680412371,0.010309278350515464,0.030927835051546393,0.030927835051546393,0.030927835051546393,0.10309278350515463,0.05154639175257732,0.020618556701030927,0.05154639175257732,0.020618556701030927,0.08247422680412371,0.08247422680412371,97
0.04032258064516129,0.024193548387096774,0.12903225806451613,0.03225806451612903,0.024193548387096774,0.06451612903225806,0.056451612903225805,0.08064516129032258,0.03225806451612903,0.03225806451612903,0.07258064516129033,0.04032258064516129,0.016129032258064516,0.03225806451612903,0.04838709677419355,0.08064516129032258,0.06451612903225806,0.04032258064516129,0.07258064516129033,0.016129032258064516,124
0.050359712230215826,0.04316546762589928,0.050359712230215826,0.04316546762589928,0.08633093525179857,0.03597122302158273,0.03597122302158273,0.04316546762589928,0.05755395683453238,0.06474820143884892,0.050359712230215826,0.08633093525179857,0.050359712230215826,0.04316546762589928,0.03597122302158273,0.03597122302158273,0.04316546762589928,0.07913669064748201,0.02877697841726619,0.03597122302158273,139
0.05747126436781609,0.034482758620689655,0.05747126436781609,0.06896551724137931,0.08045977011494253,0.0,0.05747126436781609,0.06896551724137931,0.034482758620689655,0.034482758620689655,0.04597701149425287,0.04597701149425287,0.034482758620689655,0.05747126436781609,0.05747126436781609,0.04597701149425287,0.05747126436781609,0.06896551724137931,0.05747126436781609,0.034482758620689655,87
0.058394160583941604,0.043795620437956206,0.0364963503649635,0.08029197080291971,0.06569343065693431,0.08029197080291971,0.021897810218978103,0.043795620437956206,0.058394160583941604,0.058394160583941604,0.029197080291970802,0.0364963503649635,0.029197080291970802,0.043795620437956206,0.029197080291970802,0.0364963503649635,0.06569343065693431,0.08029197080291971,0.051094890510948905,0.051094890510948905,137
0.057971014492753624,0.10144927536231885,0.007246376811594203,0.07246376811594203,0.06521739130434782,0.036231884057971016,0.043478260869565216,0.028985507246376812,0.06521739130434782,0.050724637681159424,0.036231884057971016,0.021739130434782608,0.036231884057971016,0.06521739130434782,0.028985507246376812,0.057971014492753624,0.043478260869565216,0.043478260869565216,0.07246376811594203,0.06521739130434782,138
0.045871559633027525,0.05504587155963303,0.009174311926605505,0.05504587155963303,0.05504587155963303,0.05504587155963303,0.09174311926605505,0.045871559633027525,0.027522935779816515,0.05504587155963303,0.045871559633027525,0.027522935779816515,0.07339449541284404,0.09174311926605505,0.11009174311926606,0.045871559633027525,0.009174311926605505,0.03669724770642202,0.03669724770642202,0.027522935779816515,109
0.06666666666666667,0.058333333333333334,0.05,0.041666666666666664,0.058333333333333334,0.06666666666666667,0.06666666666666667,0.041666666666666664,0.03333333333333333,0.075,0.03333333333333333,0.041666666666666664,0.05,0.025,0.058333333333333334,0.058333333333333334,0.025,0.041666666666666664,0.058333333333333334,0.05,120
0.03875968992248062,0.07751937984496124,0.07751937984496124,0.023255813953488372,0.05426356589147287,0.031007751937984496,0.046511627906976744,0.03875968992248062,0.046511627906976744,0.031007751937984496,0.07751937984496124,0.046511627906976744,0.08527131782945736,0.031007751937984496,0.03875968992248062,0.046511627906976744,0.06201550387596899,0.06201550387596899,0.031007751937984496,0.05426356589147287,129
0.0423728813559322,0.07627118644067797,0.03389830508474576,0.05084745762711865,0.06779661016949153,0.06779661016949153,0.07627118644067797,0.0423728813559322,0.059322033898305086,0.0423728813559322,0.025423728813559324,0.059322033898305086,0.059322033898305086,0.03389830508474576,0.025423728813559324,0.05084745762711865,0.06779661016949153,0.03389830508474576,0.059322033898305086,0.025423728813559324,118
0.044444444444444446,0.022222222222222223,0.044444444444444446,0.07407407407407407,0.07407407407407407,0.07407407407407407,0.044444444444444446,0.044444444444444446,0.022222222222222223,0.02962962962962963,0.02962962962962963,0.022222222222222223,0.044444444444444446,0.05185185185185185,0.06666666666666667,0.05185185185185185,0.07407407407407407,0.06666666666666667,0.05185185185185185,0.06666666666666667,135
0.0449438202247191,0.011235955056179775,0.033707865168539325,0.06741573033707865,0.06741573033707865,0.033707865168539325,0.056179775280898875,0.056179775280898875,0.06741573033707865,0.02247191011235955,0.033707865168539325,0.06741573033707865,0.033707865168539325,0.0898876404494382,0.0449438202247191,0.033707865168539325,0.06741573033707865,0.06741573033707865,0.02247191011235955,0.07865168539325842,89
0.034013605442176874,0.034013605442176874,0.02040816326530612,0.08163265306122448,0.034013605442176874,0.06802721088435375,0.061224489795918366,0.09523809523809523,0.034013605442176874,0.04081632653061224,0.07482993197278912,0.04081632653061224,0.04081632653061224,0.05442176870748299,0.04081632653061224,0.04081632653061224,0.04081632653061224,0.02040816326530612,0.06802721088435375,0.07482993197278912,147
0.06611570247933884,0.024793388429752067,0.04132231404958678,0.049586776859504134,0.06611570247933884,0.06611570247933884,0.0743801652892562,0.04132231404958678,0.049586776859504134,0.06611570247933884,0.04132231404958678,0.09090909090909091,0.05785123966942149,0.05785123966942149,0.01652892561983471,0.04132231404958678,0.03305785123966942,0.03305785123966942,0.049586776859504134,0.03305785123966942,121
0.03225806451612903,0.056451612903225805,0.10483870967741936,0.016129032258064516,0.03225806451612903,0.04838709677419355,0.03225806451612903,0.056451612903225805,0.04838709677419355,0.04838709677419355,0.06451612903225806,0.06451612903225806,0.06451612903225806,0.04838709677419355,0.04838709677419355,0.016129032258064516,0.04032258064516129,0.06451612903225806,0.03225806451612903,0.08064516129032258,124
0.04580152671755725,0.030534351145038167,0.061068702290076333,0.06870229007633588,0.061068702290076333,0.06870229007633588,0.03816793893129771,0.03816793893129771,0.030534351145038167,0.04580152671755725,0.08396946564885496,0.030534351145038167,0.04580152671755725,0.0916030534351145,0.007633587786259542,0.030534351145038167,0.08396946564885496,0.04580152671755725,0.05343511450381679,0.03816793893129771,131
0.05384615384615385,0.046153846153846156,0.06153846153846154,0.05384615384615385,0.06923076923076923,0.038461538461538464,0.06153846153846154,0.023076923076923078,0.05384615384615385,0.06923076923076923,0.07692307692307693,0.038461538461538464,0.046153846153846156,0.046153846153846156,0.03076923076923077,0.015384615384615385,0.05384615384615385,0.038461538461538464,0.06923076923076923,0.05384615384615385,130
0.08333333333333333,0.034722222222222224,0.05555555555555555,0.0625,0.04861111111111111,0.0763888888888889,0.034722222222222224,0.027777777777777776,0.06944444444444445,0.04861111111111111,0.04861111111111111,0.04861111111111111,0.020833333333333332,0.04861111111111111,0.04861111111111111,0.034722222222222224,0.04861111111111111,0.041666666666666664,0.041666666666666664,0.0763888888888889,144
0.05442176870748299,0.02040816326530612,0.034013605442176874,0.04081632653061224,0.061224489795918366,0.06802721088435375,0.08163265306122448,0.07482993197278912,0.04081632653061224,0.027210884353741496,0.04081632653061224,0.027210884353741496,0.06802721088435375,0.027210884353741496,0.04081632653061224,0.061224489795918366,0.047619047619047616,0.04081632653061224,0.07482993197278912,0.06802721088435375,147
0.06504065040650407,0.016260162601626018,0.024390243902439025,0.06504065040650407,0.056910569105691054,0.024390243902439025,0.10569105691056911,0.04878048780487805,0.04878048780487805,0.07317073170731707,0.024390243902439025,0.07317073170731707,0.056910569105691054,0.056910569105691054,0.056910569105691054,0.008130081300813009,0.06504065040650407,0.04065040650406504,0.056910569105691054,0.032520325203252036,123
0.0364963503649635,0.043795620437956206,0.043795620437956206,0.058394160583941604,0.058394160583941604,0.021897810218978103,0.08029197080291971,0.043795620437956206,0.0948905109489051,0.0364963503649635,0.0364963503649635,0.043795620437956206,0.058394160583941604,0.058394160583941604,0.072992700729927,0.058394160583941604,0.021897810218978103,0.0364963503649635,0.043795620437956206,0.051094890510948905,137
